shape_id,shape_pt_lat,shape_pt_lon,shape_pt_sequence,shape_dist_traveled
4_2577026_2576942_1,37.2818663,-76.7382079,0,0
4_2577026_2576942_1,37.280724,-76.740128,1,212
4_2577026_2576942_1,37.280077,-76.739555,2,300
4_2577026_2576942_1,37.279961,-76.739449,3,316
4_2577026_2576942_1,37.279789,-76.739281,4,340
4_2577026_2576942_1,37.279736,-76.739204,5,349
4_2577026_2576942_1,37.279655,-76.739143,6,360
4_2577026_2576942_1,37.279602,-76.739021,7,372
4_2577026_2576942_1,37.279537,-76.738754,8,397
4_2577026_2576942_1,37.279377,-76.737663,9,495
4_2577026_2576942_1,37.28009,-76.737495,10,576
4_2577026_2576942_1,37.280193,-76.737465,11,588
4_2577026_2576942_1,37.280319,-76.737427,12,602
4_2577026_2576942_1,37.28072,-76.737267,13,649
4_2577026_2576942_1,37.282574,-76.736389,14,869
4_2577026_2576942_1,37.28278,-76.736275,15,894
4_2577026_2576942_1,37.28297,-76.736145,16,918
4_2577026_2576942_1,37.283184,-76.736046,17,943
4_2577026_2576942_1,37.283512,-76.735756,18,988
4_2577026_2576942_1,37.283596,-76.735677,19,999
4_2577026_2576942_1,37.283963,-76.735319,20,1051
4_2577026_2576942_1,37.284145,-76.735146,21,1076
4_2577026_2576942_1,37.284184,-76.735115,22,1081
4_2577026_2576942_1,37.284557,-76.734795,23,1132
4_2577026_2576942_1,37.284636,-76.734739,24,1142
4_2577026_2576942_1,37.284763,-76.73465,25,1158
4_2577026_2576942_1,37.284958,-76.734535,26,1182
4_2577026_2576942_1,37.285152,-76.734436,27,1205
4_2577026_2576942_1,37.285362,-76.734337,28,1230
4_2577026_2576942_1,37.285568,-76.734261,29,1254
4_2577026_2576942_1,37.285812,-76.734192,30,1281
4_2577026_2576942_1,37.285952,-76.734161,31,1297
4_2577026_2576942_1,37.286312,-76.734085,32,1338
4_2577026_2576942_1,37.28674,-76.734051,33,1385
4_2577026_2576942_1,37.287865,-76.733963,34,1510
4_2577026_2576942_1,37.288715,-76.73391,35,1605
4_2577026_2576942_1,37.290169,-76.733826,36,1766
4_2577026_2576942_1,37.290707,-76.733849,37,1826
4_2577026_2576942_1,37.291557,-76.733986,38,1921
4_2577026_2576942_1,37.292238,-76.734101,39,1997
4_2577026_2576942_1,37.293793,-76.73436,40,2172
4_2577026_2576942_1,37.294109,-76.734428,41,2207
4_2577026_2576942_1,37.294403,-76.734528,42,2241
4_2577026_2576942_1,37.294559,-76.734604,43,2259
4_2577026_2576942_1,37.294712,-76.734695,44,2278
4_2577026_2576942_1,37.294857,-76.734802,45,2297
4_2577026_2576942_1,37.295139,-76.735085,46,2337
4_2577026_2576942_1,37.295265,-76.735245,47,2357
4_2577026_2576942_1,37.295414,-76.735479,48,2384
4_2577026_2576942_1,37.295464,-76.735565,49,2393
4_2577026_2576942_1,37.295559,-76.735756,50,2413
4_2577026_2576942_1,37.295624,-76.735924,51,2429
4_2577026_2576942_1,37.29575,-76.73632,52,2467
4_2577026_2576942_1,37.295795,-76.736542,53,2488
4_2577026_2576942_1,37.295822,-76.736717,54,2503
4_2577026_2576942_1,37.295849,-76.737122,55,2539
4_2577026_2576942_1,37.295856,-76.737541,56,2577
4_2577026_2576942_1,37.298294,-76.737495,57,2847
4_2577026_2576942_1,37.298306,-76.738487,58,2935
4_2577026_2576942_1,37.298276,-76.739184,59,2997
4_2577026_2576942_1,37.2982639,-76.7393091,60,3008
4_2577026_2576942_1,37.298252,-76.739433,61,3019
4_2577026_2576942_1,37.298206,-76.739677,62,3041
4_2577026_2576942_1,37.2981635,-76.7398271,63,3056
4_2577026_2576942_1,37.2981,-76.740051,64,3077
4_2577026_2576942_1,37.2979988,-76.7403029,65,3102
4_2577026_2576942_1,37.297916,-76.740509,66,3122
4_2577026_2576942_1,37.297817,-76.7407,67,3142
4_2577026_2576942_1,37.2977638,-76.7407838,68,3152
4_2577026_2576942_1,37.2976861,-76.7409061,69,3166
4_2577026_2576942_1,37.297657,-76.740952,70,3171
4_2577026_2576942_1,37.297737,-76.741035,71,3182
4_2577026_2576942_1,37.297868,-76.7412123,72,3204
4_2577026_2576942_1,37.297901,-76.741257,73,3209
4_2577026_2576942_1,37.2979865,-76.7413644,74,3223
4_2577026_2576942_1,37.298065,-76.741463,75,3235
4_2577026_2576942_1,37.2981452,-76.7416335,76,3252
4_2577026_2576942_1,37.298248,-76.741852,77,3275
4_2577026_2576942_1,37.2982913,-76.7419941,78,3288
4_2577026_2576942_1,37.298355,-76.742203,79,3308
4_2577026_2576942_1,37.2984957,-76.7429513,80,3376
4_2577026_2576942_1,37.2985465,-76.743221,81,3401
4_2577026_2576942_1,37.298576,-76.743378,82,3415
4_2577026_2576942_1,37.2986301,-76.74362,83,3438
4_2577026_2576942_1,37.298702,-76.743942,84,3467
4_2577026_2576942_1,37.2987663,-76.7441672,85,3488
4_2577026_2576942_1,37.298859,-76.744492,86,3519
4_2577026_2576942_1,37.2989501,-76.74477,87,3546
4_2577026_2576942_1,37.299034,-76.745026,88,3570
4_2577026_2576942_1,37.29932,-76.745743,89,3641
4_2577026_2576942_1,37.2993379,-76.7457815,90,3645
4_2577026_2576942_1,37.2994266,-76.7459725,91,3665
4_2577026_2576942_1,37.2999124,-76.7470183,92,3772
4_2577026_2576942_1,37.30002,-76.74725,93,3796
4_2577026_2576942_1,37.3002517,-76.7477488,94,3847
4_2577026_2576942_1,37.3004395,-76.7481531,95,3888
4_2577026_2576942_1,37.3005661,-76.7484256,96,3916
4_2577026_2576942_1,37.3006548,-76.7486165,97,3936
4_2577026_2576942_1,37.300766,-76.748856,98,3960
4_2577026_2576942_1,37.3008398,-76.7489802,99,3974
4_2577026_2576942_1,37.3009007,-76.7490829,100,3985
4_2577026_2576942_1,37.3009953,-76.7492244,101,4002
4_2577026_2576942_1,37.3010645,-76.7493279,102,4014
4_2577026_2576942_1,37.3010884,-76.7493604,103,4018
4_2577026_2576942_1,37.3011814,-76.7494869,104,4033
4_2577026_2576942_1,37.3012282,-76.7495505,105,4041
4_2577026_2576942_1,37.3012665,-76.7496025,106,4047
4_2577026_2576942_1,37.301288,-76.7496319,107,4050
4_2577026_2576942_1,37.3013334,-76.7496743,108,4057
4_2577026_2576942_1,37.3013949,-76.7497318,109,4065
4_2577026_2576942_1,37.3014871,-76.7498181,110,4078
4_2577026_2576942_1,37.3015239,-76.7498524,111,4083
4_2577026_2576942_1,37.30171,-76.75004,112,4110
4_2577026_2576942_1,37.3018701,-76.7501333,113,4129
4_2577026_2576942_1,37.3019811,-76.7502382,114,4145
4_2577026_2576942_1,37.3020072,-76.7502629,115,4148
4_2577026_2576942_1,37.3020607,-76.7502875,116,4155
4_2577026_2576942_1,37.3021011,-76.7503062,117,4159
4_2577026_2576942_1,37.3020607,-76.7502875,118,4164
4_2577026_2576942_1,37.3021011,-76.7503062,119,4169
4_2577026_2576942_1,37.3022223,-76.750362,120,4183
4_2577026_2576942_1,37.3023663,-76.7504284,121,4200
4_2577026_2576942_1,37.3024241,-76.7504572,122,4207
4_2577026_2576942_1,37.3025727,-76.7505313,123,4225
4_2577026_2576942_1,37.3026094,-76.750543,124,4229
4_2577026_2576942_1,37.302741,-76.750585,125,4244
4_2577026_2576942_1,37.3029267,-76.7506442,126,4265
4_2577026_2576942_1,37.3030218,-76.7506694,127,4276
4_2577026_2576942_1,37.3031319,-76.7506985,128,4289
4_2577026_2576942_1,37.3032646,-76.7507335,129,4304
4_2577026_2576942_1,37.3033828,-76.750753,130,4317
4_2577026_2576942_1,37.3034535,-76.7507647,131,4325
4_2577026_2576942_1,37.3035466,-76.7508089,132,4336
4_2577026_2576942_1,37.30359,-76.75083,133,4341
4_2577026_2576942_1,37.30364,-76.75082,134,4347
4_2577026_2576942_1,37.30367,-76.75082,135,4350
4_2577026_2576942_1,37.30371,-76.7508,136,4355
4_2577026_2576942_1,37.30376,-76.75077,137,4361
4_2577026_2576942_1,37.30379,-76.75076,138,4364
4_2577026_2576942_1,37.30378,-76.750697,139,4370
4_2577026_2576942_1,37.3038304,-76.7506819,140,4376
4_2577026_2576942_1,37.3038642,-76.7506717,141,4380
4_2577026_2576942_1,37.3038962,-76.7506621,142,4383
4_2577026_2576942_1,37.3039358,-76.7506502,143,4388
4_2577026_2576942_1,37.3039642,-76.7506417,144,4391
4_2577026_2576942_1,37.304013,-76.750627,145,4397
4_2577026_2576942_1,37.3040341,-76.7506552,146,4400
4_2577026_2576942_1,37.30406,-76.75069,147,4404
4_2577026_2576942_1,37.3041358,-76.7506932,148,4413
4_2577026_2576942_1,37.304191,-76.750723,149,4419
4_2577026_2576942_1,37.304218,-76.750732,150,4423
4_2577026_2576942_1,37.3042611,-76.7507433,151,4427
4_2577026_2576942_1,37.3043522,-76.7507671,152,4438
4_2577026_2576942_1,37.3044304,-76.7507875,153,4447
4_2577026_2576942_1,37.3044911,-76.7508034,154,4454
4_2577026_2576942_1,37.3046109,-76.7508347,155,4467
4_2577026_2576942_1,37.3047003,-76.7508581,156,4477
4_2577026_2576942_1,37.3047818,-76.7508794,157,4486
4_2577026_2576942_1,37.304895,-76.750909,158,4499
4_2577026_2576942_1,37.3049245,-76.7509187,159,4503
4_2577026_2576942_1,37.304983,-76.750938,160,4509
4_2577026_2576942_1,37.3050743,-76.7509876,161,4520
4_2577026_2576942_1,37.3052462,-76.751081,162,4541
4_2577026_2576942_1,37.305353,-76.751139,163,4554
4_2577026_2576942_1,37.305405,-76.751168,164,4561
4_2577026_2576942_1,37.3055,-76.7512,165,4571
4_2577026_2576942_1,37.30564,-76.75128,166,4589
4_2577026_2576942_1,37.30575,-76.75136,167,4603
4_2577026_2576942_1,37.30591,-76.75147,168,4623
4_2577026_2576942_1,37.30612,-76.751695,169,4654
4_2577026_2576942_1,37.306355,-76.751869,170,4684
4_2577026_2576942_1,37.3065655,-76.7520388,171,4712
4_2577026_2576942_1,37.306686,-76.752136,172,4728
4_2577026_2576942_1,37.3067837,-76.7520308,173,4742
4_2577026_2576942_1,37.3069896,-76.7518093,174,4772
4_2577026_2576942_1,37.3073215,-76.7514522,175,4821
4_2577026_2576942_1,37.307934,-76.750793,176,4910
4_2577026_2576942_1,37.308048,-76.750931,177,4928
4_2577026_2576942_1,37.3081808,-76.7510181,178,4944
4_2577026_2576942_1,37.3082567,-76.7510678,179,4954
4_2577026_2576942_1,37.30835,-76.751129,180,4966
4_2577026_2576942_1,37.308441,-76.751335,181,4986
4_2577026_2576942_1,37.308441,-76.751427,182,4995
4_2577026_2576942_1,37.308417,-76.751534,183,5004
4_2577026_2576942_1,37.308388,-76.751633,184,5014
4_2577026_2576942_1,37.308315,-76.751755,185,5027
4_2577026_2576942_1,37.308258,-76.751785,186,5034
4_2577026_2576942_1,37.308189,-76.75177,187,5042
4_2577026_2576942_1,37.307995,-76.751122,188,5103
4_2577026_2576942_1,37.308006,-76.751015,189,5113
4_2577026_2576942_1,37.308048,-76.750931,190,5122
4_2577026_2576942_1,37.307934,-76.750793,191,5139
4_2577026_2576942_1,37.3073215,-76.7514522,192,5229
4_2577026_2576942_1,37.3069896,-76.7518093,193,5277
4_2577026_2576942_1,37.3067837,-76.7520308,194,5308
4_2577026_2576942_1,37.306686,-76.752136,195,5322
4_2577026_2576942_1,37.307221,-76.752576,196,5393
4_2577026_2576942_1,37.307501,-76.752848,197,5432
4_2577026_2576942_1,37.307722,-76.753153,198,5469
4_2577026_2576942_1,37.3077696,-76.7532404,199,5478
4_2577026_2576942_1,37.307898,-76.753476,200,5503
4_2577026_2576942_1,37.308011,-76.753726,201,5529
4_2577026_2576942_1,37.308284,-76.754432,202,5598
4_2577026_2576942_1,37.30867,-76.75539,203,5694
4_2577026_2576942_1,37.308647,-76.755409,204,5697
4_2577026_2576942_1,37.308775,-76.75574,205,5729
4_2577026_2576942_1,37.30891,-76.756081,206,5763
4_2577026_2576942_1,37.309076,-76.756467,207,5802
4_2577026_2576942_1,37.3091083,-76.7565313,208,5808
4_2577026_2576942_1,37.3092,-76.756714,209,5828
4_2577026_2576942_1,37.309341,-76.756943,210,5853
4_2577026_2576942_1,37.3093918,-76.757018,211,5862
4_2577026_2576942_1,37.309444,-76.757095,212,5871
4_2577026_2576942_1,37.309597,-76.757301,213,5896
4_2577026_2576942_1,37.309834,-76.757584,214,5932
4_2577026_2576942_1,37.3099497,-76.7577105,215,5949
4_2577026_2576942_1,37.309994,-76.757759,216,5956
4_2577026_2576942_1,37.310097,-76.757866,217,5971
4_2577026_2576942_1,37.310272,-76.758018,218,5994
4_2577026_2576942_1,37.310372,-76.758097,219,6007
4_2577026_2576942_1,37.3108408,-76.7584584,220,6068
4_2577026_2576942_1,37.3109202,-76.7585196,221,6079
4_2577026_2576942_1,37.3110898,-76.7586503,222,6101
4_2577026_2576942_1,37.3115409,-76.7589981,223,6160
4_2577026_2576942_1,37.3116095,-76.7590509,224,6169
4_2577026_2576942_1,37.311812,-76.759207,225,6195
4_2577026_2576942_1,37.311848,-76.759232,226,6200
4_2577026_2576942_1,37.313209,-76.760319,227,6379
4_2577026_2576942_1,37.313504,-76.760582,228,6419
4_2577026_2576942_1,37.313637,-76.760723,229,6438
4_2577026_2576942_1,37.313889,-76.761059,230,6479
4_2577026_2576942_1,37.313995,-76.76123,231,6498
4_2577026_2576942_1,37.31411,-76.761452,232,6522
4_2577026_2576942_1,37.314194,-76.761642,233,6541
4_2577026_2576942_1,37.31428,-76.761899,234,6566
4_2577026_2576942_1,37.314377,-76.762279,235,6601
4_2577026_2576942_1,37.314401,-76.762392,236,6611
4_2577026_2576942_1,37.314423,-76.762543,237,6625
4_2577026_2576942_1,37.314451,-76.762796,238,6648
4_2577026_2576942_1,37.314465,-76.763054,239,6671
4_2577026_2576942_1,37.314461,-76.763245,240,6688
4_2577026_2576942_1,37.314419,-76.763771,241,6734
4_2577026_2576942_1,37.313929,-76.766798,242,7008
4_2577026_2576942_1,37.313589,-76.768869,243,7196
4_2577026_2576942_1,37.3134,-76.77002,244,7300
4_2577026_2576942_1,37.313377,-76.77018,245,7314
4_2577026_2576942_1,37.313446,-76.770203,246,7322
4_2577026_2576942_1,37.313377,-76.77018,247,7330
4_2577026_2576942_1,37.313202,-76.771378,248,7438
4_2577026_2576942_1,37.313049,-76.772224,249,7515
4_2577026_2576942_1,37.312977,-76.772682,250,7556
4_2577026_2576942_1,37.312906,-76.773204,251,7603
4_2577026_2576942_1,37.312901,-76.773239,252,7606
4_2577026_2576942_1,37.312885,-76.773415,253,7622
4_2577026_2576942_1,37.312874,-76.773705,254,7648
4_2577026_2576942_1,37.312878,-76.773933,255,7668
4_2577026_2576942_1,37.312901,-76.774193,256,7691
4_2577026_2576942_1,37.312931,-76.774422,257,7712
4_2577026_2576942_1,37.313,-76.774757,258,7742
4_2577026_2576942_1,37.313061,-76.774963,259,7762
4_2577026_2576942_1,37.313148,-76.775215,260,7786
4_2577026_2576942_1,37.313198,-76.77533,261,7798
4_2577026_2576942_1,37.313293,-76.77552,262,7818
4_2577026_2576942_1,37.313396,-76.775703,263,7837
4_2577026_2576942_1,37.313877,-76.776405,264,7919
4_2577026_2576942_1,37.314429,-76.777154,265,8010
4_2577026_2576942_1,37.314587,-76.777367,266,8036
4_2577026_2576942_1,37.314739,-76.777588,267,8061
4_2577026_2576942_1,37.314854,-76.777779,268,8083
4_2577026_2576942_1,37.315102,-76.77829,269,8136
4_2577026_2576942_1,37.315208,-76.77858,270,8164
4_2577026_2576942_1,37.315292,-76.778862,271,8191
4_2577026_2576942_1,37.315351,-76.779105,272,8213
4_2577026_2576942_1,37.315716,-76.780693,273,8359
4_2577026_2576942_1,37.31591,-76.781441,274,8429
4_2577026_2576942_1,37.316051,-76.781868,275,8470
4_2577026_2576942_1,37.316551,-76.783112,276,8594
4_2577026_2576942_1,37.316601,-76.783217,277,8604
4_2577026_2576942_1,37.316669,-76.783363,278,8619
4_2577026_2576942_1,37.316761,-76.783623,279,8645
4_2577026_2576942_1,37.316814,-76.783875,280,8668
4_2577026_2576942_1,37.316868,-76.784142,281,8692
4_2577026_2576942_1,37.316898,-76.784676,282,8740
4_2577026_2576942_1,37.316883,-76.78495,283,8764
4_2577026_2576942_1,37.316544,-76.787018,284,8951
4_2577026_2576942_1,37.316486,-76.787544,285,8998
4_2577026_2576942_1,37.316472,-76.787693,286,9011
4_2577026_2576942_1,37.316425,-76.788162,287,9053
4_2577026_2576942_1,37.316444,-76.7883,288,9066
4_2577026_2576942_1,37.316414,-76.788956,289,9124
4_2577026_2576942_1,37.31641,-76.789589,290,9180
4_2577026_2576942_1,37.316589,-76.789485,291,9202
4_2577026_2576942_1,37.317478,-76.788971,292,9311
4_2577026_2576942_1,37.317795,-76.788857,293,9347
4_2577026_2576942_1,37.3201,-76.788515,294,9605
4_2577026_2576942_1,37.32048,-76.788475,295,9647
4_2577026_2576942_1,37.320721,-76.788475,296,9674
4_2577026_2576942_1,37.321037,-76.788521,297,9709
4_2577026_2576942_1,37.32122,-76.788567,298,9730
4_2577026_2576942_1,37.321556,-76.788712,299,9769
4_2577026_2576942_1,37.321716,-76.788811,300,9789
4_2577026_2576942_1,37.322166,-76.789162,301,9848
4_2577026_2576942_1,37.322392,-76.789291,302,9875
4_2577026_2576942_1,37.322559,-76.78936,303,9895
4_2577026_2576942_1,37.323578,-76.789613,304,10010
4_2577026_2576942_1,37.323723,-76.78965,305,10027
4_2577026_2576942_1,37.323887,-76.789673,306,10045
4_2577026_2576942_1,37.324097,-76.789696,307,10068
4_2577026_2576942_1,37.324261,-76.789696,308,10087
4_2577026_2576942_1,37.324471,-76.789688,309,10110
4_2577026_2576942_1,37.324986,-76.789597,310,10168
4_2577026_2576942_1,37.325272,-76.789523,311,10200
4_2577026_2576942_1,37.32803,-76.788826,312,10512
4_2577026_2576942_1,37.328552,-76.788673,313,10572
4_2577026_2576942_1,37.328816,-76.788554,314,10603
4_2577026_2576942_1,37.32888,-76.788521,315,10611
4_2577026_2576942_1,37.329067,-76.788399,316,10634
4_2577026_2576942_1,37.329185,-76.7883,317,10650
4_2577026_2576942_1,37.329536,-76.787888,318,10703
4_2577026_2576942_1,37.330986,-76.785652,319,10958
4_2577026_2576942_1,37.331177,-76.785408,320,10989
4_2577026_2576942_1,37.331311,-76.785249,321,11009
4_2577026_2576942_1,37.331421,-76.785118,322,11026
4_2577026_2576942_1,37.331676,-76.784843,323,11063
4_2577026_2576942_1,37.331909,-76.784615,324,11096
4_2577026_2576942_1,37.332176,-76.784363,325,11133
4_2577026_2576942_1,37.332663,-76.783934,326,11199
4_2577026_2576942_1,37.332985,-76.783638,327,11244
4_2577026_2576942_1,37.333069,-76.783554,328,11256
4_2577026_2576942_1,37.333187,-76.783424,329,11273
4_2577026_2576942_1,37.333313,-76.783264,330,11293
4_2577026_2576942_1,37.333447,-76.783073,331,11315
4_2577026_2576942_1,37.333485,-76.783012,332,11322
4_2577026_2576942_1,37.333576,-76.782845,333,11340
4_2577026_2576942_1,37.333683,-76.782631,334,11363
4_2577026_2576942_1,37.333721,-76.782539,335,11372
4_2577026_2576942_1,37.333767,-76.782425,336,11383
4_2577026_2576942_1,37.33408,-76.781532,337,11470
4_2577026_2576942_1,37.33419,-76.78109,338,11511
4_2577026_2576942_1,37.334209,-76.780952,339,11523
4_2577026_2576942_1,37.334308,-76.780053,340,11603
4_2577026_2576942_1,37.334389,-76.779305,341,11670
4_2577026_2576942_1,37.334412,-76.778961,342,11701
4_2577026_2576942_1,37.334415,-76.778618,343,11731
4_2577026_2576942_1,37.334412,-76.778282,344,11761
4_2577026_2576942_1,37.334377,-76.777405,345,11839
4_2577026_2576942_1,37.334419,-76.77697,346,11878
4_2577026_2576942_1,37.334473,-76.776718,347,11901
4_2577026_2576942_1,37.334496,-76.776634,348,11909
4_2577026_2576942_1,37.334694,-76.776039,349,11966
4_2577026_2576942_1,37.334856,-76.775579,350,12010
4_2577026_2576942_1,37.335551,-76.773613,351,12201
4_2577026_2576942_1,37.337019,-76.769438,352,12605
4_2577026_2576942_1,37.337639,-76.76767,353,12776
4_2577026_2576942_1,37.338234,-76.765976,354,12940
4_2577026_2576942_1,37.338333,-76.765686,355,12968
4_2577026_2576942_1,37.338467,-76.765205,356,13013
4_2577026_2576942_1,37.338573,-76.764717,357,13058
4_2577026_2576942_1,37.338783,-76.763306,358,13185
4_2577026_2576942_1,37.338788,-76.763265,359,13189
4_2577026_2576942_1,37.3388148,-76.7629892,360,13213
4_2577026_2576942_1,37.3388226,-76.7629089,361,13221
4_2577026_2576942_1,37.338867,-76.762451,362,13262
4_2577026_2576942_1,37.3388844,-76.7622105,363,13283
4_2577026_2576942_1,37.338894,-76.762077,364,13295
4_2577026_2576942_1,37.3389062,-76.7616598,365,13332
4_2577026_2576942_1,37.338909,-76.761566,366,13340
4_2577026_2576942_1,37.338875,-76.760597,367,13426
4_2577026_2576942_1,37.338852,-76.760315,368,13451
4_2577026_2576942_1,37.3388107,-76.7600498,369,13475
4_2577026_2576942_1,37.338795,-76.759949,370,13484
4_2577026_2576942_1,37.338776,-76.759865,371,13492
4_2577026_2576942_1,37.3387467,-76.7597614,372,13502
4_2577026_2576942_1,37.338722,-76.759674,373,13510
4_2577026_2576942_1,37.338688,-76.759567,374,13520
4_2577026_2576942_1,37.338636,-76.7594222,375,13534
4_2577026_2576942_1,37.3385994,-76.7593203,376,13544
4_2577026_2576942_1,37.3385462,-76.7591721,377,13558
4_2577026_2576942_1,37.3384747,-76.758973,378,13578
4_2577026_2576942_1,37.338368,-76.758676,379,13607
4_2577026_2576942_1,37.338261,-76.758537,380,13624
4_2577026_2576942_1,37.337822,-76.757439,381,13733
4_2577026_2576942_1,37.337727,-76.757004,382,13773
4_2577026_2576942_1,37.337696,-76.756439,383,13823
4_2577026_2576942_1,37.337757,-76.755951,384,13866
4_2577026_2576942_1,37.337856,-76.755531,385,13905
4_2577026_2576942_1,37.338177,-76.754377,386,14014
4_2577026_2576942_1,37.338306,-76.753929,387,14056
4_2577026_2576942_1,37.338474,-76.753372,388,14109
4_2577026_2576942_1,37.338524,-76.753242,389,14121
4_2577026_2576942_1,37.338684,-76.753021,390,14148
4_2577026_2576942_1,37.338824,-76.7531742,391,14168
4_2577026_2576942_1,37.339012,-76.75338,392,14196
4_2577026_2576942_1,37.3390473,-76.7534143,393,14201
4_2577026_2576942_1,37.339233,-76.7535951,394,14227
4_2577026_2576942_1,37.33942,-76.753777,395,14253
4_2577026_2576942_1,37.33968,-76.75399,396,14288
4_2577026_2576942_1,37.3401063,-76.7542883,397,14342
4_2577026_2576942_1,37.340203,-76.754356,398,14354
4_2577026_2576942_1,37.340469,-76.753578,399,14429
4_2577026_2576942_1,37.340607,-76.753197,400,14466
4_2577026_2576942_1,37.340691,-76.752991,401,14487
4_2577026_2576942_1,37.341237,-76.751803,402,14608
4_2577026_2576942_1,37.34193,-76.750285,403,14763
4_2577026_2576942_1,37.342731,-76.74855,404,14941
4_2577026_2576942_1,37.342865,-76.74823,405,14973
4_2577026_2576942_1,37.343068,-76.747828,406,15015
4_2577026_2576942_1,37.343109,-76.747749,407,15023
4_2577026_2576942_1,37.343231,-76.747536,408,15047
4_2577026_2576942_1,37.34341,-76.747292,409,15076
4_2577026_2576942_1,37.343552,-76.747131,410,15097
4_2577026_2576942_1,37.344444,-76.7463,411,15221
4_2577026_2576942_1,37.344841,-76.745888,412,15278
4_2577026_2576942_1,37.345036,-76.745651,413,15308
4_2577026_2576942_1,37.345135,-76.745506,414,15325
4_2577026_2576942_1,37.345303,-76.745237,415,15355
4_2577026_2576942_1,37.3454,-76.74507,416,15373
4_2577026_2576942_1,37.34547,-76.74496,417,15386
4_2577026_2576942_1,37.345387,-76.744896,418,15397
4_2577026_2576942_1,37.345119,-76.744637,419,15434
4_2577026_2576942_1,37.345009,-76.744507,420,15451
4_2577026_2576942_1,37.344933,-76.7444,421,15464
4_2577026_2576942_1,37.344158,-76.743164,422,15603
4_2577026_2576942_1,37.344125,-76.743113,423,15609
4_2577026_2576942_1,37.343251,-76.741751,424,15764
4_2577026_2576942_1,37.342949,-76.74128,425,15817
4_2577026_2576942_1,37.3429217,-76.7412382,426,15822
4_2577026_2576942_1,37.3427993,-76.7410507,427,15843
4_2577026_2576942_1,37.3427519,-76.740978,428,15852
4_2577026_2576942_1,37.342598,-76.7407421,429,15879
4_2577026_2576942_1,37.3424084,-76.7404516,430,15912
4_2577026_2576942_1,37.342346,-76.740356,431,15923
4_2577026_2576942_1,37.342159,-76.740105,432,15953
4_2577026_2576942_1,37.3421184,-76.7400624,433,15959
4_2577026_2576942_1,37.342079,-76.740021,434,15965
4_2577026_2576942_1,37.3420034,-76.7399447,435,15976
4_2577026_2576942_1,37.341965,-76.739906,436,15981
4_2577026_2576942_1,37.342064,-76.739792,437,15996
4_2577026_2576942_1,37.342204,-76.739667,438,16015
4_2577026_2576942_1,37.3422524,-76.7396243,439,16022
4_2577026_2576942_1,37.342365,-76.739525,440,16037
4_2577026_2576942_1,37.342491,-76.739426,441,16053
4_2577026_2576942_1,37.3425282,-76.7394051,442,16058
4_2577026_2576942_1,37.342628,-76.739349,443,16070
4_2577026_2576942_1,37.342739,-76.739304,444,16083
4_2577026_2576942_1,37.342907,-76.739258,445,16102
4_2577026_2576942_1,37.343021,-76.739243,446,16115
4_2577026_2576942_1,37.343163,-76.739243,447,16131
4_2577026_2576942_1,37.3432002,-76.7392461,448,16135
4_2577026_2576942_1,37.343246,-76.73925,449,16140
4_2577026_2576942_1,37.34333,-76.7392698,450,16149
4_2577026_2576942_1,37.343407,-76.739288,451,16158
4_2577026_2576942_1,37.343536,-76.739334,452,16173
4_2577026_2576942_1,37.343689,-76.739418,453,16191
4_2577026_2576942_1,37.343815,-76.73951,454,16208
4_2577026_2576942_1,37.3439281,-76.7396231,455,16224
4_2577026_2576942_1,37.34396,-76.739655,456,16228
4_2577026_2576942_1,37.344,-76.7397,457,16234
4_2577026_2576942_1,37.344036,-76.739746,458,16240
4_2577026_2576942_1,37.344135,-76.739883,459,16256
4_2577026_2576942_1,37.3442113,-76.7399987,460,16270
4_2577026_2576942_1,37.344311,-76.74015,461,16287
4_2577026_2576942_1,37.344433,-76.740295,462,16306
4_2577026_2576942_1,37.344521,-76.740364,463,16317
4_2577026_2576942_1,37.344696,-76.740479,464,16339
4_2577026_2576942_1,37.344799,-76.740532,465,16351
4_2577026_2576942_1,37.344921,-76.74057,466,16365
4_2577026_2576942_1,37.3450212,-76.7405914,467,16377
4_2577026_2576942_1,37.345169,-76.740623,468,16393
4_2577026_2576942_1,37.345325,-76.740623,469,16411
4_2577026_2576942_1,37.345478,-76.740585,470,16428
4_2577026_2576942_1,37.3455402,-76.740561,471,16435
4_2577026_2576942_1,37.345654,-76.740517,472,16448
4_2577026_2576942_1,37.3457672,-76.7404432,473,16463
4_2577026_2576942_1,37.345924,-76.740341,474,16482
4_2577026_2576942_1,37.3460258,-76.7402431,475,16496
4_2577026_2576942_1,37.346285,-76.739994,476,16533
4_2577026_2576942_1,37.3463804,-76.7399006,477,16546
4_2577026_2576942_1,37.346577,-76.739708,478,16574
4_2577026_2576942_1,37.346771,-76.739532,479,16600
4_2577026_2576942_1,37.346836,-76.739498,480,16608
4_2577026_2576942_1,37.346928,-76.739449,481,16619
4_2577026_2576942_1,37.34663,-76.738991,482,16672
4_2577026_2576942_1,37.346607,-76.738823,483,16687
4_2577026_2576942_1,37.346603,-76.738754,484,16693
4_2577026_2576942_1,37.346575,-76.7381203,485,16749
4_2577026_2576942_1,37.346568,-76.737962,486,16763
4_2577026_2576942_1,37.346546,-76.73732,487,16820
4_2577026_2576942_1,37.346603,-76.737,488,16849
4_2577026_2576942_1,37.346786,-76.736885,489,16872
4_2577026_2576942_1,37.346344,-76.736412,490,16936
4_2577026_2576942_1,37.34592,-76.736445,491,16984
4_2577026_2576942_1,37.34564,-76.736467,492,17015
4_2577026_2576942_1,37.344475,-76.736557,493,17144
4_2577026_2576942_1,37.34453,-76.7379999,494,17272
7_2577091_2576942,37.276314,-76.7082753,0,0
7_2577091_2576942,37.276554,-76.709106,1,78
7_2577091_2576942,37.275562,-76.70903,2,189
7_2577091_2576942,37.275425,-76.707794,3,299
7_2577091_2576942,37.275482,-76.706161,4,444
7_2577091_2576942,37.27594,-76.706192,5,495
7_2577091_2576942,37.27647,-76.706139,6,554
7_2577091_2576942,37.27692,-76.706001,7,606
7_2577091_2576942,37.277077,-76.705925,8,624
7_2577091_2576942,37.277382,-76.705734,9,662
7_2577091_2576942,37.277702,-76.705414,10,708
7_2577091_2576942,37.278103,-76.704964,11,767
7_2577091_2576942,37.278488,-76.704399,12,833
7_2577091_2576942,37.278828,-76.703964,13,887
7_2577091_2576942,37.279175,-76.703407,14,950
7_2577091_2576942,37.279417,-76.703071,15,990
7_2577091_2576942,37.2799,-76.7024,16,1070
7_2577091_2576942,37.280167,-76.70211,17,1109
7_2577091_2576942,37.280338,-76.701996,18,1131
7_2577091_2576942,37.280617,-76.701935,19,1162
7_2577091_2576942,37.280895,-76.701942,20,1193
7_2577091_2576942,37.281052,-76.701981,21,1211
7_2577091_2576942,37.281487,-76.702026,22,1259
7_2577091_2576942,37.282246,-76.701912,23,1344
7_2577091_2576942,37.282398,-76.701866,24,1361
7_2577091_2576942,37.282745,-76.701714,25,1402
7_2577091_2576942,37.282906,-76.701569,26,1424
7_2577091_2576942,37.283596,-76.701103,27,1511
7_2577091_2576942,37.284138,-76.700699,28,1581
7_2577091_2576942,37.284368,-76.705301,29,1990
7_2577091_2576942,37.28437,-76.7053,30,1990
7_2577091_2576942,37.28439,-76.70571,31,2027
7_2577091_2576942,37.28441,-76.70616,32,2067
7_2577091_2576942,37.28449,-76.70789,33,2220
7_2577091_2576942,37.28451,-76.70832,34,2259
7_2577091_2576942,37.28452,-76.70859,35,2282
7_2577091_2576942,37.28455,-76.70915,36,2332
7_2577091_2576942,37.28456,-76.70929,37,2345
7_2577091_2576942,37.28457,-76.70941,38,2355
7_2577091_2576942,37.28457,-76.70954,39,2367
7_2577091_2576942,37.28458,-76.70961,40,2373
7_2577091_2576942,37.28458,-76.70978,41,2388
7_2577091_2576942,37.28461,-76.71031,42,2435
7_2577091_2576942,37.28462,-76.7105,43,2452
7_2577091_2576942,37.28462,-76.71058,44,2459
7_2577091_2576942,37.28463,-76.71069,45,2469
7_2577091_2576942,37.28466,-76.71149,46,2540
7_2577091_2576942,37.28467,-76.7116,47,2550
7_2577091_2576942,37.28468,-76.71188,48,2575
7_2577091_2576942,37.28471,-76.71237,49,2618
7_2577091_2576942,37.28473,-76.71279,50,2656
7_2577091_2576942,37.28473,-76.71293,51,2668
7_2577091_2576942,37.28475,-76.71334,52,2705
7_2577091_2576942,37.2848,-76.71415,53,2777
7_2577091_2576942,37.28482,-76.71476,54,2831
7_2577091_2576942,37.28485,-76.71517,55,2867
7_2577091_2576942,37.28486,-76.71526,56,2875
7_2577091_2576942,37.28486,-76.715274,57,2877
7_2577091_2576942,37.284934,-76.715928,58,2935
7_2577091_2576942,37.285018,-76.716351,59,2974
7_2577091_2576942,37.285185,-76.717001,60,3034
7_2577091_2576942,37.285367,-76.716954,61,3055
7_2577091_2576942,37.286888,-76.716825,62,3224
7_2577091_2576942,37.287038,-76.717842,63,3316
7_2577091_2576942,37.287117,-76.718834,64,3404
7_2577091_2576942,37.287209,-76.719276,65,3445
7_2577091_2576942,37.287266,-76.71946,66,3462
7_2577091_2576942,37.287403,-76.719788,67,3495
7_2577091_2576942,37.287479,-76.71994,68,3511
7_2577091_2576942,37.287689,-76.720253,69,3547
7_2577091_2576942,37.287903,-76.720482,70,3578
7_2577091_2576942,37.28804,-76.720604,71,3597
7_2577091_2576942,37.288277,-76.720772,72,3627
7_2577091_2576942,37.290368,-76.72169,73,3873
7_2577091_2576942,37.294169,-76.723345,74,4320
7_2577091_2576942,37.294978,-76.723668,75,4414
7_2577091_2576942,37.296432,-76.724167,76,4581
7_2577091_2576942,37.298851,-76.725218,77,4866
7_2577091_2576942,37.299709,-76.725616,78,4967
7_2577091_2576942,37.300781,-76.726204,79,5097
7_2577091_2576942,37.301388,-76.726501,80,5169
7_2577091_2576942,37.302731,-76.727089,81,5327
7_2577091_2576942,37.303055,-76.727211,82,5365
7_2577091_2576942,37.303322,-76.72728,83,5395
7_2577091_2576942,37.303993,-76.727364,84,5470
7_2577091_2576942,37.304214,-76.727409,85,5495
7_2577091_2576942,37.30481,-76.727554,86,5562
7_2577091_2576942,37.306049,-76.72789,87,5703
7_2577091_2576942,37.306477,-76.728027,88,5752
7_2577091_2576942,37.306725,-76.728127,89,5781
7_2577091_2576942,37.307423,-76.72847,90,5864
7_2577091_2576942,37.308018,-76.72876,91,5935
7_2577091_2576942,37.308453,-76.728905,92,5985
7_2577091_2576942,37.30867,-76.728951,93,6009
7_2577091_2576942,37.309139,-76.728981,94,6061
7_2577091_2576942,37.309792,-76.728935,95,6134
7_2577091_2576942,37.310101,-76.728928,96,6168
7_2577091_2576942,37.310474,-76.728966,97,6210
7_2577091_2576942,37.313457,-76.729713,98,6547
7_2577091_2576942,37.313816,-76.729836,99,6589
7_2577091_2576942,37.313972,-76.729919,100,6607
7_2577091_2576942,37.314182,-76.730042,101,6633
7_2577091_2576942,37.314507,-76.730278,102,6675
7_2577091_2576942,37.314667,-76.73037,103,6694
7_2577091_2576942,37.314869,-76.730476,104,6719
7_2577091_2576942,37.315521,-76.730766,105,6795
7_2577091_2576942,37.315884,-76.730988,106,6840
7_2577091_2576942,37.316052,-76.731114,107,6862
7_2577091_2576942,37.316578,-76.731529,108,6931
7_2577091_2576942,37.316811,-76.731773,109,6965
7_2577091_2576942,37.316986,-76.73204,110,6995
7_2577091_2576942,37.317589,-76.733253,111,7122
7_2577091_2576942,37.317722,-76.73349,112,7148
7_2577091_2576942,37.317879,-76.733681,113,7172
7_2577091_2576942,37.318108,-76.733879,114,7203
7_2577091_2576942,37.318291,-76.733978,115,7225
7_2577091_2576942,37.318581,-76.734062,116,7258
7_2577091_2576942,37.319012,-76.734085,117,7306
7_2577091_2576942,37.319824,-76.734169,118,7396
7_2577091_2576942,37.320164,-76.734268,119,7435
7_2577091_2576942,37.320358,-76.734344,120,7457
7_2577091_2576942,37.320515,-76.734436,121,7477
7_2577091_2576942,37.322384,-76.735611,122,7709
7_2577091_2576942,37.322685,-76.735771,123,7745
7_2577091_2576942,37.322884,-76.735847,124,7768
7_2577091_2576942,37.323238,-76.735931,125,7808
7_2577091_2576942,37.323441,-76.735947,126,7831
7_2577091_2576942,37.323711,-76.735943,127,7861
7_2577091_2576942,37.324409,-76.735909,128,7938
7_2577091_2576942,37.32478,-76.735863,129,7980
7_2577091_2576942,37.324963,-76.735825,130,8000
7_2577091_2576942,37.325806,-76.735558,131,8097
7_2577091_2576942,37.326111,-76.735504,132,8131
7_2577091_2576942,37.326313,-76.735497,133,8153
7_2577091_2576942,37.326538,-76.735512,134,8178
7_2577091_2576942,37.326809,-76.735558,135,8209
7_2577091_2576942,37.326939,-76.735565,136,8223
7_2577091_2576942,37.327045,-76.735565,137,8235
7_2577091_2576942,37.327179,-76.735542,138,8250
7_2577091_2576942,37.327461,-76.735458,139,8282
7_2577091_2576942,37.328312,-76.735153,140,8380
7_2577091_2576942,37.329163,-76.734749,141,8481
7_2577091_2576942,37.329521,-76.734619,142,8523
7_2577091_2576942,37.329758,-76.734558,143,8549
7_2577091_2576942,37.330799,-76.734497,144,8665
7_2577091_2576942,37.331028,-76.734505,145,8690
7_2577091_2576942,37.331257,-76.734535,146,8716
7_2577091_2576942,37.331429,-76.734573,147,8735
7_2577091_2576942,37.331905,-76.734756,148,8791
7_2577091_2576942,37.332237,-76.734955,149,8832
7_2577091_2576942,37.332448,-76.735111,150,8859
7_2577091_2576942,37.333096,-76.735687,151,8947
7_2577091_2576942,37.333347,-76.73587,152,8979
7_2577091_2576942,37.333691,-76.736076,153,9021
7_2577091_2576942,37.340382,-76.738609,154,9797
7_2577091_2576942,37.34066,-76.738724,155,9830
7_2577091_2576942,37.340888,-76.738846,156,9857
7_2577091_2576942,37.34129,-76.739105,157,9907
7_2577091_2576942,37.341618,-76.739357,158,9950
7_2577091_2576942,37.342064,-76.739792,159,10013
7_2577091_2576942,37.342491,-76.739426,160,10070
7_2577091_2576942,37.342739,-76.739304,161,10100
7_2577091_2576942,37.342907,-76.739258,162,10119
7_2577091_2576942,37.343163,-76.739243,163,10147
7_2577091_2576942,37.343407,-76.739288,164,10175
7_2577091_2576942,37.343536,-76.739334,165,10189
7_2577091_2576942,37.343689,-76.739418,166,10208
7_2577091_2576942,37.343815,-76.73951,167,10224
7_2577091_2576942,37.34396,-76.739655,168,10245
7_2577091_2576942,37.344135,-76.739883,169,10273
7_2577091_2576942,37.344311,-76.74015,170,10304
7_2577091_2576942,37.344433,-76.740295,171,10322
7_2577091_2576942,37.344521,-76.740364,172,10334
7_2577091_2576942,37.344799,-76.740532,173,10368
7_2577091_2576942,37.345169,-76.740623,174,10410
7_2577091_2576942,37.345325,-76.740623,175,10427
7_2577091_2576942,37.345478,-76.740585,176,10444
7_2577091_2576942,37.345654,-76.740517,177,10465
7_2577091_2576942,37.345924,-76.740341,178,10499
7_2577091_2576942,37.346771,-76.739532,179,10617
7_2577091_2576942,37.346928,-76.739449,180,10636
7_2577091_2576942,37.348286,-76.738167,181,10824
7_2577091_2576942,37.348508,-76.737947,182,10856
7_2577091_2576942,37.348885,-76.737587,183,10908
7_2577091_2576942,37.349487,-76.736916,184,10998
7_2577091_2576942,37.34993,-76.736343,185,11069
7_2577091_2576942,37.350201,-76.735947,186,11115
7_2577091_2576942,37.350666,-76.735207,187,11198
7_2577091_2576942,37.350815,-76.734879,188,11232
7_2577091_2576942,37.350876,-76.734703,189,11249
7_2577091_2576942,37.350952,-76.734329,190,11283
7_2577091_2576942,37.35104,-76.731766,191,11510
7_2577091_2576942,37.351036,-76.731483,192,11535
7_2577091_2576942,37.35099,-76.730988,193,11579
7_2577091_2576942,37.350883,-76.73056,194,11619
7_2577091_2576942,37.35083,-76.730408,195,11634
7_2577091_2576942,37.350716,-76.730164,196,11659
7_2577091_2576942,37.350517,-76.729843,197,11695
7_2577091_2576942,37.350388,-76.729675,198,11715
7_2577091_2576942,37.349884,-76.729111,199,11790
7_2577091_2576942,37.349514,-76.729591,200,11850
7_2577091_2576942,37.349453,-76.729619,201,11857
7_2577091_2576942,37.34941,-76.72964,202,11862
7_2577091_2576942,37.34923,-76.72989,203,11892
7_2577091_2576942,37.34909,-76.73009,204,11915
7_2577091_2576942,37.34911,-76.73019,205,11924
7_2577091_2576942,37.34912,-76.73026,206,11931
7_2577091_2576942,37.34951,-76.7307,207,11989
7_2577091_2576942,37.34963,-76.73083,208,12007
7_2577091_2576942,37.34948,-76.73093,209,12025
7_2577091_2576942,37.34931,-76.73104,210,12047
7_2577091_2576942,37.34919,-76.73091,211,12064
7_2577091_2576942,37.348977,-76.730614,212,12100
7_2577091_2576942,37.349107,-76.730532,213,12116
7_2577091_2576942,37.349109,-76.73006,214,12158
7_2577091_2576942,37.34909,-76.73009,215,12161
7_2577091_2576942,37.34919,-76.72994,216,12178
7_2577091_2576942,37.34923,-76.72989,217,12185
7_2577091_2576942,37.34941,-76.72964,218,12214
7_2577091_2576942,37.34944,-76.72951,219,12226
7_2577091_2576942,37.34979,-76.729,220,12286
7_2577091_2576942,37.34989,-76.72911,221,12301
7_2577091_2576942,37.35039,-76.72967,222,12375
7_2577091_2576942,37.35052,-76.72985,223,12397
7_2577091_2576942,37.35062,-76.72999,224,12413
7_2577091_2576942,37.35071,-76.73016,225,12431
7_2577091_2576942,37.35076,-76.73025,226,12441
7_2577091_2576942,37.35083,-76.73041,227,12457
7_2577091_2576942,37.35088,-76.73056,228,12472
7_2577091_2576942,37.35095,-76.73079,229,12493
7_2577091_2576942,37.35099,-76.73099,230,12512
7_2577091_2576942,37.35102,-76.7312,231,12531
7_2577091_2576942,37.35104,-76.73148,232,12555
7_2577091_2576942,37.35104,-76.73177,233,12581
7_2577091_2576942,37.35101,-76.73256,234,12651
7_2577091_2576942,37.351,-76.73291,235,12682
7_2577091_2576942,37.35098,-76.73372,236,12754
7_2577091_2576942,37.35097,-76.73414,237,12791
7_2577091_2576942,37.35095,-76.73433,238,12808
7_2577091_2576942,37.35093,-76.73445,239,12819
7_2577091_2576942,37.350933,-76.734451,240,12819
7_2577091_2576942,37.350876,-76.734703,241,12843
7_2577091_2576942,37.350815,-76.734879,242,12860
7_2577091_2576942,37.350666,-76.735207,243,12893
7_2577091_2576942,37.350201,-76.735947,244,12977
7_2577091_2576942,37.349983,-76.736267,245,13014
7_2577091_2576942,37.34993,-76.736343,246,13023
7_2577091_2576942,37.349747,-76.736588,247,13052
7_2577091_2576942,37.349487,-76.736916,248,13093
7_2577091_2576942,37.348885,-76.737587,249,13183
7_2577091_2576942,37.346928,-76.739449,250,13456
7_2577091_2576942,37.34663,-76.738991,251,13508
7_2577091_2576942,37.346603,-76.738754,252,13529
7_2577091_2576942,37.346546,-76.73732,253,13656
7_2577091_2576942,37.346603,-76.737,254,13685
7_2577091_2576942,37.346786,-76.736885,255,13708
7_2577091_2576942,37.346344,-76.736412,256,13773
7_2577091_2576942,37.34592,-76.736445,257,13820
7_2577091_2576942,37.344475,-76.736557,258,13980
7_2577091_2576942,37.3445345,-76.7380001,259,14108
15_2577091_3423007,37.2763185,-76.7082726,0,0
15_2577091_3423007,37.27634,-76.70835,1,7
15_2577091_3423007,37.27637,-76.70846,2,18
15_2577091_3423007,37.2764,-76.70857,3,28
15_2577091_3423007,37.27651,-76.70897,4,65
15_2577091_3423007,37.27652,-76.709,5,68
15_2577091_3423007,37.27655,-76.70911,6,79
15_2577091_3423007,37.27637,-76.7091,7,99
15_2577091_3423007,37.27629,-76.70909,8,107
15_2577091_3423007,37.27607,-76.70908,9,132
15_2577091_3423007,37.27595,-76.70907,10,145
15_2577091_3423007,37.27563,-76.70904,11,181
15_2577091_3423007,37.27556,-76.70903,12,189
15_2577091_3423007,37.27556,-76.70896,13,195
15_2577091_3423007,37.27555,-76.7089,14,200
15_2577091_3423007,37.27553,-76.7087,15,218
15_2577091_3423007,37.27549,-76.70842,16,243
15_2577091_3423007,37.27546,-76.70819,17,264
15_2577091_3423007,37.27543,-76.70792,18,288
15_2577091_3423007,37.27543,-76.70788,19,292
15_2577091_3423007,37.27543,-76.7078,20,299
15_2577091_3423007,37.27543,-76.70773,21,305
15_2577091_3423007,37.27542,-76.70767,22,311
15_2577091_3423007,37.27546,-76.70683,23,385
15_2577091_3423007,37.27548,-76.70631,24,431
15_2577091_3423007,37.27548,-76.70628,25,434
15_2577091_3423007,37.27548,-76.70616,26,445
15_2577091_3423007,37.27559,-76.70617,27,457
15_2577091_3423007,37.2757,-76.70618,28,469
15_2577091_3423007,37.27585,-76.70619,29,486
15_2577091_3423007,37.27589,-76.70619,30,490
15_2577091_3423007,37.27593,-76.70619,31,495
15_2577091_3423007,37.27594,-76.70619,32,496
15_2577091_3423007,37.27611,-76.70618,33,515
15_2577091_3423007,37.27631,-76.70616,34,537
15_2577091_3423007,37.27647,-76.70614,35,555
15_2577091_3423007,37.27663,-76.7061,36,573
15_2577091_3423007,37.27678,-76.70606,37,590
15_2577091_3423007,37.27692,-76.706,38,606
15_2577091_3423007,37.27708,-76.70593,39,625
15_2577091_3423007,37.2772,-76.70585,40,640
15_2577091_3423007,37.27722,-76.70584,41,643
15_2577091_3423007,37.27738,-76.70573,42,663
15_2577091_3423007,37.2775,-76.70561,43,680
15_2577091_3423007,37.27757,-76.70555,44,689
15_2577091_3423007,37.27774,-76.70538,45,714
15_2577091_3423007,37.2781,-76.70497,46,768
15_2577091_3423007,37.27829,-76.70469,47,800
15_2577091_3423007,37.27849,-76.7044,48,834
15_2577091_3423007,37.27883,-76.70396,49,888
15_2577091_3423007,37.27918,-76.7034,50,951
15_2577091_3423007,37.2799,-76.7024,51,1071
15_2577091_3423007,37.27998,-76.70218,52,1092
15_2577091_3423007,37.27999,-76.70196,53,1112
15_2577091_3423007,37.27994,-76.70175,54,1131
15_2577091_3423007,37.27967,-76.70141,55,1174
15_2577091_3423007,37.2795,-76.70119,56,1201
15_2577091_3423007,37.27902,-76.70066,57,1272
15_2577091_3423007,37.27872,-76.70034,58,1316
15_2577091_3423007,37.27835,-76.70003,59,1365
15_2577091_3423007,37.2782,-76.6999,60,1385
15_2577091_3423007,37.27797,-76.69971,61,1416
15_2577091_3423007,37.27781,-76.69958,62,1437
15_2577091_3423007,37.277864,-76.699473,63,1448
15_2577091_3423007,37.2779,-76.6994,64,1456
15_2577091_3423007,37.27843,-76.69871,65,1541
15_2577091_3423007,37.278492,-76.698641,66,1550
15_2577091_3423007,37.27849,-76.69864,67,1550
15_2577091_3423007,37.27859,-76.69853,68,1565
15_2577091_3423007,37.27866,-76.69844,69,1576
15_2577091_3423007,37.27873,-76.69836,70,1587
15_2577091_3423007,37.27901,-76.69803,71,1629
15_2577091_3423007,37.27913,-76.69788,72,1648
15_2577091_3423007,37.27918,-76.69771,73,1664
15_2577091_3423007,37.27916,-76.69763,74,1672
15_2577091_3423007,37.27915,-76.69752,75,1681
15_2577091_3423007,37.27915,-76.69743,76,1689
15_2577091_3423007,37.27918,-76.69736,77,1696
15_2577091_3423007,37.27923,-76.69733,78,1703
15_2577091_3423007,37.27924,-76.69733,79,1704
15_2577091_3423007,37.2793,-76.69733,80,1710
15_2577091_3423007,37.27935,-76.69739,81,1718
15_2577091_3423007,37.27938,-76.69749,82,1727
15_2577091_3423007,37.27934,-76.69759,83,1737
15_2577091_3423007,37.27918,-76.69771,84,1758
15_2577091_3423007,37.27913,-76.69788,85,1774
15_2577091_3423007,37.27901,-76.69803,86,1793
15_2577091_3423007,37.27873,-76.69836,87,1836
15_2577091_3423007,37.27866,-76.69844,88,1846
15_2577091_3423007,37.27859,-76.69853,89,1857
15_2577091_3423007,37.27875,-76.69885,90,1891
15_2577091_3423007,37.278901,-76.699001,91,1912
15_2577091_3423007,37.2789,-76.699,92,1912
15_2577091_3423007,37.27904,-76.69914,93,1932
15_2577091_3423007,37.27909,-76.69921,94,1941
15_2577091_3423007,37.27909,-76.69923,95,1942
15_2577091_3423007,37.27909,-76.69921,96,1944
15_2577091_3423007,37.27904,-76.69914,97,1952
15_2577091_3423007,37.27875,-76.69885,98,1994
15_2577091_3423007,37.27859,-76.69853,99,2027
15_2577091_3423007,37.27843,-76.69871,100,2051
15_2577091_3423007,37.2779,-76.6994,101,2136
15_2577091_3423007,37.27781,-76.69958,102,2155
15_2577091_3423007,37.27757,-76.69938,103,2187
15_2577091_3423007,37.27721,-76.69908,104,2235
15_2577091_3423007,37.27695,-76.69895,105,2266
15_2577091_3423007,37.27682,-76.69891,106,2281
15_2577091_3423007,37.27646,-76.69888,107,2321
15_2577091_3423007,37.27615,-76.69892,108,2355
15_2577091_3423007,37.27582,-76.69895,109,2392
15_2577091_3423007,37.27472,-76.69909,110,2515
15_2577091_3423007,37.27459,-76.69914,111,2530
15_2577091_3423007,37.27449,-76.69919,112,2542
15_2577091_3423007,37.27444,-76.69923,113,2548
15_2577091_3423007,37.27439,-76.69927,114,2555
15_2577091_3423007,37.27434,-76.69933,115,2563
15_2577091_3423007,37.2743,-76.69939,116,2570
15_2577091_3423007,37.27427,-76.69946,117,2577
15_2577091_3423007,37.27425,-76.69952,118,2582
15_2577091_3423007,37.27425,-76.69953,119,2583
15_2577091_3423007,37.27418,-76.69977,120,2606
15_2577091_3423007,37.27416,-76.69998,121,2625
15_2577091_3423007,37.27415,-76.70009,122,2634
15_2577091_3423007,37.27415,-76.70022,123,2646
15_2577091_3423007,37.27423,-76.70023,124,2655
15_2577091_3423007,37.27473,-76.70026,125,2710
15_2577091_3423007,37.27512,-76.70031,126,2754
15_2577091_3423007,37.27512,-76.70049,127,2770
15_2577091_3423007,37.2751,-76.70054,128,2775
15_2577091_3423007,37.27501,-76.70069,129,2792
15_2577091_3423007,37.27499,-76.70072,130,2795
15_2577091_3423007,37.27496,-76.70072,131,2798
15_2577091_3423007,37.27488,-76.70072,132,2807
15_2577091_3423007,37.27483,-76.7007,133,2813
15_2577091_3423007,37.27478,-76.7007,134,2819
15_2577091_3423007,37.2747,-76.70062,135,2830
15_2577091_3423007,37.27472,-76.70026,136,2862
15_2577091_3423007,37.27512,-76.70031,137,2907
15_2577091_3423007,37.27513,-76.70031,138,2908
15_2577091_3423007,37.27515,-76.70031,139,2910
15_2577091_3423007,37.2752,-76.70032,140,2915
15_2577091_3423007,37.27529,-76.7003,141,2926
15_2577091_3423007,37.27535,-76.70027,142,2933
15_2577091_3423007,37.27534,-76.69978,143,2976
15_2577091_3423007,37.27531,-76.69923,144,3025
15_2577091_3423007,37.27528,-76.6989,145,3055
15_2577091_3423007,37.27524,-76.69847,146,3093
15_2577091_3423007,37.27518,-76.69803,147,3133
15_2577091_3423007,37.27516,-76.69794,148,3141
15_2577091_3423007,37.27503,-76.69712,149,3215
15_2577091_3423007,37.27502,-76.69704,150,3222
15_2577091_3423007,37.27487,-76.69623,151,3296
15_2577091_3423007,37.27465,-76.69522,152,3389
15_2577091_3423007,37.27455,-76.69482,153,3426
15_2577091_3423007,37.27438,-76.69423,154,3482
15_2577091_3423007,37.27437,-76.69419,155,3485
15_2577091_3423007,37.27415,-76.69342,156,3558
15_2577091_3423007,37.27395,-76.69287,157,3611
15_2577091_3423007,37.27375,-76.69237,158,3661
15_2577091_3423007,37.27335,-76.69153,159,3748
15_2577091_3423007,37.27305,-76.69162,160,3782
15_2577091_3423007,37.27281,-76.69168,161,3809
15_2577091_3423007,37.27273,-76.69171,162,3818
15_2577091_3423007,37.27268,-76.69171,163,3824
15_2577091_3423007,37.27263,-76.69172,164,3830
15_2577091_3423007,37.27257,-76.69171,165,3836
15_2577091_3423007,37.27243,-76.6917,166,3852
15_2577091_3423007,37.27226,-76.6917,167,3871
15_2577091_3423007,37.27222,-76.69169,168,3875
15_2577091_3423007,37.2721,-76.69169,169,3888
15_2577091_3423007,37.27203,-76.69168,170,3896
15_2577091_3423007,37.27196,-76.69167,171,3904
15_2577091_3423007,37.27178,-76.69166,172,3924
15_2577091_3423007,37.27165,-76.69164,173,3939
15_2577091_3423007,37.27144,-76.69162,174,3962
15_2577091_3423007,37.27137,-76.6916,175,3970
15_2577091_3423007,37.27134,-76.6916,176,3973
15_2577091_3423007,37.27118,-76.69158,177,3991
15_2577091_3423007,37.27108,-76.69156,178,4002
15_2577091_3423007,37.27105,-76.69155,179,4006
15_2577091_3423007,37.27097,-76.69151,180,4015
15_2577091_3423007,37.27093,-76.69149,181,4020
15_2577091_3423007,37.27087,-76.69144,182,4028
15_2577091_3423007,37.27085,-76.6915,183,4034
15_2577091_3423007,37.27077,-76.69167,184,4051
15_2577091_3423007,37.27072,-76.69181,185,4065
15_2577091_3423007,37.2707,-76.69193,186,4076
15_2577091_3423007,37.2707,-76.69196,187,4079
15_2577091_3423007,37.27067,-76.69225,188,4105
15_2577091_3423007,37.27066,-76.69251,189,4128
15_2577091_3423007,37.27066,-76.69259,190,4135
15_2577091_3423007,37.27064,-76.6929,191,4162
15_2577091_3423007,37.27063,-76.69317,192,4186
15_2577091_3423007,37.27063,-76.69319,193,4188
15_2577091_3423007,37.27061,-76.69369,194,4232
15_2577091_3423007,37.2706,-76.69377,195,4240
15_2577091_3423007,37.2706,-76.69383,196,4245
15_2577091_3423007,37.27059,-76.6939,197,4251
15_2577091_3423007,37.27056,-76.69451,198,4305
15_2577091_3423007,37.27055,-76.69465,199,4318
15_2577091_3423007,37.27054,-76.69475,200,4327
15_2577091_3423007,37.27053,-76.69499,201,4348
15_2577091_3423007,37.27051,-76.69527,202,4373
15_2577091_3423007,37.27049,-76.69563,203,4405
15_2577091_3423007,37.27049,-76.69569,204,4410
15_2577091_3423007,37.27047,-76.69591,205,4430
15_2577091_3423007,37.27043,-76.69659,206,4491
15_2577091_3423007,37.27043,-76.69662,207,4493
15_2577091_3423007,37.27042,-76.69685,208,4514
15_2577091_3423007,37.27039,-76.69757,209,4578
15_2577091_3423007,37.27038,-76.69787,210,4604
15_2577091_3423007,37.27037,-76.69792,211,4609
15_2577091_3423007,37.27037,-76.69798,212,4614
15_2577091_3423007,37.27036,-76.69819,213,4633
15_2577091_3423007,37.27034,-76.69849,214,4659
15_2577091_3423007,37.27033,-76.6989,215,4696
15_2577091_3423007,37.27031,-76.6992,216,4723
15_2577091_3423007,37.2703057,-76.699295,217,4731
15_3423007_2577091,37.2703057,-76.699295,0,0
15_3423007_2577091,37.2703,-76.69942,1,11
15_3423007_2577091,37.27028,-76.69989,2,53
15_3423007_2577091,37.27027,-76.69998,3,61
15_3423007_2577091,37.27026,-76.69998,4,62
15_3423007_2577091,37.27019,-76.69997,5,70
15_3423007_2577091,37.26972,-76.69994,6,122
15_3423007_2577091,37.26964,-76.69993,7,131
15_3423007_2577091,37.26891,-76.69987,8,212
15_3423007_2577091,37.2689,-76.69987,9,213
15_3423007_2577091,37.26872,-76.69986,10,233
15_3423007_2577091,37.26766,-76.69979,11,351
15_3423007_2577091,37.26755,-76.69978,12,363
15_3423007_2577091,37.26688,-76.69973,13,438
15_3423007_2577091,37.26685,-76.70028,14,487
15_3423007_2577091,37.26683,-76.70085,15,537
15_3423007_2577091,37.26681,-76.70119,16,568
15_3423007_2577091,37.2668,-76.7015,17,595
15_3423007_2577091,37.26678,-76.70199,18,639
15_3423007_2577091,37.26676,-76.70256,19,689
15_3423007_2577091,37.26675,-76.70284,20,714
15_3423007_2577091,37.26674,-76.70292,21,721
15_3423007_2577091,37.26675,-76.70308,22,735
15_3423007_2577091,37.26675,-76.70322,23,748
15_3423007_2577091,37.26712,-76.70324,24,789
15_3423007_2577091,37.26744,-76.70326,25,825
15_3423007_2577091,37.26775,-76.70328,26,859
15_3423007_2577091,37.26774,-76.70348,27,877
15_3423007_2577091,37.26773,-76.70372,28,898
15_3423007_2577091,37.26771,-76.70372,29,900
15_3423007_2577091,37.2677,-76.70416,30,939
15_3423007_2577091,37.26767,-76.70473,31,990
15_3423007_2577091,37.26764,-76.70531,32,1042
15_3423007_2577091,37.26762,-76.70571,33,1077
15_3423007_2577091,37.26762,-76.70584,34,1089
15_3423007_2577091,37.26767,-76.70583,35,1094
15_3423007_2577091,37.26776,-76.70579,36,1105
15_3423007_2577091,37.26796,-76.70569,37,1129
15_3423007_2577091,37.26801,-76.70566,38,1135
15_3423007_2577091,37.26807,-76.70565,39,1142
15_3423007_2577091,37.26813,-76.70564,40,1148
15_3423007_2577091,37.26821,-76.70563,41,1157
15_3423007_2577091,37.26823,-76.70563,42,1159
15_3423007_2577091,37.26833,-76.70563,43,1171
15_3423007_2577091,37.26848,-76.70563,44,1187
15_3423007_2577091,37.26866,-76.70563,45,1207
15_3423007_2577091,37.26926,-76.70567,46,1274
15_3423007_2577091,37.26961,-76.70569,47,1313
15_3423007_2577091,37.26969,-76.7057,48,1322
15_3423007_2577091,37.26977,-76.7057,49,1331
15_3423007_2577091,37.27039,-76.70575,50,1399
15_3423007_2577091,37.27042,-76.70575,51,1403
15_3423007_2577091,37.27083,-76.70579,52,1448
15_3423007_2577091,37.27096,-76.7058,53,1463
15_3423007_2577091,37.27109,-76.70581,54,1477
15_3423007_2577091,37.2714,-76.70583,55,1512
15_3423007_2577091,37.27176,-76.70586,56,1552
15_3423007_2577091,37.27216,-76.70589,57,1596
15_3423007_2577091,37.27224,-76.7059,58,1605
15_3423007_2577091,37.27229,-76.7059,59,1611
15_3423007_2577091,37.27245,-76.70592,60,1629
15_3423007_2577091,37.27307,-76.70597,61,1698
15_3423007_2577091,37.27355,-76.70601,62,1751
15_3423007_2577091,37.27407,-76.70605,63,1809
15_3423007_2577091,37.27499,-76.70612,64,1911
15_3423007_2577091,37.27541,-76.70616,65,1958
15_3423007_2577091,37.27548,-76.70616,66,1966
15_3423007_2577091,37.27548,-76.70628,67,1976
15_3423007_2577091,37.27546,-76.70683,68,2025
15_3423007_2577091,37.27542,-76.70767,69,2100
15_3423007_2577091,37.27543,-76.70773,70,2105
15_3423007_2577091,37.27543,-76.7078,71,2111
15_3423007_2577091,37.27553,-76.70781,72,2122
15_3423007_2577091,37.27563,-76.70781,73,2133
15_3423007_2577091,37.27585,-76.70784,74,2158
15_3423007_2577091,37.27607,-76.70786,75,2183
15_3423007_2577091,37.27623,-76.70798,76,2203
15_3423007_2577091,37.27629,-76.70817,77,2221
2_2577091_2576942,37.276314,-76.7082753,0,0
2_2577091_2576942,37.276554,-76.709106,1,78
2_2577091_2576942,37.274349,-76.708939,2,323
2_2577091_2576942,37.273769,-76.708878,3,388
2_2577091_2576942,37.272846,-76.708817,4,491
2_2577091_2576942,37.271942,-76.709358,5,602
2_2577091_2576942,37.273521,-76.712555,6,935
2_2577091_2576942,37.273843,-76.713015,7,989
2_2577091_2576942,37.27384,-76.71302,8,990
2_2577091_2576942,37.27393,-76.71314,9,1005
2_2577091_2576942,37.27407,-76.71326,10,1023
2_2577091_2576942,37.27411,-76.71329,11,1029
2_2577091_2576942,37.27413,-76.71331,12,1031
2_2577091_2576942,37.27446,-76.71362,13,1077
2_2577091_2576942,37.27452,-76.71367,14,1085
2_2577091_2576942,37.27455,-76.71369,15,1089
2_2577091_2576942,37.27457,-76.71371,16,1092
2_2577091_2576942,37.27505,-76.71409,17,1155
2_2577091_2576942,37.27542,-76.71442,18,1205
2_2577091_2576942,37.27546,-76.71445,19,1210
2_2577091_2576942,37.27568,-76.71463,20,1240
2_2577091_2576942,37.27572,-76.71467,21,1245
2_2577091_2576942,37.27594,-76.71486,22,1275
2_2577091_2576942,37.27626,-76.71514,23,1318
2_2577091_2576942,37.27655,-76.71537,24,1356
2_2577091_2576942,37.27658,-76.7154,25,1361
2_2577091_2576942,37.27659,-76.71541,26,1362
2_2577091_2576942,37.27661,-76.71543,27,1365
2_2577091_2576942,37.27663,-76.71544,28,1367
2_2577091_2576942,37.27684,-76.71558,29,1394
2_2577091_2576942,37.27735,-76.71585,30,1455
2_2577091_2576942,37.27784,-76.71611,31,1514
2_2577091_2576942,37.27792,-76.71615,32,1524
2_2577091_2576942,37.27826,-76.71633,33,1565
2_2577091_2576942,37.27832,-76.71637,34,1572
2_2577091_2576942,37.27835,-76.71639,35,1576
2_2577091_2576942,37.27864,-76.71659,36,1613
2_2577091_2576942,37.27869,-76.71663,37,1619
2_2577091_2576942,37.27893,-76.71684,38,1652
2_2577091_2576942,37.27924,-76.7171,39,1693
2_2577091_2576942,37.27951,-76.7174,40,1733
2_2577091_2576942,37.27977,-76.71766,41,1770
2_2577091_2576942,37.27982,-76.7177,42,1777
2_2577091_2576942,37.28005,-76.71794,43,1810
2_2577091_2576942,37.28032,-76.71821,44,1848
2_2577091_2576942,37.28065,-76.71856,45,1896
2_2577091_2576942,37.28078,-76.71866,46,1913
2_2577091_2576942,37.28082,-76.71869,47,1919
2_2577091_2576942,37.28086,-76.71872,48,1924
2_2577091_2576942,37.2811,-76.71887,49,1954
2_2577091_2576942,37.2813,-76.71896,50,1977
2_2577091_2576942,37.28139,-76.719,51,1988
2_2577091_2576942,37.28172,-76.71916,52,2027
2_2577091_2576942,37.28189,-76.71924,53,2047
2_2577091_2576942,37.28202,-76.7193,54,2062
2_2577091_2576942,37.2823,-76.71942,55,2095
2_2577091_2576942,37.28231,-76.71943,56,2097
2_2577091_2576942,37.28241,-76.71947,57,2108
2_2577091_2576942,37.28253,-76.71953,58,2123
2_2577091_2576942,37.28263,-76.71957,59,2134
2_2577091_2576942,37.28286,-76.71964,60,2161
2_2577091_2576942,37.2832,-76.7197,61,2199
2_2577091_2576942,37.28349,-76.71973,62,2231
2_2577091_2576942,37.28357,-76.71974,63,2240
2_2577091_2576942,37.28361,-76.71975,64,2245
2_2577091_2576942,37.28368,-76.71976,65,2252
2_2577091_2576942,37.28399,-76.7198,66,2287
2_2577091_2576942,37.28414,-76.71982,67,2304
2_2577091_2576942,37.28449,-76.71988,68,2343
2_2577091_2576942,37.28462,-76.71992,69,2358
2_2577091_2576942,37.28491,-76.72003,70,2391
2_2577091_2576942,37.28506,-76.72011,71,2409
2_2577091_2576942,37.28516,-76.72017,72,2422
2_2577091_2576942,37.28535,-76.72031,73,2446
2_2577091_2576942,37.28554,-76.72046,74,2471
2_2577091_2576942,37.28575,-76.72068,75,2502
2_2577091_2576942,37.28586,-76.7208,76,2518
2_2577091_2576942,37.28594,-76.72089,77,2530
2_2577091_2576942,37.286,-76.72096,78,2539
2_2577091_2576942,37.28604,-76.72101,79,2545
2_2577091_2576942,37.28607,-76.72105,80,2550
2_2577091_2576942,37.28614,-76.72111,81,2559
2_2577091_2576942,37.28622,-76.72119,82,2571
2_2577091_2576942,37.28633,-76.7213,83,2586
2_2577091_2576942,37.28642,-76.72139,84,2599
2_2577091_2576942,37.28649,-76.72145,85,2609
2_2577091_2576942,37.28655,-76.72148,86,2616
2_2577091_2576942,37.28661,-76.72151,87,2623
2_2577091_2576942,37.2867,-76.72155,88,2633
2_2577091_2576942,37.28678,-76.72157,89,2642
2_2577091_2576942,37.2869,-76.72159,90,2656
2_2577091_2576942,37.28699,-76.72156,91,2666
2_2577091_2576942,37.28707,-76.72155,92,2675
2_2577091_2576942,37.28719,-76.72153,93,2689
2_2577091_2576942,37.28728,-76.72152,94,2699
2_2577091_2576942,37.28738,-76.72152,95,2710
2_2577091_2576942,37.28749,-76.72153,96,2722
2_2577091_2576942,37.2876,-76.72156,97,2734
2_2577091_2576942,37.28769,-76.72159,98,2745
2_2577091_2576942,37.28786,-76.72172,99,2767
2_2577091_2576942,37.2883,-76.72191,100,2819
2_2577091_2576942,37.28834,-76.72193,101,2823
2_2577091_2576942,37.28871,-76.72209,102,2867
2_2577091_2576942,37.28886,-76.72215,103,2884
2_2577091_2576942,37.289,-76.72221,104,2901
2_2577091_2576942,37.28903,-76.72222,105,2904
2_2577091_2576942,37.28912,-76.72226,106,2915
2_2577091_2576942,37.28924,-76.72231,107,2929
2_2577091_2576942,37.28931,-76.72234,108,2937
2_2577091_2576942,37.28934,-76.72236,109,2941
2_2577091_2576942,37.28938,-76.72237,110,2945
2_2577091_2576942,37.28948,-76.72242,111,2957
2_2577091_2576942,37.28949,-76.72242,112,2958
2_2577091_2576942,37.28956,-76.72245,113,2967
2_2577091_2576942,37.28967,-76.7225,114,2980
2_2577091_2576942,37.28979,-76.72255,115,2994
2_2577091_2576942,37.29,-76.72264,116,3018
2_2577091_2576942,37.29006,-76.72267,117,3025
2_2577091_2576942,37.29024,-76.72275,118,3047
2_2577091_2576942,37.29047,-76.72285,119,3074
2_2577091_2576942,37.29067,-76.72294,120,3097
2_2577091_2576942,37.29073,-76.72297,121,3104
2_2577091_2576942,37.29082,-76.72301,122,3115
2_2577091_2576942,37.29087,-76.72304,123,3121
2_2577091_2576942,37.29092,-76.72308,124,3128
2_2577091_2576942,37.29109,-76.72321,125,3150
2_2577091_2576942,37.29141,-76.72343,126,3190
2_2577091_2576942,37.29155,-76.72354,127,3209
2_2577091_2576942,37.29171,-76.72366,128,3229
2_2577091_2576942,37.29197,-76.72377,129,3260
2_2577091_2576942,37.29209,-76.72386,130,3275
2_2577091_2576942,37.29227,-76.72399,131,3298
2_2577091_2576942,37.29246,-76.72412,132,3322
2_2577091_2576942,37.29251,-76.72415,133,3329
2_2577091_2576942,37.29265,-76.7243,134,3349
2_2577091_2576942,37.29279,-76.72437,135,3366
2_2577091_2576942,37.29285,-76.7244,136,3373
2_2577091_2576942,37.29294,-76.72444,137,3384
2_2577091_2576942,37.29314,-76.72454,138,3407
2_2577091_2576942,37.29322,-76.72458,139,3417
2_2577091_2576942,37.29337,-76.72466,140,3435
2_2577091_2576942,37.29366,-76.7248,141,3470
2_2577091_2576942,37.29387,-76.7249,142,3495
2_2577091_2576942,37.29411,-76.72502,143,3523
2_2577091_2576942,37.29414,-76.72503,144,3527
2_2577091_2576942,37.29438,-76.72515,145,3555
2_2577091_2576942,37.29439,-76.72516,146,3557
2_2577091_2576942,37.29472,-76.72532,147,3596
2_2577091_2576942,37.295,-76.72546,148,3629
2_2577091_2576942,37.29512,-76.72552,149,3644
2_2577091_2576942,37.29542,-76.72567,150,3680
2_2577091_2576942,37.29555,-76.72573,151,3695
2_2577091_2576942,37.29578,-76.72584,152,3722
2_2577091_2576942,37.29598,-76.72594,153,3746
2_2577091_2576942,37.29614,-76.72602,154,3765
2_2577091_2576942,37.29634,-76.72612,155,3789
2_2577091_2576942,37.29643,-76.72617,156,3800
2_2577091_2576942,37.29672,-76.72631,157,3835
2_2577091_2576942,37.29684,-76.72637,158,3849
2_2577091_2576942,37.29695,-76.72642,159,3862
2_2577091_2576942,37.29717,-76.72653,160,3888
2_2577091_2576942,37.29735,-76.72662,161,3910
2_2577091_2576942,37.29745,-76.72667,162,3922
2_2577091_2576942,37.29754,-76.72672,163,3933
2_2577091_2576942,37.297544,-76.726716,164,3933
2_2577091_2576942,37.298847,-76.727356,165,4089
2_2577091_2576942,37.299194,-76.72747,166,4128
2_2577091_2576942,37.302044,-76.727852,167,4446
2_2577091_2576942,37.302387,-76.727837,168,4485
2_2577091_2576942,37.303242,-76.728004,169,4581
2_2577091_2576942,37.303448,-76.728065,170,4604
2_2577091_2576942,37.303886,-76.728233,171,4655
2_2577091_2576942,37.306238,-76.729267,172,4932
2_2577091_2576942,37.314729,-76.732992,173,5930
2_2577091_2576942,37.321793,-76.736099,174,6761
2_2577091_2576942,37.322636,-76.736504,175,6861
2_2577091_2576942,37.323189,-76.736817,176,6928
2_2577091_2576942,37.323544,-76.73703,177,6972
2_2577091_2576942,37.324261,-76.737511,178,7062
2_2577091_2576942,37.324898,-76.737999,179,7145
2_2577091_2576942,37.325588,-76.738594,180,7238
2_2577091_2576942,37.330539,-76.743298,181,7928
2_2577091_2576942,37.332832,-76.745461,182,8246
2_2577091_2576942,37.333595,-76.746223,183,8355
2_2577091_2576942,37.333824,-76.746483,184,8389
2_2577091_2576942,37.33432,-76.747124,185,8468
2_2577091_2576942,37.335915,-76.749275,186,8728
2_2577091_2576942,37.335278,-76.750015,187,8825
2_2577091_2576942,37.335182,-76.750153,188,8841
2_2577091_2576942,37.335148,-76.750237,189,8849
2_2577091_2576942,37.33511,-76.750496,190,8873
2_2577091_2576942,37.335133,-76.750656,191,8887
2_2577091_2576942,37.335201,-76.750801,192,8902
2_2577091_2576942,37.335255,-76.75087,193,8910
2_2577091_2576942,37.335389,-76.750967,194,8928
2_2577091_2576942,37.335529,-76.750999,195,8943
2_2577091_2576942,37.335629,-76.750992,196,8954
2_2577091_2576942,37.335903,-76.75087,197,8987
2_2577091_2576942,37.3372,-76.74958,198,9171
2_2577091_2576942,37.338036,-76.748795,199,9287
2_2577091_2576942,37.340313,-76.746567,200,9607
2_2577091_2576942,37.341011,-76.745819,201,9709
2_2577091_2576942,37.341366,-76.745468,202,9759
2_2577091_2576942,37.34174,-76.745041,203,9815
2_2577091_2576942,37.342033,-76.744675,204,9861
2_2577091_2576942,37.342148,-76.744492,205,9882
2_2577091_2576942,37.342367,-76.744064,206,9927
2_2577091_2576942,37.342468,-76.74382,207,9951
2_2577091_2576942,37.342709,-76.74279,208,10047
2_2577091_2576942,37.342804,-76.742592,209,10067
2_2577091_2576942,37.342892,-76.742477,210,10081
2_2577091_2576942,37.343136,-76.742233,211,10116
2_2577091_2576942,37.343208,-76.742088,212,10131
2_2577091_2576942,37.343231,-76.741943,213,10144
2_2577091_2576942,37.343193,-76.741791,214,10158
2_2577091_2576942,37.342949,-76.74128,215,10211
2_2577091_2576942,37.342346,-76.740356,216,10317
2_2577091_2576942,37.342159,-76.740105,217,10347
2_2577091_2576942,37.341965,-76.739906,218,10375
2_2577091_2576942,37.342064,-76.739792,219,10390
2_2577091_2576942,37.342491,-76.739426,220,10447
2_2577091_2576942,37.342739,-76.739304,221,10477
2_2577091_2576942,37.343021,-76.739243,222,10508
2_2577091_2576942,37.343246,-76.73925,223,10533
2_2577091_2576942,37.343407,-76.739288,224,10552
2_2577091_2576942,37.343536,-76.739334,225,10567
2_2577091_2576942,37.343689,-76.739418,226,10585
2_2577091_2576942,37.343815,-76.73951,227,10601
2_2577091_2576942,37.344036,-76.739746,228,10633
2_2577091_2576942,37.344311,-76.74015,229,10681
2_2577091_2576942,37.344433,-76.740295,230,10699
2_2577091_2576942,37.344521,-76.740364,231,10711
2_2577091_2576942,37.344799,-76.740532,232,10745
2_2577091_2576942,37.345169,-76.740623,233,10787
2_2577091_2576942,37.345325,-76.740623,234,10804
2_2577091_2576942,37.345478,-76.740585,235,10821
2_2577091_2576942,37.345654,-76.740517,236,10842
2_2577091_2576942,37.345924,-76.740341,237,10876
2_2577091_2576942,37.346285,-76.739994,238,10926
2_2577091_2576942,37.346771,-76.739532,239,10994
2_2577091_2576942,37.346928,-76.739449,240,11013
2_2577091_2576942,37.34663,-76.738991,241,11065
2_2577091_2576942,37.346603,-76.738754,242,11086
2_2577091_2576942,37.346546,-76.73732,243,11214
2_2577091_2576942,37.346603,-76.737,244,11243
2_2577091_2576942,37.346786,-76.736885,245,11265
2_2577091_2576942,37.346344,-76.736412,246,11330
2_2577091_2576942,37.344475,-76.736557,247,11538
2_2577091_2576942,37.344536,-76.737999,248,11666
2_2576942_2577091,37.34454,-76.73801,0,0
2_2576942_2577091,37.34454,-76.73809,1,7
2_2576942_2577091,37.34454,-76.73814,2,12
2_2576942_2577091,37.34457,-76.7388,3,70
2_2576942_2577091,37.34455,-76.73893,4,82
2_2576942_2577091,37.34444,-76.73909,5,101
2_2576942_2577091,37.34439,-76.73918,6,110
2_2576942_2577091,37.34408,-76.73959,7,160
2_2576942_2577091,37.344,-76.7397,8,173
2_2576942_2577091,37.34392,-76.7398,9,186
2_2576942_2577091,37.34389,-76.73977,10,190
2_2576942_2577091,37.3438,-76.73968,11,203
2_2576942_2577091,37.34368,-76.73958,12,219
2_2576942_2577091,37.34356,-76.7395,13,234
2_2576942_2577091,37.34346,-76.73945,14,246
2_2576942_2577091,37.34334,-76.73942,15,260
2_2576942_2577091,37.34322,-76.7394,16,273
2_2576942_2577091,37.34305,-76.73939,17,292
2_2576942_2577091,37.34289,-76.73942,18,310
2_2576942_2577091,37.34288,-76.73943,19,311
2_2576942_2577091,37.34277,-76.73946,20,324
2_2576942_2577091,37.34267,-76.7395,21,335
2_2576942_2577091,37.34258,-76.73958,22,348
2_2576942_2577091,37.3425,-76.73965,23,359
2_2576942_2577091,37.34245,-76.73971,24,366
2_2576942_2577091,37.34241,-76.73976,25,373
2_2576942_2577091,37.34238,-76.73983,26,380
2_2576942_2577091,37.34236,-76.73992,27,388
2_2576942_2577091,37.34236,-76.74001,28,396
2_2576942_2577091,37.34237,-76.74009,29,403
2_2576942_2577091,37.34267,-76.74062,30,461
2_2576942_2577091,37.34271,-76.74068,31,467
2_2576942_2577091,37.34301,-76.74115,32,521
2_2576942_2577091,37.34311,-76.74131,33,539
2_2576942_2577091,37.34401,-76.74273,34,699
2_2576942_2577091,37.3441,-76.74287,35,715
2_2576942_2577091,37.34413,-76.74291,36,720
2_2576942_2577091,37.34413,-76.74292,37,721
2_2576942_2577091,37.34426,-76.74307,38,741
2_2576942_2577091,37.34444,-76.74327,39,767
2_2576942_2577091,37.34452,-76.74334,40,778
2_2576942_2577091,37.34461,-76.74339,41,789
2_2576942_2577091,37.34471,-76.74342,42,801
2_2576942_2577091,37.34479,-76.74343,43,809
2_2576942_2577091,37.34488,-76.74343,44,819
2_2576942_2577091,37.34497,-76.7434,45,830
2_2576942_2577091,37.34507,-76.74335,46,842
2_2576942_2577091,37.34515,-76.74329,47,852
2_2576942_2577091,37.34523,-76.74321,48,863
2_2576942_2577091,37.34529,-76.74314,49,873
2_2576942_2577091,37.34532,-76.74306,50,880
2_2576942_2577091,37.34535,-76.74298,51,888
2_2576942_2577091,37.34536,-76.74289,52,896
2_2576942_2577091,37.34536,-76.7428,53,904
2_2576942_2577091,37.34534,-76.74271,54,913
2_2576942_2577091,37.34531,-76.74262,55,921
2_2576942_2577091,37.34526,-76.74253,56,931
2_2576942_2577091,37.34521,-76.74248,57,938
2_2576942_2577091,37.34515,-76.74243,58,946
2_2576942_2577091,37.34509,-76.74241,59,953
2_2576942_2577091,37.34501,-76.74239,60,962
2_2576942_2577091,37.34495,-76.7424,61,969
2_2576942_2577091,37.3449,-76.7424,62,974
2_2576942_2577091,37.34485,-76.74243,63,980
2_2576942_2577091,37.3448,-76.74248,64,987
2_2576942_2577091,37.34474,-76.74253,65,995
2_2576942_2577091,37.344742,-76.742529,66,996
2_2576942_2577091,37.344379,-76.742813,67,1043
2_2576942_2577091,37.34391,-76.743279,68,1110
2_2576942_2577091,37.343006,-76.744164,69,1237
2_2576942_2577091,37.339851,-76.747307,70,1684
2_2576942_2577091,37.338425,-76.748695,71,1885
2_2576942_2577091,37.337872,-76.749275,72,1965
2_2576942_2577091,37.337652,-76.749484,73,1995
2_2576942_2577091,37.336308,-76.750763,74,2183
2_2576942_2577091,37.336273,-76.750793,75,2187
2_2576942_2577091,37.335892,-76.751282,76,2248
2_2576942_2577091,37.335835,-76.751404,77,2260
2_2576942_2577091,37.335819,-76.751503,78,2269
2_2576942_2577091,37.335827,-76.751686,79,2286
2_2576942_2577091,37.335884,-76.751862,80,2303
2_2576942_2577091,37.336014,-76.752022,81,2323
2_2576942_2577091,37.336086,-76.752068,82,2332
2_2576942_2577091,37.336163,-76.752098,83,2341
2_2576942_2577091,37.336296,-76.752113,84,2355
2_2576942_2577091,37.336388,-76.752083,85,2366
2_2576942_2577091,37.336494,-76.752022,86,2379
2_2576942_2577091,37.336559,-76.751968,87,2388
2_2576942_2577091,37.337097,-76.751328,88,2470
2_2576942_2577091,37.335793,-76.749565,89,2683
2_2576942_2577091,37.335735,-76.749489,90,2692
2_2576942_2577091,37.333884,-76.746976,91,2995
2_2576942_2577091,37.333771,-76.746826,92,3013
2_2576942_2577091,37.333332,-76.746323,93,3079
2_2576942_2577091,37.332954,-76.745949,94,3133
2_2576942_2577091,37.326766,-76.740072,95,3995
2_2576942_2577091,37.325432,-76.738808,96,4180
2_2576942_2577091,37.32489,-76.738342,97,4253
2_2576942_2577091,37.324413,-76.737968,98,4316
2_2576942_2577091,37.323803,-76.737534,99,4394
2_2576942_2577091,37.323421,-76.737282,100,4442
2_2576942_2577091,37.322643,-76.736832,101,4537
2_2576942_2577091,37.321747,-76.736389,102,4644
2_2576942_2577091,37.318771,-76.735083,103,4994
2_2576942_2577091,37.31028,-76.731358,104,5992
2_2576942_2577091,37.305828,-76.729424,105,6515
2_2576942_2577091,37.303509,-76.728394,106,6788
2_2576942_2577091,37.302948,-76.728172,107,6853
2_2576942_2577091,37.302418,-76.728004,108,6914
2_2576942_2577091,37.302044,-76.727852,109,6958
2_2576942_2577091,37.301751,-76.727806,110,6990
2_2576942_2577091,37.299389,-76.727501,111,7254
2_2576942_2577091,37.299194,-76.72747,112,7276
2_2576942_2577091,37.298847,-76.727356,113,7316
2_2576942_2577091,37.293203,-76.724572,114,7989
2_2576942_2577091,37.2932,-76.72457,115,7989
2_2576942_2577091,37.29314,-76.72454,116,7996
2_2576942_2577091,37.29294,-76.72444,117,8020
2_2576942_2577091,37.29285,-76.7244,118,8031
2_2576942_2577091,37.29279,-76.72437,119,8038
2_2576942_2577091,37.29265,-76.7243,120,8055
2_2576942_2577091,37.29248,-76.72428,121,8074
2_2576942_2577091,37.29234,-76.72419,122,8091
2_2576942_2577091,37.29191,-76.72388,123,8146
2_2576942_2577091,37.29171,-76.72366,124,8176
2_2576942_2577091,37.29155,-76.72354,125,8196
2_2576942_2577091,37.29141,-76.72343,126,8215
2_2576942_2577091,37.29109,-76.72321,127,8255
2_2576942_2577091,37.29092,-76.72308,128,8277
2_2576942_2577091,37.29087,-76.72304,129,8284
2_2576942_2577091,37.29082,-76.72301,130,8290
2_2576942_2577091,37.29073,-76.72297,131,8301
2_2576942_2577091,37.29067,-76.72294,132,8308
2_2576942_2577091,37.29047,-76.72285,133,8331
2_2576942_2577091,37.29024,-76.72275,134,8358
2_2576942_2577091,37.29006,-76.72267,135,8380
2_2576942_2577091,37.29,-76.72264,136,8387
2_2576942_2577091,37.28979,-76.72255,137,8411
2_2576942_2577091,37.28967,-76.7225,138,8425
2_2576942_2577091,37.28956,-76.72245,139,8438
2_2576942_2577091,37.28953,-76.72244,140,8442
2_2576942_2577091,37.28948,-76.72242,141,8448
2_2576942_2577091,37.28938,-76.72237,142,8460
2_2576942_2577091,37.28934,-76.72236,143,8464
2_2576942_2577091,37.28931,-76.72234,144,8468
2_2576942_2577091,37.28924,-76.72231,145,8476
2_2576942_2577091,37.28912,-76.72226,146,8490
2_2576942_2577091,37.28903,-76.72222,147,8501
2_2576942_2577091,37.289,-76.72221,148,8504
2_2576942_2577091,37.28886,-76.72215,149,8521
2_2576942_2577091,37.28871,-76.72209,150,8538
2_2576942_2577091,37.28834,-76.72193,151,8582
2_2576942_2577091,37.2883,-76.72191,152,8586
2_2576942_2577091,37.28786,-76.72172,153,8638
2_2576942_2577091,37.28778,-76.72172,154,8647
2_2576942_2577091,37.287777,-76.721716,155,8647
2_2576942_2577091,37.287651,-76.721703,156,8661
2_2576942_2577091,37.287395,-76.721642,157,8690
2_2576942_2577091,37.286991,-76.721634,158,8735
2_2576942_2577091,37.286903,-76.721588,159,8746
2_2576942_2577091,37.286705,-76.72155,160,8768
2_2576942_2577091,37.286491,-76.721451,161,8793
2_2576942_2577091,37.286419,-76.721397,162,8803
2_2576942_2577091,37.286072,-76.721046,163,8852
2_2576942_2577091,37.285946,-76.720886,164,8872
2_2576942_2577091,37.285538,-76.720459,165,8931
2_2576942_2577091,37.285072,-76.7201,166,8992
2_2576942_2577091,37.284618,-76.71991,167,9045
2_2576942_2577091,37.283993,-76.719795,168,9115
2_2576942_2577091,37.283203,-76.719704,169,9203
2_2576942_2577091,37.282856,-76.719643,170,9242
2_2576942_2577091,37.282627,-76.719574,171,9268
2_2576942_2577091,37.281105,-76.718872,172,9448
2_2576942_2577091,37.280857,-76.718719,173,9479
2_2576942_2577091,37.280651,-76.718559,174,9506
2_2576942_2577091,37.279672,-76.717559,175,9646
2_2576942_2577091,37.279243,-76.717102,176,9708
2_2576942_2577091,37.27869,-76.716629,177,9783
2_2576942_2577091,37.278259,-76.716331,178,9837
2_2576942_2577091,37.27684,-76.715576,179,10009
2_2576942_2577091,37.276573,-76.715401,180,10042
2_2576942_2577091,37.27626,-76.715149,181,10083
2_2576942_2577091,37.275074,-76.714111,182,10244
2_2576942_2577091,37.274509,-76.713669,183,10318
2_2576942_2577091,37.273933,-76.713142,184,10397
2_2576942_2577091,37.273521,-76.712555,185,10466
2_2576942_2577091,37.272673,-76.710835,186,10646
2_2576942_2577091,37.27161,-76.708687,187,10870
2_2576942_2577091,37.271019,-76.707451,188,10997
2_2576942_2577091,37.274689,-76.707733,189,11405
2_2576942_2577091,37.276066,-76.707863,190,11559
2_2576942_2577091,37.27623,-76.707977,191,11579
2_2576942_2577091,37.276283,-76.708168,192,11597
1_2577091_2577081,37.2763185,-76.7082726,0,0
1_2577091_2577081,37.27634,-76.70835,1,7
1_2577091_2577081,37.2764,-76.70857,2,28
1_2577091_2577081,37.27648,-76.70886,3,55
1_2577091_2577081,37.27651,-76.70897,4,65
1_2577091_2577081,37.27652,-76.709,5,68
1_2577091_2577081,37.27655,-76.70911,6,79
1_2577091_2577081,37.27637,-76.7091,7,99
1_2577091_2577081,37.27629,-76.70909,8,107
1_2577091_2577081,37.27607,-76.70908,9,132
1_2577091_2577081,37.27563,-76.70904,10,181
1_2577091_2577081,37.27556,-76.70903,11,189
1_2577091_2577081,37.27556,-76.70896,12,195
1_2577091_2577081,37.27555,-76.7089,13,200
1_2577091_2577081,37.27553,-76.7087,14,218
1_2577091_2577081,37.27549,-76.70842,15,243
1_2577091_2577081,37.27546,-76.70819,16,264
1_2577091_2577081,37.27543,-76.70792,17,288
1_2577091_2577081,37.27543,-76.70788,18,292
1_2577091_2577081,37.27543,-76.7078,19,299
1_2577091_2577081,37.27543,-76.70773,20,305
1_2577091_2577081,37.27542,-76.70767,21,311
1_2577091_2577081,37.27546,-76.70683,22,385
1_2577091_2577081,37.27548,-76.70628,23,434
1_2577091_2577081,37.27548,-76.70616,24,445
1_2577091_2577081,37.27549,-76.70607,25,453
1_2577091_2577081,37.2755,-76.70597,26,462
1_2577091_2577081,37.27553,-76.70584,27,474
1_2577091_2577081,37.27562,-76.70543,28,511
1_2577091_2577081,37.27565,-76.70525,29,528
1_2577091_2577081,37.27568,-76.70509,30,542
1_2577091_2577081,37.27568,-76.70493,31,556
1_2577091_2577081,37.27568,-76.70479,32,569
1_2577091_2577081,37.27567,-76.70465,33,581
1_2577091_2577081,37.2756,-76.70385,34,653
1_2577091_2577081,37.2756,-76.70359,35,676
1_2577091_2577081,37.2756,-76.70313,36,717
1_2577091_2577081,37.2756,-76.70281,37,745
1_2577091_2577081,37.27559,-76.70267,38,757
1_2577091_2577081,37.27557,-76.70246,39,776
1_2577091_2577081,37.2755,-76.70187,40,829
1_2577091_2577081,37.27544,-76.7014,41,871
1_2577091_2577081,37.27541,-76.70114,42,895
1_2577091_2577081,37.27539,-76.7009,43,916
1_2577091_2577081,37.27536,-76.70039,44,961
1_2577091_2577081,37.27535,-76.70027,45,972
1_2577091_2577081,37.27534,-76.69978,46,1015
1_2577091_2577081,37.27531,-76.69923,47,1064
1_2577091_2577081,37.27528,-76.6989,48,1094
1_2577091_2577081,37.27524,-76.69847,49,1132
1_2577091_2577081,37.27518,-76.69803,50,1172
1_2577091_2577081,37.27514,-76.69781,51,1192
1_2577091_2577081,37.275142,-76.697814,52,1192
1_2577091_2577081,37.275021,-76.697037,53,1262
1_2577091_2577081,37.274651,-76.695221,54,1429
1_2577091_2577081,37.274551,-76.694817,55,1466
1_2577091_2577081,37.274147,-76.693428,56,1597
1_2577091_2577081,37.27375,-76.692368,57,1701
1_2577091_2577081,37.273357,-76.691536,58,1787
1_2577091_2577081,37.272926,-76.690468,59,1893
1_2577091_2577081,37.272621,-76.689919,60,1952
1_2577091_2577081,37.272324,-76.689606,61,1995
1_2577091_2577081,37.271984,-76.689461,62,2035
1_2577091_2577081,37.271523,-76.689362,63,2087
1_2577091_2577081,37.271404,-76.689308,64,2101
1_2577091_2577081,37.271259,-76.689217,65,2119
1_2577091_2577081,37.271069,-76.689064,66,2144
1_2577091_2577081,37.270962,-76.688957,67,2159
1_2577091_2577081,37.270752,-76.688681,68,2193
1_2577091_2577081,37.270676,-76.688576,69,2206
1_2577091_2577081,37.270123,-76.687653,70,2308
1_2577091_2577081,37.269947,-76.687401,71,2338
1_2577091_2577081,37.269039,-76.686356,72,2475
1_2577091_2577081,37.26852,-76.685806,73,2550
1_2577091_2577081,37.267845,-76.684906,74,2659
1_2577091_2577081,37.267601,-76.684441,75,2709
1_2577091_2577081,37.266964,-76.682449,76,2899
1_2577091_2577081,37.266708,-76.681808,77,2963
1_2577091_2577081,37.266342,-76.681168,78,3032
1_2577091_2577081,37.266045,-76.680794,79,3079
1_2577091_2577081,37.265296,-76.679909,80,3194
1_2577091_2577081,37.26529,-76.6799,81,3195
1_2577091_2577081,37.26517,-76.67976,82,3213
1_2577091_2577081,37.26511,-76.67969,83,3222
1_2577091_2577081,37.26469,-76.67918,84,3287
1_2577091_2577081,37.26438,-76.6788,85,3335
1_2577091_2577081,37.26425,-76.67865,86,3355
1_2577091_2577081,37.26402,-76.67838,87,3390
1_2577091_2577081,37.26386,-76.67818,88,3415
1_2577091_2577081,37.26333,-76.67754,89,3496
1_2577091_2577081,37.26161,-76.67545,90,3763
1_2577091_2577081,37.26131,-76.67507,91,3810
1_2577091_2577081,37.2611,-76.6748,92,3843
1_2577091_2577081,37.26095,-76.6746,93,3868
1_2577091_2577081,37.2602,-76.67361,94,3989
1_2577091_2577081,37.26006,-76.67343,95,4011
1_2577091_2577081,37.26005,-76.67341,96,4013
1_2577091_2577081,37.25998,-76.67332,97,4024
1_2577091_2577081,37.25989,-76.6732,98,4039
1_2577091_2577081,37.25905,-76.67209,99,4174
1_2577091_2577081,37.25905,-76.672096,100,4175
1_2577091_2577081,37.257362,-76.669868,101,4447
1_2577091_2577081,37.254082,-76.665695,102,4966
1_2577091_2577081,37.252937,-76.66713,103,5146
1_2577091_2577081,37.252907,-76.667274,104,5159
1_2577091_2577081,37.252819,-76.667413,105,5175
1_2577091_2577081,37.252712,-76.667587,106,5195
1_2577091_2577081,37.252743,-76.667725,107,5207
1_2577091_2577081,37.252701,-76.667854,108,5220
1_2577091_2577081,37.252655,-76.6679,109,5226
1_2577091_2577081,37.252602,-76.667923,110,5232
1_2577091_2577081,37.252491,-76.667908,111,5245
1_2577091_2577081,37.252422,-76.667824,112,5255
1_2577091_2577081,37.252396,-76.667732,113,5264
1_2577091_2577081,37.252399,-76.667664,114,5270
1_2577091_2577081,37.252457,-76.667542,115,5283
1_2577091_2577081,37.252548,-76.667496,116,5294
1_2577091_2577081,37.252621,-76.667503,117,5302
1_2577091_2577081,37.252838,-76.667198,118,5338
1_2577091_2577081,37.252937,-76.66713,119,5351
1_2577091_2577081,37.254082,-76.665695,120,5530
1_2577091_2577081,37.253025,-76.66436,121,5697
1_2577091_2577081,37.252781,-76.664131,122,5731
1_2577091_2577081,37.251637,-76.662735,123,5908
1_2577091_2577081,37.25116,-76.662262,124,5976
1_2577091_2577081,37.249732,-76.661027,125,6168
1_2577091_2577081,37.242306,-76.654655,126,7168
1_2577091_2577081,37.2416,-76.653999,127,7265
1_2577091_2577081,37.241299,-76.653648,128,7311
1_2577091_2577081,37.241119,-76.653397,129,7341
1_2577091_2577081,37.240822,-76.652908,130,7396
1_2577091_2577081,37.24052,-76.652222,131,7465
1_2577091_2577081,37.24033,-76.651611,132,7523
1_2577091_2577081,37.240047,-76.650452,133,7631
1_2577091_2577081,37.239754,-76.649055,134,7759
1_2577091_2577081,37.238768,-76.644597,135,8169
1_2577091_2577081,37.237064,-76.636909,136,8877
1_2577091_2577081,37.236426,-76.633692,137,9171
1_2577091_2577081,37.236351,-76.633316,138,9206
1_2577091_2577081,37.236233,-76.632889,139,9246
1_2577091_2577081,37.236019,-76.632278,140,9305
1_2577091_2577081,37.235725,-76.631653,141,9369
1_2577091_2577081,37.235485,-76.63121,142,9417
1_2577091_2577081,37.234055,-76.629227,143,9654
1_2577091_2577081,37.233719,-76.628822,144,9705
1_2577091_2577081,37.233349,-76.628448,145,9758
1_2577091_2577081,37.232952,-76.62812,146,9811
1_2577091_2577081,37.232536,-76.627838,147,9863
1_2577091_2577081,37.232136,-76.627609,148,9912
1_2577091_2577081,37.231804,-76.627449,149,9952
1_2577091_2577081,37.231327,-76.627266,150,10007
1_2577091_2577081,37.230843,-76.627121,151,10062
1_2577091_2577081,37.229905,-76.626775,152,10171
1_2577091_2577081,37.229656,-76.626694,153,10199
1_2577091_2577081,37.229279,-76.626602,154,10242
1_2577091_2577081,37.228691,-76.626534,155,10308
1_2577091_2577081,37.22467,-76.626152,156,10755
1_2577091_2577081,37.221443,-76.625816,157,11114
1_2577091_2577081,37.220956,-76.62575,158,11169
1_2577091_2577081,37.220638,-76.625687,159,11205
1_2577091_2577081,37.220139,-76.625504,160,11262
1_2577091_2577081,37.219826,-76.625336,161,11300
1_2577091_2577081,37.219521,-76.625137,162,11338
1_2577091_2577081,37.219212,-76.624886,163,11379
1_2577091_2577081,37.218967,-76.624641,164,11414
1_2577091_2577081,37.218758,-76.624397,165,11446
1_2577091_2577081,37.216225,-76.621078,166,11853
1_2577091_2577081,37.215858,-76.620651,167,11908
1_2577091_2577081,37.215488,-76.6203,168,11960
1_2577091_2577081,37.21497,-76.619904,169,12027
1_2577091_2577081,37.213817,-76.619239,170,12168
1_2577091_2577081,37.211872,-76.618141,171,12405
1_2577091_2577081,37.211613,-76.617966,172,12438
1_2577091_2577081,37.211357,-76.617775,173,12471
1_2577091_2577081,37.21114,-76.617584,174,12500
1_2577091_2577081,37.210693,-76.61702,175,12571
1_2577091_2577081,37.210537,-76.616798,176,12597
1_2577091_2577081,37.210438,-76.616623,177,12616
1_2577091_2577081,37.208889,-76.613441,178,12947
1_2577091_2577081,37.208694,-76.613098,179,12984
1_2577091_2577081,37.207822,-76.611329,180,13168
1_2577091_2577081,37.207565,-76.610779,181,13225
1_2577091_2577081,37.207394,-76.610359,182,13267
1_2577091_2577081,37.207161,-76.609589,183,13340
1_2577091_2577081,37.207008,-76.608978,184,13397
1_2577091_2577081,37.206924,-76.608528,185,13438
1_2577091_2577081,37.206875,-76.608147,186,13472
1_2577091_2577081,37.206825,-76.607552,187,13525
1_2577091_2577081,37.206795,-76.606781,188,13594
1_2577091_2577081,37.20681,-76.606117,189,13653
1_2577091_2577081,37.206882,-76.605469,190,13711
1_2577091_2577081,37.207774,-76.600411,191,14170
1_2577091_2577081,37.208164,-76.598137,192,14377
1_2577091_2577081,37.208523,-76.596375,193,14538
1_2577091_2577081,37.20908,-76.593178,194,14829
1_2577091_2577081,37.209263,-76.592026,195,14933
1_2577091_2577081,37.209408,-76.590866,196,15037
1_2577091_2577081,37.209438,-76.590477,197,15072
1_2577091_2577081,37.209412,-76.589867,198,15126
1_2577091_2577081,37.209309,-76.58936,199,15172
1_2577091_2577081,37.209206,-76.588951,200,15211
1_2577091_2577081,37.209106,-76.588646,201,15240
1_2577091_2577081,37.208897,-76.58812,202,15292
1_2577091_2577081,37.208248,-76.586868,203,15424
1_2577091_2577081,37.207474,-76.585579,204,15567
1_2577091_2577081,37.206909,-76.584747,205,15664
1_2577091_2577081,37.20636,-76.584007,206,15754
1_2577091_2577081,37.205338,-76.582703,207,15916
1_2577091_2577081,37.20467,-76.58194,208,16016
1_2577091_2577081,37.204014,-76.581253,209,16111
1_2577091_2577081,37.203572,-76.580834,210,16173
1_2577091_2577081,37.202911,-76.580231,211,16264
1_2577091_2577081,37.202377,-76.579781,212,16335
1_2577091_2577081,37.20137,-76.57901,213,16466
1_2577091_2577081,37.19836,-76.576614,214,16862
1_2577091_2577081,37.197144,-76.575668,215,17021
1_2577091_2577081,37.195955,-76.574841,216,17172
1_2577091_2577081,37.19596,-76.57484,217,17173
1_2577091_2577081,37.19564,-76.57463,218,17213
1_2577091_2577081,37.1946,-76.5739,219,17345
1_2577091_2577081,37.19456,-76.57387,220,17350
1_2577091_2577081,37.19417,-76.57356,221,17402
1_2577091_2577081,37.19352,-76.57305,222,17487
1_2577091_2577081,37.19305,-76.57398,223,17584
1_2577091_2577081,37.19299,-76.5741,224,17597
1_2577091_2577081,37.19294,-76.57421,225,17608
1_2577091_2577081,37.19279,-76.57451,226,17640
1_2577091_2577081,37.19269,-76.5747,227,17660
1_2577091_2577081,37.19264,-76.57481,228,17671
1_2577091_2577081,37.192448,-76.57522,229,17713
1_2577091_2577081,37.19245,-76.57522,230,17713
1_2577091_2577081,37.19264,-76.57481,231,17756
1_2577091_2577081,37.19269,-76.5747,232,17767
1_2577091_2577081,37.19279,-76.57451,233,17787
1_2577091_2577081,37.19294,-76.57421,234,17818
1_2577091_2577081,37.1929811,-76.5741278,235,17827
1_2577081_2577091,37.1929785,-76.574126,0,0
1_2577081_2577091,37.19352,-76.573051,1,113
1_2577081_2577091,37.194565,-76.573875,2,250
1_2577081_2577091,37.197144,-76.575668,3,577
1_2577081_2577091,37.19836,-76.576614,4,736
1_2577081_2577091,37.200358,-76.578206,5,999
1_2577081_2577091,37.20137,-76.57901,6,1132
1_2577081_2577091,37.202377,-76.579781,7,1263
1_2577081_2577091,37.203281,-76.580559,8,1385
1_2577081_2577091,37.204014,-76.581253,9,1487
1_2577081_2577091,37.20467,-76.58194,10,1582
1_2577081_2577091,37.205338,-76.582703,11,1683
1_2577081_2577091,37.20636,-76.584007,12,1845
1_2577081_2577091,37.206909,-76.584747,13,1934
1_2577081_2577091,37.207287,-76.585303,14,1999
1_2577081_2577091,37.207588,-76.585762,15,2052
1_2577081_2577091,37.208248,-76.586868,16,2174
1_2577081_2577091,37.208897,-76.58812,17,2307
1_2577081_2577091,37.209106,-76.588646,18,2359
1_2577081_2577091,37.209206,-76.588951,19,2388
1_2577081_2577091,37.209293,-76.589287,20,2419
1_2577081_2577091,37.209412,-76.589867,21,2472
1_2577081_2577091,37.209438,-76.590271,22,2508
1_2577081_2577091,37.209427,-76.590683,23,2545
1_2577081_2577091,37.209263,-76.592026,24,2666
1_2577081_2577091,37.20908,-76.593178,25,2770
1_2577081_2577091,37.208638,-76.595717,26,3001
1_2577081_2577091,37.208523,-76.596375,27,3060
1_2577081_2577091,37.20826,-76.597626,28,3175
1_2577081_2577091,37.207963,-76.599206,29,3319
1_2577081_2577091,37.207967,-76.599274,30,3325
1_2577081_2577091,37.207504,-76.60199,31,3572
1_2577081_2577091,37.206882,-76.605469,32,3888
1_2577081_2577091,37.20681,-76.606117,33,3946
1_2577081_2577091,37.206795,-76.606422,34,3973
1_2577081_2577091,37.206806,-76.606752,35,4003
1_2577081_2577091,37.206848,-76.60796,36,4110
1_2577081_2577091,37.20701,-76.609039,37,4207
1_2577081_2577091,37.207038,-76.609094,38,4213
1_2577081_2577091,37.207161,-76.609589,39,4259
1_2577081_2577091,37.207394,-76.610359,40,4332
1_2577081_2577091,37.20776,-76.611206,41,4418
1_2577081_2577091,37.208694,-76.613098,42,4615
1_2577081_2577091,37.208889,-76.613441,43,4652
1_2577081_2577091,37.210438,-76.616623,44,4983
1_2577081_2577091,37.210548,-76.616814,45,5004
1_2577081_2577091,37.210693,-76.61702,46,5028
1_2577081_2577091,37.21114,-76.617584,47,5099
1_2577081_2577091,37.211357,-76.617775,48,5128
1_2577081_2577091,37.211613,-76.617966,49,5161
1_2577081_2577091,37.211872,-76.618141,50,5194
1_2577081_2577091,37.212734,-76.618637,51,5299
1_2577081_2577091,37.213497,-76.619049,52,5392
1_2577081_2577091,37.21497,-76.619904,53,5572
1_2577081_2577091,37.215488,-76.6203,54,5639
1_2577081_2577091,37.215858,-76.620651,55,5691
1_2577081_2577091,37.216225,-76.621078,56,5746
1_2577081_2577091,37.217824,-76.623174,57,6003
1_2577081_2577091,37.218758,-76.624397,58,6153
1_2577081_2577091,37.218967,-76.624641,59,6185
1_2577081_2577091,37.219212,-76.624886,60,6220
1_2577081_2577091,37.219521,-76.625137,61,6261
1_2577081_2577091,37.219826,-76.625336,62,6299
1_2577081_2577091,37.220139,-76.625504,63,6337
1_2577081_2577091,37.220325,-76.62558,64,6359
1_2577081_2577091,37.220638,-76.625687,65,6395
1_2577081_2577091,37.22081,-76.625725,66,6414
1_2577081_2577091,37.221443,-76.625816,67,6485
1_2577081_2577091,37.226089,-76.626287,68,7002
1_2577081_2577091,37.227642,-76.626442,69,7175
1_2577081_2577091,37.228085,-76.626472,70,7224
1_2577081_2577091,37.229279,-76.626602,71,7357
1_2577081_2577091,37.229656,-76.626694,72,7400
1_2577081_2577091,37.230064,-76.626823,73,7446
1_2577081_2577091,37.230843,-76.627121,74,7537
1_2577081_2577091,37.231327,-76.627266,75,7592
1_2577081_2577091,37.231804,-76.627449,76,7647
1_2577081_2577091,37.232136,-76.627609,77,7687
1_2577081_2577091,37.232536,-76.627838,78,7736
1_2577081_2577091,37.232788,-76.627998,79,7767
1_2577081_2577091,37.233192,-76.628311,80,7820
1_2577081_2577091,37.233349,-76.628448,81,7841
1_2577081_2577091,37.233719,-76.628822,82,7894
1_2577081_2577091,37.234409,-76.629658,83,8001
1_2577081_2577091,37.235302,-76.63073,84,8138
1_2577081_2577091,37.235661,-76.631248,85,8199
1_2577081_2577091,37.236034,-76.631935,86,8272
1_2577081_2577091,37.236179,-76.632263,87,8306
1_2577081_2577091,37.236347,-76.632713,88,8350
1_2577081_2577091,37.236481,-76.633133,89,8390
1_2577081_2577091,37.236584,-76.633568,90,8430
1_2577081_2577091,37.237213,-76.636711,91,8718
1_2577081_2577091,37.237884,-76.639803,92,9002
1_2577081_2577091,37.239376,-76.646507,93,9619
1_2577081_2577091,37.240289,-76.650688,94,10004
1_2577081_2577091,37.24052,-76.651672,95,10095
1_2577081_2577091,37.240623,-76.652023,96,10128
1_2577081_2577091,37.240738,-76.652328,97,10158
1_2577081_2577091,37.240871,-76.652626,98,10188
1_2577081_2577091,37.241138,-76.653107,99,10240
1_2577081_2577091,37.241463,-76.653572,100,10295
1_2577081_2577091,37.241615,-76.653755,101,10318
1_2577081_2577091,37.241776,-76.653923,102,10342
1_2577081_2577091,37.242302,-76.654388,103,10413
1_2577081_2577091,37.246691,-76.658154,104,11004
1_2577081_2577091,37.250908,-76.661781,105,11572
1_2577081_2577091,37.2514,-76.662239,106,11640
1_2577081_2577091,37.251587,-76.662445,107,11667
1_2577081_2577091,37.252846,-76.66404,108,11866
1_2577081_2577091,37.253025,-76.66436,109,11901
1_2577081_2577091,37.253677,-76.665178,110,12003
1_2577081_2577091,37.257362,-76.669868,111,12587
1_2577081_2577091,37.259948,-76.673276,112,13003
1_2577081_2577091,37.261307,-76.675072,113,13223
1_2577081_2577091,37.261608,-76.675446,114,13270
1_2577081_2577091,37.265167,-76.679764,115,13820
1_2577081_2577091,37.266045,-76.680794,116,13954
1_2577081_2577091,37.266359,-76.681197,117,14004
1_2577081_2577091,37.266708,-76.681808,118,14070
1_2577081_2577091,37.26693,-76.682358,119,14125
1_2577081_2577091,37.267601,-76.684441,120,14324
1_2577081_2577091,37.267845,-76.684906,121,14373
1_2577081_2577091,37.26852,-76.685806,122,14483
1_2577081_2577091,37.269039,-76.686356,123,14558
1_2577081_2577091,37.269947,-76.687401,124,14695
1_2577081_2577091,37.270157,-76.687706,125,14731
1_2577081_2577091,37.270676,-76.688576,126,14827
1_2577081_2577091,37.270962,-76.688957,127,14874
1_2577081_2577091,37.271179,-76.689156,128,14903
1_2577081_2577091,37.271404,-76.689308,129,14932
1_2577081_2577091,37.271523,-76.689362,130,14946
1_2577081_2577091,37.272036,-76.689483,131,15004
1_2577081_2577091,37.272324,-76.689606,132,15037
1_2577081_2577091,37.272488,-76.689766,133,15061
1_2577081_2577091,37.272621,-76.689919,134,15081
1_2577081_2577091,37.272926,-76.690468,135,15140
1_2577081_2577091,37.273357,-76.691536,136,15246
1_2577081_2577091,37.27375,-76.692368,137,15332
1_2577081_2577091,37.274147,-76.693428,138,15436
1_2577081_2577091,37.274551,-76.694817,139,15567
1_2577081_2577091,37.274651,-76.695221,140,15604
1_2577081_2577091,37.275021,-76.697037,141,15770
1_2577081_2577091,37.275234,-76.698471,142,15900
1_2577081_2577091,37.27528,-76.698898,143,15938
1_2577081_2577091,37.275333,-76.699654,144,16005
1_2577081_2577091,37.275356,-76.700394,145,16071
1_2577081_2577091,37.27541,-76.701141,146,16137
1_2577081_2577091,37.275593,-76.702667,147,16274
1_2577081_2577091,37.275604,-76.70385,148,16379
1_2577081_2577091,37.275681,-76.704788,149,16463
1_2577081_2577091,37.275677,-76.705086,150,16489
1_2577081_2577091,37.275654,-76.705254,151,16504
1_2577081_2577091,37.275501,-76.705971,152,16570
1_2577081_2577091,37.275482,-76.706161,153,16587
1_2577081_2577091,37.275425,-76.707794,154,16732
1_2577081_2577091,37.276066,-76.707863,155,16803
1_2577081_2577091,37.27623,-76.707977,156,16824
1_2577081_2577091,37.276283,-76.708168,157,16842
12_2577091_2576980,37.276314,-76.7082753,0,0
12_2577091_2576980,37.276554,-76.709106,1,78
12_2577091_2576980,37.274349,-76.708939,2,323
12_2577091_2576980,37.273769,-76.708878,3,388
12_2577091_2576980,37.272846,-76.708817,4,491
12_2577091_2576980,37.271942,-76.709358,5,602
12_2577091_2576980,37.273521,-76.712555,6,935
12_2577091_2576980,37.273843,-76.713015,7,989
12_2577091_2576980,37.27384,-76.71302,8,990
12_2577091_2576980,37.27393,-76.71314,9,1005
12_2577091_2576980,37.27407,-76.71326,10,1023
12_2577091_2576980,37.27411,-76.71329,11,1029
12_2577091_2576980,37.27413,-76.71331,12,1031
12_2577091_2576980,37.27446,-76.71362,13,1077
12_2577091_2576980,37.27452,-76.71367,14,1085
12_2577091_2576980,37.27455,-76.71369,15,1089
12_2577091_2576980,37.27457,-76.71371,16,1092
12_2577091_2576980,37.27505,-76.71409,17,1155
12_2577091_2576980,37.27542,-76.71442,18,1205
12_2577091_2576980,37.27546,-76.71445,19,1210
12_2577091_2576980,37.27568,-76.71463,20,1240
12_2577091_2576980,37.27572,-76.71467,21,1245
12_2577091_2576980,37.27594,-76.71486,22,1275
12_2577091_2576980,37.27626,-76.71514,23,1318
12_2577091_2576980,37.27655,-76.71537,24,1356
12_2577091_2576980,37.27658,-76.7154,25,1361
12_2577091_2576980,37.27659,-76.71541,26,1362
12_2577091_2576980,37.27661,-76.71543,27,1365
12_2577091_2576980,37.27663,-76.71544,28,1367
12_2577091_2576980,37.27684,-76.71558,29,1394
12_2577091_2576980,37.27735,-76.71585,30,1455
12_2577091_2576980,37.27784,-76.71611,31,1514
12_2577091_2576980,37.27792,-76.71615,32,1524
12_2577091_2576980,37.27826,-76.71633,33,1565
12_2577091_2576980,37.27832,-76.71637,34,1572
12_2577091_2576980,37.27835,-76.71639,35,1576
12_2577091_2576980,37.27864,-76.71659,36,1613
12_2577091_2576980,37.27869,-76.71663,37,1619
12_2577091_2576980,37.27893,-76.71684,38,1652
12_2577091_2576980,37.27924,-76.7171,39,1693
12_2577091_2576980,37.27951,-76.7174,40,1733
12_2577091_2576980,37.27977,-76.71766,41,1770
12_2577091_2576980,37.27982,-76.7177,42,1777
12_2577091_2576980,37.28005,-76.71794,43,1810
12_2577091_2576980,37.28032,-76.71821,44,1848
12_2577091_2576980,37.28065,-76.71856,45,1896
12_2577091_2576980,37.28078,-76.71866,46,1913
12_2577091_2576980,37.28082,-76.71869,47,1919
12_2577091_2576980,37.28086,-76.71872,48,1924
12_2577091_2576980,37.2811,-76.71887,49,1954
12_2577091_2576980,37.2813,-76.71896,50,1977
12_2577091_2576980,37.281304,-76.718963,51,1978
12_2577091_2576980,37.282532,-76.719528,52,2123
12_2577091_2576980,37.282337,-76.720001,53,2170
12_2577091_2576980,37.281521,-76.721649,54,2342
12_2577091_2576980,37.279705,-76.72522,55,2717
12_2577091_2576980,37.280449,-76.726097,56,2831
12_2577091_2576980,37.280624,-76.726257,57,2855
12_2577091_2576980,37.280724,-76.726326,58,2867
12_2577091_2576980,37.280957,-76.726454,59,2896
12_2577091_2576980,37.281133,-76.726518,60,2916
12_2577091_2576980,37.281319,-76.726561,61,2937
12_2577091_2576980,37.281684,-76.726568,62,2977
12_2577091_2576980,37.283158,-76.726524,63,3141
12_2577091_2576980,37.283512,-76.726557,64,3180
12_2577091_2576980,37.28369,-76.726596,65,3201
12_2577091_2576980,37.284012,-76.726701,66,3237
12_2577091_2576980,37.284289,-76.726834,67,3270
12_2577091_2576980,37.285264,-76.727411,68,3390
12_2577091_2576980,37.285387,-76.727469,69,3405
12_2577091_2576980,37.285661,-76.727565,70,3436
12_2577091_2576980,37.285999,-76.727624,71,3474
12_2577091_2576980,37.286274,-76.727628,72,3505
12_2577091_2576980,37.286417,-76.727609,73,3521
12_2577091_2576980,37.287337,-76.727424,74,3624
12_2577091_2576980,37.28799,-76.727344,75,3697
12_2577091_2576980,37.288151,-76.727341,76,3715
12_2577091_2576980,37.288387,-76.727371,77,3741
12_2577091_2576980,37.289497,-76.72776,78,3869
12_2577091_2576980,37.28926,-76.728928,79,3976
12_2577091_2576980,37.2892,-76.729294,80,4009
12_2577091_2576980,37.289131,-76.729897,81,4063
12_2577091_2576980,37.288853,-76.732857,82,4327
12_2577091_2576980,37.288715,-76.73391,83,4422
12_2577091_2576980,37.286312,-76.734085,84,4689
12_2577091_2576980,37.285812,-76.734192,85,4745
12_2577091_2576980,37.285568,-76.734261,86,4773
12_2577091_2576980,37.285152,-76.734436,87,4822
12_2577091_2576980,37.284763,-76.73465,88,4869
12_2577091_2576980,37.284557,-76.734795,89,4895
12_2577091_2576980,37.283963,-76.735319,90,4976
12_2577091_2576980,37.283512,-76.735756,91,5039
12_2577091_2576980,37.283184,-76.736046,92,5084
12_2577091_2576980,37.283035,-76.736237,93,5107
12_2577091_2576980,37.282646,-76.736511,94,5157
12_2577091_2576980,37.282352,-76.736687,95,5193
12_2577091_2576980,37.281776,-76.736961,96,5261
12_2577091_2576980,37.281948,-76.737495,97,5312
12_2577091_2576980,37.282005,-76.737587,98,5323
12_2577091_2576980,37.28215,-76.737732,99,5343
12_2577091_2576980,37.279308,-76.742517,100,5872
12_2577091_2576980,37.280061,-76.743208,101,5976
12_2577091_2576980,37.280157,-76.743316,102,5990
12_2577091_2576980,37.280467,-76.744201,103,6076
12_2577091_2576980,37.280567,-76.74442,104,6098
12_2577091_2576980,37.280772,-76.744762,105,6136
12_2577091_2576980,37.281028,-76.745088,106,6176
12_2577091_2576980,37.279495,-76.747048,107,6420
12_2577091_2576980,37.279317,-76.747346,108,6453
12_2577091_2576980,37.278767,-76.748422,109,6566
12_2577091_2576980,37.278648,-76.748534,110,6582
12_2577091_2576980,37.276734,-76.749725,111,6820
12_2577091_2576980,37.276408,-76.749849,112,6857
12_2577091_2576980,37.276334,-76.749917,113,6868
12_2577091_2576980,37.276193,-76.749944,114,6883
12_2577091_2576980,37.275741,-76.749955,115,6934
12_2577091_2576980,37.275574,-76.749907,116,6953
12_2577091_2576980,37.275433,-76.749826,117,6970
12_2577091_2576980,37.275397,-76.749787,118,6975
12_2577091_2576980,37.2754,-76.74979,119,6976
12_2577091_2576980,37.27531,-76.7497,120,6988
12_2577091_2576980,37.27523,-76.7495,121,7008
12_2577091_2576980,37.27507,-76.74971,122,7034
12_2577091_2576980,37.27461,-76.75034,123,7110
12_2577091_2576980,37.27434,-76.7507,124,7153
12_2577091_2576980,37.27349,-76.75185,125,7292
12_2577091_2576980,37.27338,-76.75199,126,7310
12_2577091_2576980,37.27332,-76.75208,127,7320
12_2577091_2576980,37.2733,-76.75211,128,7324
12_2577091_2576980,37.27326,-76.75216,129,7330
12_2577091_2576980,37.27325,-76.75217,130,7331
12_2577091_2576980,37.27321,-76.75224,131,7339
12_2577091_2576980,37.27313,-76.75235,132,7352
12_2577091_2576980,37.27195,-76.754,133,7548
12_2577091_2576980,37.27141,-76.75471,134,7635
12_2577091_2576980,37.2713,-76.75485,135,7653
12_2577091_2576980,37.27121,-76.75498,136,7668
12_2577091_2576980,37.27104,-76.7552,137,7695
12_2577091_2576980,37.27096,-76.7553,138,7708
12_2577091_2576980,37.27087,-76.75544,139,7724
12_2577091_2576980,37.27087,-76.75548,140,7727
12_2577091_2576980,37.2709,-76.75559,141,7737
12_2577091_2576980,37.27094,-76.75569,142,7747
12_2577091_2576980,37.27098,-76.75574,143,7754
12_2577091_2576980,37.2717,-76.75632,144,7849
12_2577091_2576980,37.27187,-76.75645,145,7871
12_2577091_2576980,37.27233,-76.75681,146,7931
12_2577091_2576980,37.27219,-76.75709,147,7960
12_2577091_2576980,37.27215,-76.75718,148,7969
12_2577091_2576980,37.27211,-76.75726,149,7978
12_2577091_2576980,37.27208,-76.75735,150,7986
12_2577091_2576980,37.27206,-76.75743,151,7994
12_2577091_2576980,37.27205,-76.75752,152,8002
12_2577091_2576980,37.27205,-76.7576,153,8009
12_2577091_2576980,37.27205,-76.75768,154,8016
12_2577091_2576980,37.27206,-76.75775,155,8022
12_2577091_2576980,37.27207,-76.75783,156,8030
12_2577091_2576980,37.27208,-76.75794,157,8039
12_2577091_2576980,37.27211,-76.75814,158,8057
12_2577091_2576980,37.27214,-76.75834,159,8076
12_2577091_2576980,37.27216,-76.75855,160,8094
12_2577091_2576980,37.27219,-76.75875,161,8112
12_2577091_2576980,37.27222,-76.75895,162,8130
12_2577091_2576980,37.27225,-76.75915,163,8148
12_2577091_2576980,37.27234,-76.75976,164,8203
12_2577091_2576980,37.27242,-76.76033,165,8255
12_2577091_2576980,37.27229,-76.76037,166,8270
12_2577091_2576980,37.27213,-76.76042,167,8288
12_2577091_2576980,37.27197,-76.76046,168,8306
12_2577091_2576980,37.27187,-76.76049,169,8317
12_2577091_2576980,37.27177,-76.76052,170,8329
12_2577091_2576980,37.2717,-76.76054,171,8337
12_2577091_2576980,37.27161,-76.76057,172,8347
12_2577091_2576980,37.27154,-76.7606,173,8355
12_2577091_2576980,37.27145,-76.76063,174,8366
12_2577091_2576980,37.27138,-76.76066,175,8374
12_2577091_2576980,37.2713,-76.76069,176,8383
12_2577091_2576980,37.27123,-76.76072,177,8391
12_2577091_2576980,37.27114,-76.76076,178,8402
12_2577091_2576980,37.27108,-76.7608,179,8410
12_2577091_2576980,37.27098,-76.76086,180,8422
12_2577091_2576980,37.27083,-76.76096,181,8441
12_2577091_2576980,37.27067,-76.76106,182,8461
12_2577091_2576980,37.27059,-76.7611,183,8470
12_2577091_2576980,37.27049,-76.76114,184,8482
12_2577091_2576980,37.27033,-76.76121,185,8501
12_2577091_2576980,37.27022,-76.76125,186,8513
12_2577091_2576980,37.27014,-76.7607,187,8563
12_2577091_2576980,37.27008,-76.76034,188,8595
12_2577091_2576980,37.27005,-76.76021,189,8607
12_2577091_2576980,37.26999,-76.76005,190,8623
12_2577091_2576980,37.2699,-76.75987,191,8642
12_2577091_2576980,37.26976,-76.75966,192,8666
12_2577091_2576980,37.26965,-76.75986,193,8688
12_2577091_2576980,37.26948,-76.7601,194,8716
12_2577091_2576980,37.26917,-76.76047,195,8764
12_2577091_2576980,37.26904,-76.76061,196,8783
12_2577091_2576980,37.26885,-76.76087,197,8814
12_2577091_2576980,37.2687,-76.76108,198,8839
12_2577091_2576980,37.26862,-76.7612,199,8853
12_2577091_2576980,37.26854,-76.76137,200,8870
12_2577091_2576980,37.26849,-76.76151,201,8884
12_2577091_2576980,37.26844,-76.76165,202,8898
12_2577091_2576980,37.26837,-76.76195,203,8925
12_2577091_2576980,37.26828,-76.7623,204,8958
12_2577091_2576980,37.2682,-76.76256,205,8983
12_2577091_2576980,37.26795,-76.76359,206,9078
12_2577091_2576980,37.26792,-76.76371,207,9089
12_2577091_2576980,37.26785,-76.76367,208,9098
12_2577091_2576980,37.26767,-76.76357,209,9120
12_2577091_2576980,37.26745,-76.7634,210,9148
12_2577091_2576980,37.26736,-76.76335,211,9159
12_2577091_2576980,37.26725,-76.76331,212,9172
12_2577091_2576980,37.26715,-76.76329,213,9183
12_2577091_2576980,37.26697,-76.76329,214,9203
12_2577091_2576980,37.26698,-76.76314,215,9217
12_2577091_2576980,37.26697,-76.76294,216,9234
12_2577091_2576980,37.26697,-76.76285,217,9242
12_2577091_2576980,37.26695,-76.76274,218,9252
12_2577091_2576980,37.26691,-76.76265,219,9261
12_2577091_2576980,37.26685,-76.76254,220,9273
12_2577091_2576980,37.2668,-76.76249,221,9280
12_2577091_2576980,37.26686,-76.76241,222,9290
12_2577091_2576980,37.26692,-76.76236,223,9298
12_2577091_2576980,37.26696,-76.76234,224,9303
12_2577091_2576980,37.26702,-76.76233,225,9310
12_2577091_2576980,37.26741,-76.76229,226,9353
12_2577091_2576980,37.26745,-76.76231,227,9358
12_2577091_2576980,37.26749,-76.76234,228,9363
12_2577091_2576980,37.26751,-76.76238,229,9367
12_2577091_2576980,37.26752,-76.76243,230,9372
12_2577091_2576980,37.26752,-76.76247,231,9375
12_2577091_2576980,37.26749,-76.76254,232,9382
12_2577091_2576980,37.26745,-76.7626,233,9389
12_2577091_2576980,37.26735,-76.76271,234,9404
12_2577091_2576980,37.26714,-76.76289,235,9432
12_2577091_2576980,37.26708,-76.76292,236,9439
12_2577091_2576980,37.26702,-76.76294,237,9446
12_2577091_2576980,37.26697,-76.76294,238,9452
12_2577091_2576980,37.26698,-76.76314,239,9470
12_2577091_2576980,37.26711,-76.76316,240,9484
12_2576980_2577091,37.267113,-76.763161,0,0
12_2576980_2577091,37.267208,-76.763168,1,11
12_2576980_2577091,37.267467,-76.76326,2,40
12_2576980_2577091,37.267887,-76.76355,3,94
12_2576980_2577091,37.268353,-76.761696,4,266
12_2576980_2577091,37.268524,-76.761253,5,310
12_2576980_2577091,37.268719,-76.76088,6,349
12_2576980_2577091,37.269238,-76.760155,7,436
12_2576980_2577091,37.269413,-76.759949,8,462
12_2576980_2577091,37.269604,-76.759659,9,496
12_2576980_2577091,37.269745,-76.759399,10,523
12_2576980_2577091,37.269855,-76.759109,11,552
12_2576980_2577091,37.269993,-76.758606,12,599
12_2576980_2577091,37.270039,-76.758347,13,623
12_2576980_2577091,37.270218,-76.756897,14,753
12_2576980_2577091,37.270264,-76.756625,15,777
12_2576980_2577091,37.270326,-76.756356,16,802
12_2576980_2577091,37.270465,-76.755924,17,843
12_2576980_2577091,37.270559,-76.755706,18,865
12_2576980_2577091,37.270737,-76.755378,19,901
12_2576980_2577091,37.27134,-76.754537,20,1001
12_2576980_2577091,37.273026,-76.752187,21,1281
12_2576980_2577091,37.274231,-76.750562,22,1477
12_2576980_2577091,37.275103,-76.749353,23,1622
12_2576980_2577091,37.275225,-76.749497,24,1641
12_2576980_2577091,37.275369,-76.749536,25,1657
12_2576980_2577091,37.275591,-76.749735,26,1687
12_2576980_2577091,37.275711,-76.749799,27,1702
12_2576980_2577091,37.275976,-76.749837,28,1731
12_2576980_2577091,37.276334,-76.749821,29,1771
12_2576980_2577091,37.276408,-76.749849,30,1780
12_2576980_2577091,37.276734,-76.749725,31,1817
12_2576980_2577091,37.27821,-76.748806,32,2000
12_2576980_2577091,37.278648,-76.748534,33,2055
12_2576980_2577091,37.278767,-76.748422,34,2071
12_2576980_2577091,37.279317,-76.747346,35,2184
12_2576980_2577091,37.279495,-76.747048,36,2217
12_2576980_2577091,37.28145,-76.744549,37,2527
12_2576980_2577091,37.281655,-76.744254,38,2562
12_2576980_2577091,37.281759,-76.744076,39,2582
12_2576980_2577091,37.281936,-76.743696,40,2621
12_2576980_2577091,37.282338,-76.742663,41,2723
12_2576980_2577091,37.282705,-76.741971,42,2796
12_2576980_2577091,37.281227,-76.740599,43,3000
12_2576980_2577091,37.280077,-76.739555,44,3158
12_2576980_2577091,37.279789,-76.739281,45,3198
12_2576980_2577091,37.279736,-76.739204,46,3207
12_2576980_2577091,37.279655,-76.739143,47,3218
12_2576980_2577091,37.279602,-76.739021,48,3230
12_2576980_2577091,37.279537,-76.738754,49,3255
12_2576980_2577091,37.279377,-76.737663,50,3353
12_2576980_2577091,37.280193,-76.737465,51,3445
12_2576980_2577091,37.28072,-76.737267,52,3507
12_2576980_2577091,37.282574,-76.736389,53,3726
12_2576980_2577091,37.28278,-76.736275,54,3751
12_2576980_2577091,37.28297,-76.736145,55,3776
12_2576980_2577091,37.283184,-76.736046,56,3801
12_2576980_2577091,37.283512,-76.735756,57,3845
12_2576980_2577091,37.284145,-76.735146,58,3934
12_2576980_2577091,37.284636,-76.734739,59,3999
12_2576980_2577091,37.284958,-76.734535,60,4039
12_2576980_2577091,37.285362,-76.734337,61,4088
12_2576980_2577091,37.285568,-76.734261,62,4111
12_2576980_2577091,37.285812,-76.734192,63,4139
12_2576980_2577091,37.286312,-76.734085,64,4195
12_2576980_2577091,37.287865,-76.733963,65,4368
12_2576980_2577091,37.28804,-76.733894,66,4389
12_2576980_2577091,37.288403,-76.733795,67,4430
12_2576980_2577091,37.288509,-76.733734,68,4443
12_2576980_2577091,37.288647,-76.733589,69,4463
12_2576980_2577091,37.288715,-76.733482,70,4475
12_2576980_2577091,37.288807,-76.733238,71,4499
12_2576980_2577091,37.289165,-76.729591,72,4825
12_2576980_2577091,37.289234,-76.729057,73,4873
12_2576980_2577091,37.289284,-76.728798,74,4896
12_2576980_2577091,37.28931,-76.728668,75,4908
12_2576980_2577091,37.289383,-76.72831,76,4941
12_2576980_2577091,37.289312,-76.728668,77,4973
12_2576980_2577091,37.289368,-76.728382,78,5000
12_2576980_2577091,37.289496,-76.727761,79,5056
12_2576980_2577091,37.288386,-76.727375,80,5184
12_2576980_2577091,37.28815,-76.727341,81,5211
12_2576980_2577091,37.28799,-76.727344,82,5228
12_2576980_2577091,37.287337,-76.727424,83,5301
12_2576980_2577091,37.286417,-76.727609,84,5405
12_2576980_2577091,37.286274,-76.727628,85,5421
12_2576980_2577091,37.285999,-76.727624,86,5451
12_2576980_2577091,37.285661,-76.727565,87,5489
12_2576980_2577091,37.285387,-76.727469,88,5521
12_2576980_2577091,37.285264,-76.727411,89,5535
12_2576980_2577091,37.284289,-76.726834,90,5655
12_2576980_2577091,37.284012,-76.726701,91,5688
12_2576980_2577091,37.28369,-76.726596,92,5725
12_2576980_2577091,37.283512,-76.726557,93,5745
12_2576980_2577091,37.283158,-76.726524,94,5784
12_2576980_2577091,37.281579,-76.726571,95,5959
12_2576980_2577091,37.281443,-76.726572,96,5974
12_2576980_2577091,37.281234,-76.726541,97,5998
12_2576980_2577091,37.280957,-76.726454,98,6030
12_2576980_2577091,37.28084,-76.726397,99,6043
12_2576980_2577091,37.280724,-76.726327,100,6058
12_2576980_2577091,37.280535,-76.726177,101,6083
12_2576980_2577091,37.280345,-76.725979,102,6110
12_2576980_2577091,37.279706,-76.72522,103,6208
12_2576980_2577091,37.281915,-76.720857,104,6666
12_2576980_2577091,37.282405,-76.719856,105,6770
12_2576980_2577091,37.28253,-76.719526,106,6802
12_2576980_2577091,37.281103,-76.718869,107,6971
12_2576980_2577091,37.280886,-76.718735,108,6998
12_2576980_2577091,37.280651,-76.718559,109,7028
12_2576980_2577091,37.27951,-76.7174,110,7191
12_2576980_2577091,37.279243,-76.717102,111,7231
12_2576980_2577091,37.27869,-76.716629,112,7305
12_2576980_2577091,37.278259,-76.716331,113,7360
12_2576980_2577091,37.27684,-76.715576,114,7531
12_2576980_2577091,37.276573,-76.715401,115,7565
12_2576980_2577091,37.27626,-76.715149,116,7606
12_2576980_2577091,37.275074,-76.714111,117,7766
12_2576980_2577091,37.274509,-76.713669,118,7840
12_2576980_2577091,37.273933,-76.713142,119,7920
12_2576980_2577091,37.273521,-76.712555,120,7989
12_2576980_2577091,37.273488,-76.712488,121,7996
12_2576980_2577091,37.27161,-76.708687,122,8392
12_2576980_2577091,37.271019,-76.707451,123,8520
12_2576980_2577091,37.275295,-76.70779,124,8995
12_2576980_2577091,37.276066,-76.707863,125,9081
12_2576980_2577091,37.27623,-76.707977,126,9102
12_2576980_2577091,37.276283,-76.708168,127,9120
5_2577091_2576832,37.276314,-76.7082753,0,0
5_2577091_2576832,37.276554,-76.709106,1,78
5_2577091_2576832,37.274349,-76.708939,2,323
5_2577091_2576832,37.273769,-76.708878,3,388
5_2577091_2576832,37.272846,-76.708817,4,491
5_2577091_2576832,37.271942,-76.709358,5,602
5_2577091_2576832,37.273521,-76.712555,6,935
5_2577091_2576832,37.273843,-76.713015,7,989
5_2577091_2576832,37.27384,-76.71302,8,990
5_2577091_2576832,37.27393,-76.71314,9,1005
5_2577091_2576832,37.27407,-76.71326,10,1023
5_2577091_2576832,37.27411,-76.71329,11,1029
5_2577091_2576832,37.27413,-76.71331,12,1031
5_2577091_2576832,37.27446,-76.71362,13,1077
5_2577091_2576832,37.27452,-76.71367,14,1085
5_2577091_2576832,37.27454,-76.71368,15,1088
5_2577091_2576832,37.27457,-76.71371,16,1092
5_2577091_2576832,37.27505,-76.71409,17,1155
5_2577091_2576832,37.27542,-76.71442,18,1205
5_2577091_2576832,37.27546,-76.71445,19,1210
5_2577091_2576832,37.27568,-76.71463,20,1240
5_2577091_2576832,37.27572,-76.71467,21,1245
5_2577091_2576832,37.27594,-76.71486,22,1275
5_2577091_2576832,37.27626,-76.71514,23,1318
5_2577091_2576832,37.27655,-76.71537,24,1356
5_2577091_2576832,37.27658,-76.7154,25,1361
5_2577091_2576832,37.27659,-76.71541,26,1362
5_2577091_2576832,37.27661,-76.71543,27,1365
5_2577091_2576832,37.27663,-76.71544,28,1367
5_2577091_2576832,37.27684,-76.71558,29,1394
5_2577091_2576832,37.27735,-76.71585,30,1455
5_2577091_2576832,37.27784,-76.71611,31,1514
5_2577091_2576832,37.27792,-76.71615,32,1524
5_2577091_2576832,37.27826,-76.71633,33,1565
5_2577091_2576832,37.27832,-76.71637,34,1572
5_2577091_2576832,37.27835,-76.71639,35,1576
5_2577091_2576832,37.27864,-76.71659,36,1613
5_2577091_2576832,37.27869,-76.71663,37,1619
5_2577091_2576832,37.27893,-76.71684,38,1652
5_2577091_2576832,37.27924,-76.7171,39,1693
5_2577091_2576832,37.27951,-76.7174,40,1733
5_2577091_2576832,37.27977,-76.71766,41,1770
5_2577091_2576832,37.27982,-76.7177,42,1777
5_2577091_2576832,37.28005,-76.71794,43,1810
5_2577091_2576832,37.28032,-76.71821,44,1848
5_2577091_2576832,37.28065,-76.71856,45,1896
5_2577091_2576832,37.28078,-76.71866,46,1913
5_2577091_2576832,37.28082,-76.71869,47,1919
5_2577091_2576832,37.28086,-76.71872,48,1924
5_2577091_2576832,37.2811,-76.71887,49,1954
5_2577091_2576832,37.2813,-76.71896,50,1977
5_2577091_2576832,37.281304,-76.718963,51,1978
5_2577091_2576832,37.282532,-76.719528,52,2123
5_2577091_2576832,37.282337,-76.720001,53,2170
5_2577091_2576832,37.281494,-76.721703,54,2348
5_2577091_2576832,37.280036,-76.724559,55,2648
5_2577091_2576832,37.279886,-76.724885,56,2681
5_2577091_2576832,37.279095,-76.726358,57,2839
5_2577091_2576832,37.278468,-76.727717,58,2978
5_2577091_2576832,37.278086,-76.728615,59,3068
5_2577091_2576832,37.27786,-76.729227,60,3128
5_2577091_2576832,37.276019,-76.735351,61,3708
5_2577091_2576832,37.275854,-76.736058,62,3774
5_2577091_2576832,37.275803,-76.736326,63,3798
5_2577091_2576832,37.275778,-76.736617,64,3824
5_2577091_2576832,37.275777,-76.736806,65,3841
5_2577091_2576832,37.275806,-76.737162,66,3872
5_2577091_2576832,37.275945,-76.738359,67,3980
5_2577091_2576832,37.27626,-76.741352,68,4247
5_2577091_2576832,37.276801,-76.745945,69,4659
5_2577091_2576832,37.276813,-76.746432,70,4702
5_2577091_2576832,37.276753,-76.746865,71,4741
5_2577091_2576832,37.276638,-76.747314,72,4783
5_2577091_2576832,37.276478,-76.747699,73,4822
5_2577091_2576832,37.276667,-76.747723,74,4843
5_2577091_2576832,37.27703,-76.748034,75,4892
5_2577091_2576832,37.277269,-76.748211,76,4922
5_2577091_2576832,37.277329,-76.748311,77,4933
5_2577091_2576832,37.277536,-76.74846,78,4960
5_2577091_2576832,37.277682,-76.748615,79,4981
5_2577091_2576832,37.277809,-76.748809,80,5003
5_2577091_2576832,37.277889,-76.749001,81,5023
5_2577091_2576832,37.276734,-76.749725,82,5166
5_2577091_2576832,37.276408,-76.749849,83,5204
5_2577091_2576832,37.276334,-76.749917,84,5214
5_2577091_2576832,37.276193,-76.749944,85,5230
5_2577091_2576832,37.27586,-76.74996,86,5267
5_2577091_2576832,37.275741,-76.749955,87,5280
5_2577091_2576832,37.275574,-76.749907,88,5299
5_2577091_2576832,37.275433,-76.749826,89,5316
5_2577091_2576832,37.275314,-76.749697,90,5334
5_2577091_2576832,37.275225,-76.749497,91,5354
5_2577091_2576832,37.275103,-76.749353,92,5373
5_2577091_2576832,37.275891,-76.748295,93,5501
5_2577091_2576832,37.276291,-76.747719,94,5569
5_2577091_2576832,37.276478,-76.747269,95,5614
5_2577091_2576832,37.276588,-76.746857,96,5652
5_2577091_2576832,37.276646,-76.746429,97,5691
5_2577091_2576832,37.276638,-76.745949,98,5733
5_2577091_2576832,37.276319,-76.743178,99,5981
5_2577091_2576832,37.276054,-76.740929,100,6183
5_2577091_2576832,37.275978,-76.74053,101,6219
5_2577091_2576832,37.275819,-76.739882,102,6279
5_2577091_2576832,37.27566,-76.738731,103,6383
5_2577091_2576832,37.275342,-76.738792,104,6419
5_2577091_2576832,37.275051,-76.738885,105,6452
5_2577091_2576832,37.274878,-76.738959,106,6472
5_2577091_2576832,37.27441,-76.739235,107,6530
5_2577091_2576832,37.274273,-76.739287,108,6546
5_2577091_2576832,37.273979,-76.739013,109,6586
5_2577091_2576832,37.27383,-76.738938,110,6604
5_2577091_2576832,37.273556,-76.738899,111,6635
5_2577091_2576832,37.273045,-76.738892,112,6691
5_2577091_2576832,37.272663,-76.738907,113,6734
5_2577091_2576832,37.272308,-76.738945,114,6773
5_2577091_2576832,37.272003,-76.739021,115,6808
5_2577091_2576832,37.271744,-76.73912,116,6838
5_2577091_2576832,37.271198,-76.739349,117,6902
5_2577091_2576832,37.270542,-76.739649,118,6979
5_2577091_2576832,37.269722,-76.740005,119,7076
5_2577091_2576832,37.269344,-76.74015,120,7120
5_2577091_2576832,37.269012,-76.740242,121,7157
5_2577091_2576832,37.267697,-76.740594,122,7307
5_2577091_2576832,37.26649,-76.740885,123,7443
5_2577091_2576832,37.26564,-76.741059,124,7539
5_2577091_2576832,37.265325,-76.74108,125,7574
5_2577091_2576832,37.265009,-76.741029,126,7609
5_2577091_2576832,37.264526,-76.740799,127,7666
5_2577091_2576832,37.262349,-76.739542,128,7932
5_2577091_2576832,37.261999,-76.739298,129,7977
5_2577091_2576832,37.261728,-76.739079,130,8013
5_2577091_2576832,37.26154,-76.738877,131,8040
5_2577091_2576832,37.261299,-76.738521,132,8081
5_2577091_2576832,37.261184,-76.738287,133,8106
5_2577091_2576832,37.261004,-76.737982,134,8139
5_2577091_2576832,37.260872,-76.737814,135,8160
5_2577091_2576832,37.260703,-76.73766,136,8184
5_2577091_2576832,37.260585,-76.737578,137,8199
5_2577091_2576832,37.25978,-76.739339,138,8378
5_2577091_2576832,37.259652,-76.739701,139,8414
5_2577091_2576832,37.259589,-76.739936,140,8436
5_2577091_2576832,37.259525,-76.740311,141,8470
5_2577091_2576832,37.259443,-76.741749,142,8597
5_2577091_2576832,37.258788,-76.741769,143,8670
5_2577091_2576832,37.258644,-76.741713,144,8687
5_2577091_2576832,37.257975,-76.741707,145,8761
5_2577091_2576832,37.257061,-76.741745,146,8863
5_2577091_2576832,37.256942,-76.741737,147,8876
5_2577091_2576832,37.256647,-76.741669,148,8909
5_2577091_2576832,37.256681,-76.7414302,149,8931
5_2576832_2577091,37.256681,-76.74143,0,0
5_2576832_2577091,37.256697,-76.74118,1,22
5_2576832_2577091,37.256664,-76.740236,2,106
5_2576832_2577091,37.256642,-76.739828,3,142
5_2576832_2577091,37.256601,-76.739616,4,162
5_2576832_2577091,37.256555,-76.739483,5,175
5_2576832_2577091,37.256449,-76.739273,6,197
5_2576832_2577091,37.255809,-76.738359,7,304
5_2576832_2577091,37.256669,-76.737411,8,432
5_2576832_2577091,37.257653,-76.738811,9,597
5_2576832_2577091,37.257691,-76.738929,10,608
5_2576832_2577091,37.257847,-76.739843,11,691
5_2576832_2577091,37.258148,-76.739768,12,725
5_2576832_2577091,37.25815,-76.73977,13,725
5_2576832_2577091,37.25843,-76.7397,14,757
5_2576832_2577091,37.25846,-76.7399,15,775
5_2576832_2577091,37.2585,-76.74013,16,796
5_2576832_2577091,37.25852,-76.74026,17,808
5_2576832_2577091,37.25855,-76.74041,18,822
5_2576832_2577091,37.25857,-76.74048,19,828
5_2576832_2577091,37.25857,-76.74051,20,831
5_2576832_2577091,37.25859,-76.74062,21,841
5_2576832_2577091,37.2586,-76.74073,22,851
5_2576832_2577091,37.2586,-76.74078,23,855
5_2576832_2577091,37.2586,-76.74084,24,860
5_2576832_2577091,37.25861,-76.74108,25,882
5_2576832_2577091,37.25861,-76.7411,26,883
5_2576832_2577091,37.25862,-76.74142,27,912
5_2576832_2577091,37.25863,-76.74152,28,921
5_2576832_2577091,37.25864,-76.74171,29,938
5_2576832_2577091,37.25879,-76.74167,30,955
5_2576832_2577091,37.25922,-76.74165,31,1002
5_2576832_2577091,37.25929,-76.74166,32,1010
5_2576832_2577091,37.25933,-76.74119,33,1052
5_2576832_2577091,37.25934,-76.74089,34,1079
5_2576832_2577091,37.25934,-76.74062,35,1103
5_2576832_2577091,37.25936,-76.74038,36,1124
5_2576832_2577091,37.2594,-76.7401,37,1149
5_2576832_2577091,37.25945,-76.73985,38,1172
5_2576832_2577091,37.25952,-76.73961,39,1195
5_2576832_2577091,37.25958,-76.73942,40,1213
5_2576832_2577091,37.25962,-76.73933,41,1222
5_2576832_2577091,37.25969,-76.73916,42,1239
5_2576832_2577091,37.25981,-76.73891,43,1265
5_2576832_2577091,37.25989,-76.73874,44,1283
5_2576832_2577091,37.25999,-76.73854,45,1303
5_2576832_2577091,37.26006,-76.73838,46,1320
5_2576832_2577091,37.26008,-76.73833,47,1325
5_2576832_2577091,37.260077,-76.738342,48,1326
5_2576832_2577091,37.260485,-76.737508,49,1412
5_2576832_2577091,37.260703,-76.73766,50,1440
5_2576832_2577091,37.260872,-76.737814,51,1463
5_2576832_2577091,37.261004,-76.737982,52,1484
5_2576832_2577091,37.261419,-76.738716,53,1564
5_2576832_2577091,37.26154,-76.738877,54,1584
5_2576832_2577091,37.261728,-76.739079,55,1611
5_2576832_2577091,37.261882,-76.739212,56,1632
5_2576832_2577091,37.262349,-76.739542,57,1691
5_2576832_2577091,37.262583,-76.739678,58,1720
5_2576832_2577091,37.264526,-76.740799,59,1957
5_2576832_2577091,37.265009,-76.741029,60,2015
5_2576832_2577091,37.265325,-76.74108,61,2050
5_2576832_2577091,37.26564,-76.741059,62,2085
5_2576832_2577091,37.26649,-76.740885,63,2181
5_2576832_2577091,37.267763,-76.740575,64,2325
5_2576832_2577091,37.269343,-76.740148,65,2504
5_2576832_2577091,37.269721,-76.740003,66,2548
5_2576832_2577091,37.271745,-76.739122,67,2786
5_2576832_2577091,37.272005,-76.739024,68,2816
5_2576832_2577091,37.272309,-76.738943,69,2850
5_2576832_2577091,37.273044,-76.738891,70,2932
5_2576832_2577091,37.273555,-76.738899,71,2989
5_2576832_2577091,37.27383,-76.73894,72,3019
5_2576832_2577091,37.273978,-76.739014,73,3037
5_2576832_2577091,37.274271,-76.73929,74,3078
5_2576832_2577091,37.27437,-76.73915,75,3094
5_2576832_2577091,37.274616,-76.738941,76,3127
5_2576832_2577091,37.274805,-76.738801,77,3152
5_2576832_2577091,37.274935,-76.738731,78,3168
5_2576832_2577091,37.275288,-76.738591,79,3209
5_2576832_2577091,37.275501,-76.738535,80,3233
5_2576832_2577091,37.275635,-76.738507,81,3248
5_2576832_2577091,37.275955,-76.738447,82,3284
5_2576832_2577091,37.276006,-76.738886,83,3323
5_2576832_2577091,37.27626,-76.741352,84,3544
5_2576832_2577091,37.276801,-76.745945,85,3955
5_2576832_2577091,37.276813,-76.746432,86,3998
5_2576832_2577091,37.276753,-76.746865,87,4037
5_2576832_2577091,37.276638,-76.747314,88,4079
5_2576832_2577091,37.276478,-76.747699,89,4118
5_2576832_2577091,37.276667,-76.747723,90,4139
5_2576832_2577091,37.27703,-76.748034,91,4188
5_2576832_2577091,37.277269,-76.748211,92,4218
5_2576832_2577091,37.277329,-76.748311,93,4230
5_2576832_2577091,37.277612,-76.74853,94,4266
5_2576832_2577091,37.277728,-76.748676,95,4285
5_2576832_2577091,37.277809,-76.748809,96,4300
5_2576832_2577091,37.277889,-76.749001,97,4319
5_2576832_2577091,37.277843,-76.749029,98,4324
5_2576832_2577091,37.276734,-76.749725,99,4462
5_2576832_2577091,37.276408,-76.749849,100,4500
5_2576832_2577091,37.276334,-76.749917,101,4510
5_2576832_2577091,37.276193,-76.749944,102,4526
5_2576832_2577091,37.275741,-76.749955,103,4576
5_2576832_2577091,37.275574,-76.749907,104,4595
5_2576832_2577091,37.275433,-76.749826,105,4612
5_2576832_2577091,37.275314,-76.749697,106,4630
5_2576832_2577091,37.275225,-76.749497,107,4650
5_2576832_2577091,37.275103,-76.749353,108,4669
5_2576832_2577091,37.275891,-76.748295,109,4797
5_2576832_2577091,37.276291,-76.747719,110,4865
5_2576832_2577091,37.276478,-76.747269,111,4910
5_2576832_2577091,37.276588,-76.746857,112,4948
5_2576832_2577091,37.276646,-76.746429,113,4987
5_2576832_2577091,37.276638,-76.745949,114,5029
5_2576832_2577091,37.276259,-76.742652,115,5325
5_2576832_2577091,37.276054,-76.740931,116,5479
5_2576832_2577091,37.275978,-76.740531,117,5515
5_2576832_2577091,37.275818,-76.739871,118,5577
5_2576832_2577091,37.275741,-76.739396,119,5620
5_2576832_2577091,37.275663,-76.738733,120,5679
5_2576832_2577091,37.275635,-76.738507,121,5699
5_2576832_2577091,37.27557,-76.737964,122,5748
5_2576832_2577091,37.275531,-76.737563,123,5784
5_2576832_2577091,37.275532,-76.737284,124,5809
5_2576832_2577091,37.275559,-76.736996,125,5834
5_2576832_2577091,37.27561,-76.736708,126,5860
5_2576832_2577091,37.275697,-76.736386,127,5891
5_2576832_2577091,37.277086,-76.731787,128,6327
5_2576832_2577091,37.27786,-76.729227,129,6569
5_2576832_2577091,37.278086,-76.728615,130,6629
5_2576832_2577091,37.278364,-76.727943,131,6696
5_2576832_2577091,37.279095,-76.726358,132,6858
5_2576832_2577091,37.279886,-76.724885,133,7016
5_2576832_2577091,37.280036,-76.724559,134,7049
5_2576832_2577091,37.281387,-76.721911,135,7328
5_2576832_2577091,37.282337,-76.720002,136,7527
5_2576832_2577091,37.28253,-76.719526,137,7575
5_2576832_2577091,37.281103,-76.718869,138,7743
5_2576832_2577091,37.280858,-76.718718,139,7774
5_2576832_2577091,37.280651,-76.718559,140,7801
5_2576832_2577091,37.27951,-76.7174,141,7964
5_2576832_2577091,37.279243,-76.717102,142,8003
5_2576832_2577091,37.27869,-76.716629,143,8078
5_2576832_2577091,37.278259,-76.716331,144,8132
5_2576832_2577091,37.27684,-76.715576,145,8303
5_2576832_2577091,37.276661,-76.715457,146,8326
5_2576832_2577091,37.27626,-76.715149,147,8378
5_2576832_2577091,37.275074,-76.714111,148,8539
5_2576832_2577091,37.274509,-76.713669,149,8613
5_2576832_2577091,37.273933,-76.713142,150,8692
5_2576832_2577091,37.273521,-76.712555,151,8761
5_2576832_2577091,37.27161,-76.708687,152,9164
5_2576832_2577091,37.271019,-76.707451,153,9292
5_2576832_2577091,37.271324,-76.70747,154,9326
5_2576832_2577091,37.274689,-76.707733,155,9700
5_2576832_2577091,37.276066,-76.707863,156,9853
5_2576832_2577091,37.27623,-76.707977,157,9874
5_2576832_2577091,37.276283,-76.708168,158,9892
3_2577091_2577048,37.2763185,-76.7082726,0,0
3_2577091_2577048,37.27634,-76.70835,1,7
3_2577091_2577048,37.2764,-76.70857,2,28
3_2577091_2577048,37.27651,-76.70897,3,65
3_2577091_2577048,37.27652,-76.70899,4,67
3_2577091_2577048,37.27655,-76.70911,5,79
3_2577091_2577048,37.27637,-76.7091,6,99
3_2577091_2577048,37.27629,-76.70909,7,108
3_2577091_2577048,37.27607,-76.70908,8,132
3_2577091_2577048,37.27593,-76.70906,9,148
3_2577091_2577048,37.27564,-76.70904,10,180
3_2577091_2577048,37.27557,-76.70903,11,188
3_2577091_2577048,37.27556,-76.70896,12,194
3_2577091_2577048,37.27556,-76.7089,13,199
3_2577091_2577048,37.27553,-76.70869,14,218
3_2577091_2577048,37.2755,-76.70842,15,242
3_2577091_2577048,37.27547,-76.70819,16,263
3_2577091_2577048,37.27543,-76.70792,17,287
3_2577091_2577048,37.27543,-76.70789,18,290
3_2577091_2577048,37.27543,-76.7078,19,298
3_2577091_2577048,37.27542,-76.70772,20,305
3_2577091_2577048,37.27542,-76.70767,21,310
3_2577091_2577048,37.27546,-76.70683,22,384
3_2577091_2577048,37.27548,-76.70628,23,433
3_2577091_2577048,37.27548,-76.70616,24,444
3_2577091_2577048,37.27559,-76.70617,25,456
3_2577091_2577048,37.2757,-76.70618,26,468
3_2577091_2577048,37.27585,-76.70619,27,485
3_2577091_2577048,37.27589,-76.70619,28,489
3_2577091_2577048,37.27593,-76.70619,29,494
3_2577091_2577048,37.27594,-76.70619,30,495
3_2577091_2577048,37.27611,-76.70618,31,514
3_2577091_2577048,37.27631,-76.70616,32,536
3_2577091_2577048,37.27632,-76.70616,33,537
3_2577091_2577048,37.27647,-76.70614,34,554
3_2577091_2577048,37.27663,-76.7061,35,572
3_2577091_2577048,37.27678,-76.70606,36,589
3_2577091_2577048,37.27692,-76.706,37,605
3_2577091_2577048,37.27701,-76.70596,38,616
3_2577091_2577048,37.27708,-76.70593,39,624
3_2577091_2577048,37.27712,-76.7059,40,629
3_2577091_2577048,37.2772,-76.70585,41,639
3_2577091_2577048,37.27738,-76.70573,42,662
3_2577091_2577048,37.2775,-76.70562,43,678
3_2577091_2577048,37.27757,-76.70555,44,688
3_2577091_2577048,37.27774,-76.70538,45,713
3_2577091_2577048,37.2781,-76.70497,46,767
3_2577091_2577048,37.27849,-76.7044,47,833
3_2577091_2577048,37.27883,-76.70396,48,887
3_2577091_2577048,37.27918,-76.7034,49,950
3_2577091_2577048,37.2799,-76.7024,50,1070
3_2577091_2577048,37.27998,-76.70218,51,1091
3_2577091_2577048,37.27999,-76.70196,52,1111
3_2577091_2577048,37.27994,-76.70175,53,1130
3_2577091_2577048,37.2795,-76.70119,54,1200
3_2577091_2577048,37.27902,-76.70066,55,1271
3_2577091_2577048,37.27872,-76.70034,56,1315
3_2577091_2577048,37.27797,-76.69971,57,1415
3_2577091_2577048,37.27781,-76.69958,58,1436
3_2577091_2577048,37.2779,-76.6994,59,1455
3_2577091_2577048,37.27818,-76.69905,60,1499
3_2577091_2577048,37.27843,-76.69871,61,1540
3_2577091_2577048,37.27859,-76.69853,62,1564
3_2577091_2577048,37.27823,-76.69808,63,1620
3_2577091_2577048,37.27807,-76.69784,64,1648
3_2577091_2577048,37.27807,-76.69771,65,1659
3_2577091_2577048,37.27811,-76.69746,66,1682
3_2577091_2577048,37.27842,-76.69621,67,1798
3_2577091_2577048,37.27845,-76.69612,68,1807
3_2577091_2577048,37.27851,-76.69622,69,1818
3_2577091_2577048,37.2786,-76.69604,70,1837
3_2577091_2577048,37.27871,-76.69584,71,1858
3_2577091_2577048,37.27881,-76.69566,72,1878
3_2577091_2577048,37.27891,-76.69548,73,1897
3_2577091_2577048,37.27899,-76.69533,74,1913
3_2577091_2577048,37.27903,-76.69529,75,1919
3_2577091_2577048,37.27913,-76.69524,76,1931
3_2577091_2577048,37.27927,-76.69522,77,1946
3_2577091_2577048,37.27967,-76.69519,78,1991
3_2577091_2577048,37.27982,-76.69519,79,2007
3_2577091_2577048,37.28004,-76.69517,80,2032
3_2577091_2577048,37.2802,-76.69517,81,2050
3_2577091_2577048,37.28029,-76.69523,82,2061
3_2577091_2577048,37.28039,-76.69534,83,2076
3_2577091_2577048,37.28073,-76.69572,84,2126
3_2577091_2577048,37.28082,-76.69583,85,2140
3_2577091_2577048,37.28107,-76.69612,86,2178
3_2577091_2577048,37.28139,-76.69649,87,2226
3_2577091_2577048,37.28163,-76.69677,88,2263
3_2577091_2577048,37.28201,-76.69718,89,2319
3_2577091_2577048,37.28216,-76.69698,90,2343
3_2577091_2577048,37.28222,-76.69689,91,2353
3_2577091_2577048,37.28234,-76.69673,92,2373
3_2577091_2577048,37.28241,-76.69665,93,2383
3_2577091_2577048,37.28243,-76.69662,94,2387
3_2577091_2577048,37.28248,-76.69657,95,2394
3_2577091_2577048,37.2825,-76.69656,96,2396
3_2577091_2577048,37.28255,-76.69644,97,2408
3_2577091_2577048,37.28256,-76.69641,98,2411
3_2577091_2577048,37.28257,-76.69639,99,2413
3_2577091_2577048,37.28258,-76.69635,100,2417
3_2577091_2577048,37.28258,-76.69632,101,2420
3_2577091_2577048,37.28258,-76.69628,102,2423
3_2577091_2577048,37.28258,-76.69623,103,2428
3_2577091_2577048,37.28258,-76.69618,104,2432
3_2577091_2577048,37.28254,-76.69591,105,2456
3_2577091_2577048,37.28228,-76.69536,106,2513
3_2577091_2577048,37.28189,-76.69455,107,2597
3_2577091_2577048,37.28182,-76.6944,108,2612
3_2577091_2577048,37.28082,-76.69233,109,2827
3_2577091_2577048,37.28078,-76.69224,110,2836
3_2577091_2577048,37.2806,-76.69189,111,2873
3_2577091_2577048,37.28048,-76.69166,112,2897
3_2577091_2577048,37.28033,-76.69143,113,2923
3_2577091_2577048,37.28014,-76.6912,114,2953
3_2577091_2577048,37.2801,-76.69117,115,2958
3_2577091_2577048,37.28002,-76.69108,116,2970
3_2577091_2577048,37.27991,-76.69097,117,2986
3_2577091_2577048,37.27971,-76.6908,118,3012
3_2577091_2577048,37.27955,-76.69053,119,3042
3_2577091_2577048,37.27946,-76.69039,120,3058
3_2577091_2577048,37.27922,-76.69001,121,3101
3_2577091_2577048,37.27939,-76.68995,122,3121
3_2577091_2577048,37.27956,-76.68986,123,3141
3_2577091_2577048,37.27972,-76.68978,124,3160
3_2577091_2577048,37.27977,-76.68975,125,3166
3_2577091_2577048,37.27995,-76.68963,126,3189
3_2577091_2577048,37.28009,-76.68952,127,3207
3_2577091_2577048,37.2802,-76.68943,128,3222
3_2577091_2577048,37.28034,-76.6893,129,3241
3_2577091_2577048,37.28046,-76.68919,130,3258
3_2577091_2577048,37.28057,-76.6891,131,3272
3_2577091_2577048,37.28066,-76.68903,132,3284
3_2577091_2577048,37.28081,-76.68891,133,3304
3_2577091_2577048,37.28088,-76.68888,134,3312
3_2577091_2577048,37.28093,-76.68886,135,3318
3_2577091_2577048,37.28109,-76.68877,136,3337
3_2577091_2577048,37.28112,-76.68876,137,3341
3_2577091_2577048,37.28125,-76.6887,138,3356
3_2577091_2577048,37.28132,-76.68867,139,3364
3_2577091_2577048,37.28148,-76.68861,140,3383
3_2577091_2577048,37.28174,-76.68851,141,3413
3_2577091_2577048,37.28185,-76.68847,142,3426
3_2577091_2577048,37.28212,-76.68836,143,3457
3_2577091_2577048,37.2823,-76.68829,144,3478
3_2577091_2577048,37.28253,-76.6882,145,3505
3_2577091_2577048,37.28256,-76.68818,146,3509
3_2577091_2577048,37.28275,-76.68811,147,3531
3_2577091_2577048,37.28294,-76.68804,148,3553
3_2577091_2577048,37.28329,-76.6879,149,3594
3_2577091_2577048,37.28357,-76.6878,150,3626
3_2577091_2577048,37.28361,-76.68778,151,3631
3_2577091_2577048,37.28392,-76.68766,152,3667
3_2577091_2577048,37.28432,-76.68751,153,3713
3_2577091_2577048,37.2852,-76.68716,154,3815
3_2577091_2577048,37.28539,-76.68704,155,3839
3_2577091_2577048,37.28541,-76.68703,156,3841
3_2577091_2577048,37.28558,-76.68694,157,3862
3_2577091_2577048,37.28583,-76.68681,158,3892
3_2577091_2577048,37.28598,-76.68674,159,3910
3_2577091_2577048,37.28619,-76.68663,160,3935
3_2577091_2577048,37.28656,-76.68643,161,3980
3_2577091_2577048,37.28648,-76.68627,162,3996
3_2577091_2577048,37.28641,-76.68614,163,4010
3_2577091_2577048,37.28631,-76.68601,164,4026
3_2577091_2577048,37.28624,-76.68593,165,4037
3_2577091_2577048,37.28613,-76.68585,166,4051
3_2577091_2577048,37.28605,-76.68579,167,4061
3_2577091_2577048,37.28576,-76.68565,168,4096
3_2577091_2577048,37.28569,-76.68561,169,4104
3_2577091_2577048,37.28536,-76.68542,170,4145
3_2577091_2577048,37.28509,-76.68527,171,4178
3_2577091_2577048,37.28477,-76.68506,172,4218
3_2577091_2577048,37.28376,-76.68459,173,4337
3_2577091_2577048,37.28347,-76.68445,174,4372
3_2577091_2577048,37.28329,-76.68437,175,4393
3_2577091_2577048,37.28322,-76.68433,176,4401
3_2577091_2577048,37.28279,-76.68413,177,4452
3_2577091_2577048,37.28191,-76.6837,178,4557
3_2577091_2577048,37.28119,-76.68335,179,4643
3_2577091_2577048,37.28108,-76.6833,180,4656
3_2577091_2577048,37.28016,-76.68286,181,4765
3_2577091_2577048,37.28005,-76.68281,182,4778
3_2577091_2577048,37.2794,-76.68249,183,4856
3_2577091_2577048,37.27912,-76.68236,184,4889
3_2577091_2577048,37.27901,-76.68231,185,4902
3_2577091_2577048,37.27863,-76.68213,186,4947
3_2577091_2577048,37.27834,-76.68199,187,4981
3_2577091_2577048,37.27783,-76.68175,188,5042
3_2577091_2577048,37.27737,-76.68154,189,5096
3_2577091_2577048,37.2772,-76.68146,190,5116
3_2577091_2577048,37.27702,-76.68137,191,5138
3_2577091_2577048,37.27687,-76.6813,192,5156
3_2577091_2577048,37.27632,-76.68105,193,5221
3_2577091_2577048,37.27626,-76.68102,194,5228
3_2577091_2577048,37.27611,-76.68095,195,5245
3_2577091_2577048,37.27469,-76.68027,196,5414
3_2577091_2577048,37.27428,-76.6801,197,5462
3_2577091_2577048,37.27391,-76.67992,198,5506
3_2577091_2577048,37.27345,-76.67969,199,5561
3_2577091_2577048,37.27337,-76.67966,200,5570
3_2577091_2577048,37.27307,-76.67953,201,5606
3_2577091_2577048,37.27278,-76.67939,202,5640
3_2577091_2577048,37.27264,-76.67933,203,5657
3_2577091_2577048,37.27251,-76.67934,204,5671
3_2577091_2577048,37.27244,-76.67932,205,5679
3_2577091_2577048,37.27235,-76.67931,206,5689
3_2577091_2577048,37.27227,-76.67933,207,5698
3_2577091_2577048,37.2722,-76.67935,208,5706
3_2577091_2577048,37.27214,-76.67938,209,5713
3_2577091_2577048,37.27207,-76.67942,210,5722
3_2577091_2577048,37.272,-76.67949,211,5732
3_2577091_2577048,37.27193,-76.67956,212,5742
3_2577091_2577048,37.27187,-76.67965,213,5752
3_2577091_2577048,37.27174,-76.67972,214,5768
3_2577091_2577048,37.27152,-76.67945,215,5802
3_2577091_2577048,37.27128,-76.67919,216,5837
3_2577091_2577048,37.27121,-76.67912,217,5847
3_2577091_2577048,37.27104,-76.67896,218,5871
3_2577091_2577048,37.27102,-76.67894,219,5874
3_2577091_2577048,37.27075,-76.67869,220,5911
3_2577091_2577048,37.27053,-76.67851,221,5940
3_2577091_2577048,37.27037,-76.6784,222,5960
3_2577091_2577048,37.27015,-76.67824,223,5988
3_2577091_2577048,37.27001,-76.67815,224,6006
3_2577091_2577048,37.26986,-76.67804,225,6025
3_2577091_2577048,37.26933,-76.67768,226,6092
3_2577091_2577048,37.26907,-76.67742,227,6129
3_2577091_2577048,37.26885,-76.67727,228,6157
3_2577091_2577048,37.26838,-76.67694,229,6217
3_2577091_2577048,37.26835,-76.67691,230,6221
3_2577091_2577048,37.26818,-76.67679,231,6243
3_2577091_2577048,37.26803,-76.6767,232,6261
3_2577091_2577048,37.26783,-76.67655,233,6287
3_2577091_2577048,37.26755,-76.67636,234,6322
3_2577091_2577048,37.26753,-76.67634,235,6325
3_2577091_2577048,37.26727,-76.67616,236,6358
3_2577091_2577048,37.26722,-76.67613,237,6364
3_2577091_2577048,37.26687,-76.67588,238,6409
3_2577091_2577048,37.26679,-76.67583,239,6419
3_2577091_2577048,37.26606,-76.67534,240,6511
3_2577091_2577048,37.26585,-76.6752,241,6537
3_2577091_2577048,37.26571,-76.67509,242,6556
3_2577091_2577048,37.26568,-76.67507,243,6559
3_2577091_2577048,37.26519,-76.67472,244,6622
3_2577091_2577048,37.26499,-76.67458,245,6647
3_2577091_2577048,37.26492,-76.67453,246,6656
3_2577091_2577048,37.26474,-76.6744,247,6679
3_2577091_2577048,37.26463,-76.67432,248,6694
3_2577091_2577048,37.26451,-76.67424,249,6709
3_2577091_2577048,37.26432,-76.6741,250,6733
3_2577091_2577048,37.26408,-76.67394,251,6763
3_2577091_2577048,37.26402,-76.67389,252,6771
3_2577091_2577048,37.26386,-76.67378,253,6792
3_2577091_2577048,37.26282,-76.67305,254,6924
3_2577091_2577048,37.26238,-76.67274,255,6980
3_2577091_2577048,37.26191,-76.67241,256,7040
3_2577091_2577048,37.2617,-76.67226,257,7067
3_2577091_2577048,37.26115,-76.67188,258,7136
3_2577091_2577048,37.26099,-76.67176,259,7157
3_2577091_2577048,37.26081,-76.67164,260,7180
3_2577091_2577048,37.2606,-76.6715,261,7206
3_2577091_2577048,37.26019,-76.67119,262,7259
3_2577091_2577048,37.26006,-76.67111,263,7275
3_2577091_2577048,37.25999,-76.67106,264,7284
3_2577091_2577048,37.25982,-76.67093,265,7306
3_2577091_2577048,37.25959,-76.67078,266,7335
3_2577091_2577048,37.25936,-76.67061,267,7365
3_2577091_2577048,37.25918,-76.67049,268,7387
3_2577091_2577048,37.25902,-76.67038,269,7408
3_2577091_2577048,37.25888,-76.67028,270,7426
3_2577091_2577048,37.25867,-76.67014,271,7452
3_2577091_2577048,37.2586,-76.67009,272,7461
3_2577091_2577048,37.25854,-76.67004,273,7469
3_2577091_2577048,37.25828,-76.66984,274,7503
3_2577091_2577048,37.25821,-76.66979,275,7512
3_2577091_2577048,37.25808,-76.66968,276,7529
3_2577091_2577048,37.25791,-76.66954,277,7552
3_2577091_2577048,37.25767,-76.66932,278,7585
3_2577091_2577048,37.25748,-76.66913,279,7612
3_2577091_2577048,37.25714,-76.66877,280,7661
3_2577091_2577048,37.25702,-76.66863,281,7679
3_2577091_2577048,37.25694,-76.66854,282,7691
3_2577091_2577048,37.25681,-76.66837,283,7712
3_2577091_2577048,37.25672,-76.66826,284,7726
3_2577091_2577048,37.25652,-76.66801,285,7758
3_2577091_2577048,37.25615,-76.66754,286,7816
3_2577091_2577048,37.2553,-76.66647,287,7950
3_2577091_2577048,37.25516,-76.6663,288,7972
3_2577091_2577048,37.25491,-76.66596,289,8012
3_2577091_2577048,37.25455,-76.66549,290,8070
3_2577091_2577048,37.25438,-76.66537,291,8092
3_2577091_2577048,37.25368,-76.66447,292,8203
3_2577091_2577048,37.25339,-76.6641,293,8249
3_2577091_2577048,37.25288,-76.66344,294,8331
3_2577091_2577048,37.25267,-76.66318,295,8363
3_2577091_2577048,37.25253,-76.663,296,8386
3_2577091_2577048,37.25243,-76.66287,297,8402
3_2577091_2577048,37.25102,-76.66108,298,8625
3_2577091_2577048,37.251,-76.66106,299,8628
3_2577091_2577048,37.2509,-76.66093,300,8644
3_2577091_2577048,37.24993,-76.65969,301,8797
3_2577091_2577048,37.24855,-76.65795,302,9015
3_2577091_2577048,37.24822,-76.65741,303,9075
3_2577091_2577048,37.24811,-76.65728,304,9092
3_2577091_2577048,37.24786,-76.65697,305,9131
3_2577091_2577048,37.24736,-76.65636,306,9209
3_2577091_2577048,37.24695,-76.65585,307,9273
3_2577091_2577048,37.24646,-76.65522,308,9351
3_2577091_2577048,37.24589,-76.6545,309,9441
3_2577091_2577048,37.24548,-76.65399,310,9505
3_2577091_2577048,37.24485,-76.6532,311,9604
3_2577091_2577048,37.24392,-76.65199,312,9753
3_2577091_2577048,37.24356,-76.65153,313,9810
3_2577091_2577048,37.24346,-76.6514,314,9826
3_2577091_2577048,37.24371,-76.65109,315,9865
3_2577091_2577048,37.24389,-76.65088,316,9892
3_2577091_2577048,37.24401,-76.65075,317,9910
3_2577091_2577048,37.24404,-76.65074,318,9913
3_2577091_2577048,37.2441,-76.65074,319,9920
3_2577091_2577048,37.24406,-76.65091,320,9936
3_2577091_2577048,37.24399,-76.65099,321,9946
3_2577091_2577048,37.2439713,-76.651018,322,9949
3_2577048_2577091,37.2439725,-76.6510121,0,0
3_2577048_2577091,37.2438,-76.65123,1,27
3_2577048_2577091,37.24366,-76.65141,2,49
3_2577048_2577091,37.24356,-76.65153,3,65
3_2577048_2577091,37.24392,-76.65199,4,122
3_2577048_2577091,37.24485,-76.6532,5,271
3_2577048_2577091,37.24548,-76.65399,6,370
3_2577048_2577091,37.24548,-76.654,7,371
3_2577048_2577091,37.24548,-76.65399,8,372
3_2577048_2577091,37.24589,-76.6545,9,436
3_2577048_2577091,37.24646,-76.65522,10,526
3_2577048_2577091,37.24695,-76.65585,11,604
3_2577048_2577091,37.24736,-76.65636,12,668
3_2577048_2577091,37.24786,-76.65697,13,745
3_2577048_2577091,37.24811,-76.65728,14,784
3_2577048_2577091,37.24822,-76.65741,15,801
3_2577048_2577091,37.24866,-76.65788,16,865
3_2577048_2577091,37.25,-76.65959,17,1078
3_2577048_2577091,37.25092,-76.66075,18,1223
3_2577048_2577091,37.25098,-76.66083,19,1233
3_2577048_2577091,37.25119,-76.66058,20,1265
3_2577048_2577091,37.25139,-76.66035,21,1295
3_2577048_2577091,37.25143,-76.66031,22,1301
3_2577048_2577091,37.25148,-76.66027,23,1307
3_2577048_2577091,37.25153,-76.66024,24,1313
3_2577048_2577091,37.25159,-76.66021,25,1320
3_2577048_2577091,37.25164,-76.6602,26,1326
3_2577048_2577091,37.2517,-76.66019,27,1333
3_2577048_2577091,37.25176,-76.66018,28,1340
3_2577048_2577091,37.25181,-76.66019,29,1345
3_2577048_2577091,37.25186,-76.66019,30,1351
3_2577048_2577091,37.25191,-76.66021,31,1357
3_2577048_2577091,37.25202,-76.66024,32,1369
3_2577048_2577091,37.25209,-76.66026,33,1377
3_2577048_2577091,37.25215,-76.66027,34,1384
3_2577048_2577091,37.25221,-76.66028,35,1390
3_2577048_2577091,37.25227,-76.66028,36,1397
3_2577048_2577091,37.25234,-76.66028,37,1405
3_2577048_2577091,37.2524,-76.66027,38,1412
3_2577048_2577091,37.25246,-76.66026,39,1418
3_2577048_2577091,37.25252,-76.66025,40,1425
3_2577048_2577091,37.25259,-76.66022,41,1433
3_2577048_2577091,37.25266,-76.66018,42,1442
3_2577048_2577091,37.25272,-76.66014,43,1449
3_2577048_2577091,37.25278,-76.6601,44,1457
3_2577048_2577091,37.25284,-76.66005,45,1465
3_2577048_2577091,37.25287,-76.66001,46,1470
3_2577048_2577091,37.25294,-76.65994,47,1480
3_2577048_2577091,37.25298,-76.65989,48,1486
3_2577048_2577091,37.25302,-76.65983,49,1493
3_2577048_2577091,37.2531,-76.6597,50,1507
3_2577048_2577091,37.25321,-76.65948,51,1530
3_2577048_2577091,37.25342,-76.65918,52,1566
3_2577048_2577091,37.25362,-76.65875,53,1610
3_2577048_2577091,37.25384,-76.65825,54,1661
3_2577048_2577091,37.254,-76.65785,55,1700
3_2577048_2577091,37.25412,-76.65753,56,1732
3_2577048_2577091,37.25428,-76.65705,57,1778
3_2577048_2577091,37.25439,-76.65667,58,1814
3_2577048_2577091,37.25448,-76.65635,59,1844
3_2577048_2577091,37.25462,-76.65576,60,1898
3_2577048_2577091,37.2547,-76.65536,61,1935
3_2577048_2577091,37.25471,-76.65529,62,1941
3_2577048_2577091,37.25475,-76.65507,63,1961
3_2577048_2577091,37.25481,-76.65471,64,1994
3_2577048_2577091,37.25503,-76.6531,65,2139
3_2577048_2577091,37.2553,-76.65113,66,2316
3_2577048_2577091,37.25531,-76.65107,67,2321
3_2577048_2577091,37.25541,-76.65032,68,2389
3_2577048_2577091,37.25548,-76.64982,69,2434
3_2577048_2577091,37.25553,-76.64952,70,2461
3_2577048_2577091,37.25557,-76.64927,71,2484
3_2577048_2577091,37.25567,-76.6488,72,2527
3_2577048_2577091,37.25577,-76.6484,73,2564
3_2577048_2577091,37.25591,-76.64794,74,2608
3_2577048_2577091,37.25603,-76.64757,75,2643
3_2577048_2577091,37.25614,-76.64728,76,2672
3_2577048_2577091,37.2563,-76.64687,77,2712
3_2577048_2577091,37.25644,-76.64652,78,2747
3_2577048_2577091,37.25668,-76.64603,79,2798
3_2577048_2577091,37.25724,-76.6451,80,2901
3_2577048_2577091,37.2575,-76.64479,81,2941
3_2577048_2577091,37.25777,-76.64444,82,2984
3_2577048_2577091,37.25798,-76.64419,83,3016
3_2577048_2577091,37.25816,-76.64399,84,3043
3_2577048_2577091,37.25841,-76.64375,85,3078
3_2577048_2577091,37.25876,-76.64343,86,3126
3_2577048_2577091,37.25909,-76.64316,87,3170
3_2577048_2577091,37.25936,-76.64295,88,3205
3_2577048_2577091,37.25965,-76.64276,89,3241
3_2577048_2577091,37.25996,-76.64257,90,3280
3_2577048_2577091,37.26026,-76.6424,91,3316
3_2577048_2577091,37.26035,-76.64235,92,3327
3_2577048_2577091,37.26073,-76.64217,93,3372
3_2577048_2577091,37.26096,-76.64206,94,3400
3_2577048_2577091,37.26125,-76.64193,95,3434
3_2577048_2577091,37.26138,-76.64187,96,3449
3_2577048_2577091,37.2617,-76.64171,97,3487
3_2577048_2577091,37.26194,-76.6415,98,3520
3_2577048_2577091,37.26197,-76.64147,99,3524
3_2577048_2577091,37.262,-76.64143,100,3529
3_2577048_2577091,37.26203,-76.64137,101,3535
3_2577048_2577091,37.26205,-76.64132,102,3540
3_2577048_2577091,37.26205,-76.64125,103,3546
3_2577048_2577091,37.26205,-76.64118,104,3553
3_2577048_2577091,37.26203,-76.64111,105,3559
3_2577048_2577091,37.26201,-76.64105,106,3565
3_2577048_2577091,37.26197,-76.641,107,3571
3_2577048_2577091,37.26192,-76.64095,108,3578
3_2577048_2577091,37.26186,-76.64092,109,3586
3_2577048_2577091,37.26174,-76.64091,110,3599
3_2577048_2577091,37.26164,-76.64091,111,3610
3_2577048_2577091,37.26148,-76.64087,112,3628
3_2577048_2577091,37.26139,-76.64085,113,3638
3_2577048_2577091,37.26127,-76.64081,114,3652
3_2577048_2577091,37.26117,-76.64075,115,3664
3_2577048_2577091,37.26106,-76.64069,116,3678
3_2577048_2577091,37.26096,-76.64063,117,3690
3_2577048_2577091,37.26082,-76.64056,118,3707
3_2577048_2577091,37.26071,-76.64052,119,3719
3_2577048_2577091,37.2606,-76.64048,120,3732
3_2577048_2577091,37.2605,-76.64045,121,3743
3_2577048_2577091,37.26039,-76.64042,122,3756
3_2577048_2577091,37.26017,-76.64038,123,3781
3_2577048_2577091,37.26006,-76.64036,124,3793
3_2577048_2577091,37.25994,-76.64033,125,3807
3_2577048_2577091,37.25983,-76.64028,126,3820
3_2577048_2577091,37.25963,-76.64014,127,3845
3_2577048_2577091,37.25956,-76.64009,128,3854
3_2577048_2577091,37.25949,-76.64002,129,3864
3_2577048_2577091,37.25939,-76.63992,130,3878
3_2577048_2577091,37.25929,-76.6398,131,3893
3_2577048_2577091,37.25919,-76.63965,132,3911
3_2577048_2577091,37.25913,-76.63977,133,3923
3_2577048_2577091,37.25905,-76.63983,134,3934
3_2577048_2577091,37.25895,-76.63988,135,3946
3_2577048_2577091,37.25855,-76.64003,136,3992
3_2577048_2577091,37.25844,-76.64007,137,4005
3_2577048_2577091,37.25794,-76.64025,138,4062
3_2577048_2577091,37.25793,-76.64025,139,4064
3_2577048_2577091,37.25782,-76.64029,140,4076
3_2577048_2577091,37.25777,-76.64031,141,4082
3_2577048_2577091,37.25771,-76.64031,142,4089
3_2577048_2577091,37.25762,-76.64029,143,4099
3_2577048_2577091,37.25755,-76.64026,144,4107
3_2577048_2577091,37.25752,-76.64024,145,4111
3_2577048_2577091,37.2575,-76.64022,146,4114
3_2577048_2577091,37.25744,-76.64017,147,4122
3_2577048_2577091,37.25737,-76.64007,148,4133
3_2577048_2577091,37.25731,-76.63997,149,4145
3_2577048_2577091,37.25717,-76.63973,150,4171
3_2577048_2577091,37.25694,-76.63932,151,4215
3_2577048_2577091,37.25693,-76.6392,152,4226
3_2577048_2577091,37.257,-76.63912,153,4237
3_2577048_2577091,37.25709,-76.63903,154,4249
3_2577048_2577091,37.25711,-76.63902,155,4252
3_2577048_2577091,37.25721,-76.63895,156,4264
3_2577048_2577091,37.25735,-76.63886,157,4282
3_2577048_2577091,37.25741,-76.63883,158,4289
3_2577048_2577091,37.25748,-76.63879,159,4298
3_2577048_2577091,37.25762,-76.63874,160,4314
3_2577048_2577091,37.25765,-76.63899,161,4336
3_2577048_2577091,37.25767,-76.63908,162,4345
3_2577048_2577091,37.25776,-76.63948,163,4381
3_2577048_2577091,37.25791,-76.64013,164,4441
3_2577048_2577091,37.25827,-76.63998,165,4484
3_2577048_2577091,37.25841,-76.63993,166,4500
3_2577048_2577091,37.25891,-76.63976,167,4557
3_2577048_2577091,37.25901,-76.63972,168,4569
3_2577048_2577091,37.25909,-76.63966,169,4579
3_2577048_2577091,37.25919,-76.63965,170,4590
3_2577048_2577091,37.25926,-76.63957,171,4601
3_2577048_2577091,37.25944,-76.63979,172,4629
3_2577048_2577091,37.25953,-76.63988,173,4642
3_2577048_2577091,37.25962,-76.63996,174,4654
3_2577048_2577091,37.25971,-76.64003,175,4666
3_2577048_2577091,37.25981,-76.64009,176,4678
3_2577048_2577091,37.25991,-76.64014,177,4690
3_2577048_2577091,37.26002,-76.64018,178,4703
3_2577048_2577091,37.26013,-76.64021,179,4715
3_2577048_2577091,37.26044,-76.64029,180,4750
3_2577048_2577091,37.26054,-76.64031,181,4761
3_2577048_2577091,37.26065,-76.64035,182,4774
3_2577048_2577091,37.26076,-76.64038,183,4787
3_2577048_2577091,37.26086,-76.64043,184,4799
3_2577048_2577091,37.26096,-76.64047,185,4810
3_2577048_2577091,37.26105,-76.64052,186,4821
3_2577048_2577091,37.26114,-76.64057,187,4832
3_2577048_2577091,37.26122,-76.64063,188,4842
3_2577048_2577091,37.26132,-76.64068,189,4854
3_2577048_2577091,37.26141,-76.64071,190,4865
3_2577048_2577091,37.26151,-76.64073,191,4876
3_2577048_2577091,37.26161,-76.64075,192,4887
3_2577048_2577091,37.2617,-76.64075,193,4897
3_2577048_2577091,37.2618,-76.64073,194,4908
3_2577048_2577091,37.26191,-76.64071,195,4921
3_2577048_2577091,37.262,-76.64069,196,4931
3_2577048_2577091,37.26205,-76.64069,197,4936
3_2577048_2577091,37.2621,-76.6407,198,4942
3_2577048_2577091,37.26215,-76.64071,199,4948
3_2577048_2577091,37.2622,-76.64073,200,4953
3_2577048_2577091,37.26225,-76.64075,201,4959
3_2577048_2577091,37.2623,-76.64078,202,4965
3_2577048_2577091,37.26235,-76.64081,203,4972
3_2577048_2577091,37.26239,-76.64085,204,4977
3_2577048_2577091,37.26243,-76.64089,205,4983
3_2577048_2577091,37.26247,-76.64094,206,4989
3_2577048_2577091,37.2625,-76.64099,207,4995
3_2577048_2577091,37.26252,-76.64103,208,4999
3_2577048_2577091,37.26255,-76.64111,209,5007
3_2577048_2577091,37.26257,-76.64115,210,5011
3_2577048_2577091,37.26261,-76.64128,211,5023
3_2577048_2577091,37.26267,-76.64147,212,5041
3_2577048_2577091,37.26259,-76.64151,213,5051
3_2577048_2577091,37.26241,-76.64161,214,5073
3_2577048_2577091,37.26177,-76.64194,215,5150
3_2577048_2577091,37.2618,-76.64209,216,5163
3_2577048_2577091,37.26188,-76.64236,217,5189
3_2577048_2577091,37.2619,-76.64248,218,5200
3_2577048_2577091,37.26191,-76.64255,219,5206
3_2577048_2577091,37.26193,-76.64274,220,5223
3_2577048_2577091,37.26193,-76.64293,221,5240
3_2577048_2577091,37.26192,-76.64311,222,5256
3_2577048_2577091,37.2619,-76.6432,223,5264
3_2577048_2577091,37.26189,-76.64328,224,5271
3_2577048_2577091,37.26185,-76.64346,225,5288
3_2577048_2577091,37.26179,-76.64362,226,5304
3_2577048_2577091,37.26173,-76.64374,227,5316
3_2577048_2577091,37.26165,-76.64388,228,5332
3_2577048_2577091,37.26156,-76.64401,229,5347
3_2577048_2577091,37.26132,-76.64427,230,5382
3_2577048_2577091,37.26122,-76.64439,231,5397
3_2577048_2577091,37.26112,-76.64455,232,5415
3_2577048_2577091,37.26104,-76.6447,233,5431
3_2577048_2577091,37.26098,-76.64486,234,5447
3_2577048_2577091,37.26092,-76.64502,235,5463
3_2577048_2577091,37.26089,-76.64519,236,5478
3_2577048_2577091,37.26087,-76.64535,237,5493
3_2577048_2577091,37.26086,-76.64551,238,5507
3_2577048_2577091,37.26086,-76.64559,239,5514
3_2577048_2577091,37.26087,-76.64575,240,5528
3_2577048_2577091,37.26091,-76.64607,241,5557
3_2577048_2577091,37.26097,-76.64638,242,5585
3_2577048_2577091,37.26105,-76.64674,243,5618
3_2577048_2577091,37.26112,-76.64709,244,5650
3_2577048_2577091,37.26116,-76.64726,245,5666
3_2577048_2577091,37.26119,-76.64743,246,5681
3_2577048_2577091,37.26124,-76.64768,247,5704
3_2577048_2577091,37.26071,-76.64869,248,5811
3_2577048_2577091,37.2606,-76.64889,249,5833
3_2577048_2577091,37.26057,-76.6489,250,5836
3_2577048_2577091,37.26051,-76.64893,251,5844
3_2577048_2577091,37.26045,-76.64898,252,5852
3_2577048_2577091,37.26042,-76.64902,253,5856
3_2577048_2577091,37.26038,-76.64909,254,5864
3_2577048_2577091,37.26036,-76.64918,255,5872
3_2577048_2577091,37.26034,-76.64935,256,5888
3_2577048_2577091,37.26031,-76.64944,257,5896
3_2577048_2577091,37.2603,-76.64947,258,5899
3_2577048_2577091,37.26016,-76.64977,259,5930
3_2577048_2577091,37.25942,-76.65119,260,6080
3_2577048_2577091,37.25901,-76.65198,261,6164
3_2577048_2577091,37.2589,-76.65219,262,6186
3_2577048_2577091,37.25878,-76.65246,263,6214
3_2577048_2577091,37.25872,-76.65262,264,6229
3_2577048_2577091,37.25864,-76.65288,265,6254
3_2577048_2577091,37.25859,-76.65308,266,6273
3_2577048_2577091,37.25858,-76.65321,267,6284
3_2577048_2577091,37.25856,-76.65342,268,6303
3_2577048_2577091,37.25855,-76.6536,269,6319
3_2577048_2577091,37.25856,-76.65386,270,6342
3_2577048_2577091,37.25858,-76.65407,271,6361
3_2577048_2577091,37.25862,-76.65425,272,6377
3_2577048_2577091,37.25883,-76.6551,273,6456
3_2577048_2577091,37.25888,-76.65534,274,6478
3_2577048_2577091,37.2589,-76.65542,275,6486
3_2577048_2577091,37.25893,-76.65565,276,6506
3_2577048_2577091,37.25898,-76.65603,277,6541
3_2577048_2577091,37.25905,-76.65666,278,6597
3_2577048_2577091,37.25909,-76.65709,279,6635
3_2577048_2577091,37.25913,-76.65744,280,6667
3_2577048_2577091,37.2592,-76.65813,281,6728
3_2577048_2577091,37.25926,-76.65867,282,6777
3_2577048_2577091,37.25928,-76.65892,283,6799
3_2577048_2577091,37.25928,-76.65917,284,6821
3_2577048_2577091,37.25928,-76.65927,285,6830
3_2577048_2577091,37.25927,-76.65946,286,6847
3_2577048_2577091,37.25926,-76.65965,287,6864
3_2577048_2577091,37.25925,-76.65988,288,6884
3_2577048_2577091,37.25923,-76.66012,289,6906
3_2577048_2577091,37.25918,-76.66061,290,6950
3_2577048_2577091,37.25918,-76.66077,291,6964
3_2577048_2577091,37.25918,-76.66092,292,6977
3_2577048_2577091,37.2592,-76.66108,293,6991
3_2577048_2577091,37.25926,-76.66137,294,7018
3_2577048_2577091,37.25929,-76.66148,295,7028
3_2577048_2577091,37.25932,-76.66156,296,7036
3_2577048_2577091,37.25938,-76.66171,297,7051
3_2577048_2577091,37.25974,-76.66273,298,7150
3_2577048_2577091,37.25978,-76.66287,299,7163
3_2577048_2577091,37.2598,-76.66292,300,7168
3_2577048_2577091,37.25989,-76.66316,301,7192
3_2577048_2577091,37.25993,-76.66326,302,7201
3_2577048_2577091,37.26002,-76.66347,303,7223
3_2577048_2577091,37.26014,-76.66369,304,7246
3_2577048_2577091,37.26025,-76.66384,305,7264
3_2577048_2577091,37.26037,-76.66399,306,7283
3_2577048_2577091,37.26049,-76.66413,307,7301
3_2577048_2577091,37.26055,-76.66417,308,7309
3_2577048_2577091,37.26066,-76.66426,309,7323
3_2577048_2577091,37.2607,-76.66429,310,7329
3_2577048_2577091,37.26077,-76.66434,311,7338
3_2577048_2577091,37.26091,-76.66442,312,7355
3_2577048_2577091,37.26102,-76.66446,313,7367
3_2577048_2577091,37.26103,-76.66447,314,7369
3_2577048_2577091,37.26134,-76.66457,315,7404
3_2577048_2577091,37.26167,-76.66467,316,7442
3_2577048_2577091,37.26185,-76.66473,317,7463
3_2577048_2577091,37.26194,-76.66476,318,7473
3_2577048_2577091,37.26227,-76.66488,319,7511
3_2577048_2577091,37.26242,-76.66494,320,7529
3_2577048_2577091,37.26315,-76.66527,321,7615
3_2577048_2577091,37.26317,-76.66527,322,7617
3_2577048_2577091,37.26358,-76.66546,323,7665
3_2577048_2577091,37.26374,-76.66555,324,7685
3_2577048_2577091,37.26389,-76.66566,325,7704
3_2577048_2577091,37.26403,-76.66579,326,7724
3_2577048_2577091,37.26406,-76.66582,327,7728
3_2577048_2577091,37.2642,-76.66597,328,7748
3_2577048_2577091,37.26438,-76.66619,329,7776
3_2577048_2577091,37.26463,-76.66651,330,7816
3_2577048_2577091,37.26492,-76.66689,331,7862
3_2577048_2577091,37.26507,-76.66711,332,7888
3_2577048_2577091,37.26511,-76.66716,333,7894
3_2577048_2577091,37.26511,-76.66717,334,7895
3_2577048_2577091,37.26521,-76.66734,335,7914
3_2577048_2577091,37.26524,-76.66739,336,7920
3_2577048_2577091,37.26528,-76.66747,337,7928
3_2577048_2577091,37.26534,-76.66759,338,7940
3_2577048_2577091,37.26551,-76.66795,339,7978
3_2577048_2577091,37.26553,-76.668,340,7983
3_2577048_2577091,37.26575,-76.66851,341,8034
3_2577048_2577091,37.26581,-76.66865,342,8048
3_2577048_2577091,37.26587,-76.6688,343,8063
3_2577048_2577091,37.26598,-76.6691,344,8092
3_2577048_2577091,37.26603,-76.66927,345,8108
3_2577048_2577091,37.2661,-76.66957,346,8136
3_2577048_2577091,37.26613,-76.6698,347,8157
3_2577048_2577091,37.26614,-76.66987,348,8163
3_2577048_2577091,37.26614,-76.66994,349,8169
3_2577048_2577091,37.26615,-76.66998,350,8173
3_2577048_2577091,37.26615,-76.67016,351,8189
3_2577048_2577091,37.26615,-76.67043,352,8213
3_2577048_2577091,37.26615,-76.67054,353,8223
3_2577048_2577091,37.26615,-76.67065,354,8232
3_2577048_2577091,37.26614,-76.67068,355,8235
3_2577048_2577091,37.26614,-76.67069,356,8236
3_2577048_2577091,37.26612,-76.67095,357,8259
3_2577048_2577091,37.26599,-76.67204,358,8357
3_2577048_2577091,37.26597,-76.67226,359,8377
3_2577048_2577091,37.26594,-76.67261,360,8408
3_2577048_2577091,37.26589,-76.67407,361,8537
3_2577048_2577091,37.26585,-76.6752,362,8638
3_2577048_2577091,37.26606,-76.67534,363,8664
3_2577048_2577091,37.26679,-76.67583,364,8756
3_2577048_2577091,37.26687,-76.67588,365,8766
3_2577048_2577091,37.26722,-76.67613,366,8811
3_2577048_2577091,37.26727,-76.67616,367,8817
3_2577048_2577091,37.26753,-76.67634,368,8850
3_2577048_2577091,37.26755,-76.67636,369,8853
3_2577048_2577091,37.26783,-76.67655,370,8888
3_2577048_2577091,37.26803,-76.6767,371,8914
3_2577048_2577091,37.26818,-76.67679,372,8932
3_2577048_2577091,37.26835,-76.67691,373,8954
3_2577048_2577091,37.26838,-76.67694,374,8958
3_2577048_2577091,37.26885,-76.67727,375,9018
3_2577048_2577091,37.26907,-76.67742,376,9046
3_2577048_2577091,37.26938,-76.67756,377,9083
3_2577048_2577091,37.26969,-76.67777,378,9122
3_2577048_2577091,37.26993,-76.67792,379,9151
3_2577048_2577091,37.27027,-76.67814,380,9194
3_2577048_2577091,37.27043,-76.67824,381,9214
3_2577048_2577091,37.27053,-76.67831,382,9226
3_2577048_2577091,37.27075,-76.67847,383,9255
3_2577048_2577091,37.271,-76.67868,384,9288
3_2577048_2577091,37.27112,-76.67878,385,9304
3_2577048_2577091,37.27133,-76.679,386,9334
3_2577048_2577091,37.27149,-76.67916,387,9357
3_2577048_2577091,37.27162,-76.67933,388,9378
3_2577048_2577091,37.27181,-76.67958,389,9409
3_2577048_2577091,37.27187,-76.67965,390,9418
3_2577048_2577091,37.27193,-76.67972,391,9427
3_2577048_2577091,37.27207,-76.67994,392,9452
3_2577048_2577091,37.27221,-76.68017,393,9477
3_2577048_2577091,37.27226,-76.68025,394,9486
3_2577048_2577091,37.27229,-76.6803,395,9492
3_2577048_2577091,37.27231,-76.68037,396,9499
3_2577048_2577091,37.27252,-76.68079,397,9543
3_2577048_2577091,37.27262,-76.68097,398,9562
3_2577048_2577091,37.27267,-76.68108,399,9573
3_2577048_2577091,37.27276,-76.68125,400,9591
3_2577048_2577091,37.2728,-76.68132,401,9599
3_2577048_2577091,37.27287,-76.68147,402,9614
3_2577048_2577091,37.27294,-76.68163,403,9631
3_2577048_2577091,37.27297,-76.68168,404,9636
3_2577048_2577091,37.27304,-76.68184,405,9652
3_2577048_2577091,37.27315,-76.68207,406,9676
3_2577048_2577091,37.27327,-76.68237,407,9706
3_2577048_2577091,37.27335,-76.68259,408,9727
3_2577048_2577091,37.27344,-76.68284,409,9752
3_2577048_2577091,37.27347,-76.68293,410,9760
3_2577048_2577091,37.27348,-76.68296,411,9763
3_2577048_2577091,37.2735,-76.683,412,9767
3_2577048_2577091,37.27355,-76.68316,413,9782
3_2577048_2577091,37.27356,-76.6832,414,9786
3_2577048_2577091,37.27357,-76.68323,415,9789
3_2577048_2577091,37.27364,-76.68347,416,9812
3_2577048_2577091,37.2737,-76.6837,417,9833
3_2577048_2577091,37.27372,-76.68377,418,9840
3_2577048_2577091,37.27375,-76.6839,419,9852
3_2577048_2577091,37.2738,-76.68408,420,9869
3_2577048_2577091,37.27381,-76.68413,421,9873
3_2577048_2577091,37.27384,-76.68427,422,9886
3_2577048_2577091,37.27386,-76.68438,423,9896
3_2577048_2577091,37.27389,-76.68452,424,9909
3_2577048_2577091,37.27392,-76.68474,425,9929
3_2577048_2577091,37.27398,-76.68503,426,9955
3_2577048_2577091,37.27399,-76.6851,427,9962
3_2577048_2577091,37.27407,-76.68552,428,10000
3_2577048_2577091,37.27408,-76.68556,429,10004
3_2577048_2577091,37.27417,-76.68608,430,10051
3_2577048_2577091,37.27424,-76.68647,431,10086
3_2577048_2577091,37.27425,-76.68653,432,10092
3_2577048_2577091,37.27428,-76.68668,433,10105
3_2577048_2577091,37.27435,-76.68704,434,10138
3_2577048_2577091,37.2744,-76.68736,435,10167
3_2577048_2577091,37.27444,-76.68756,436,10185
3_2577048_2577091,37.27449,-76.68787,437,10214
3_2577048_2577091,37.27454,-76.68815,438,10239
3_2577048_2577091,37.27462,-76.68861,439,10281
3_2577048_2577091,37.27463,-76.68865,440,10284
3_2577048_2577091,37.27468,-76.68894,441,10311
3_2577048_2577091,37.2747,-76.689,442,10316
3_2577048_2577091,37.27471,-76.68909,443,10325
3_2577048_2577091,37.27479,-76.68947,444,10359
3_2577048_2577091,37.27465,-76.68945,445,10375
3_2577048_2577091,37.27418,-76.68936,446,10428
3_2577048_2577091,37.27408,-76.68934,447,10439
3_2577048_2577091,37.27396,-76.68932,448,10452
3_2577048_2577091,37.2737,-76.68927,449,10482
3_2577048_2577091,37.2736,-76.68925,450,10493
3_2577048_2577091,37.27357,-76.68907,451,10509
3_2577048_2577091,37.27354,-76.68884,452,10530
3_2577048_2577091,37.27351,-76.6887,453,10543
3_2577048_2577091,37.27346,-76.68839,454,10571
3_2577048_2577091,37.27346,-76.68834,455,10575
3_2577048_2577091,37.27345,-76.68833,456,10577
3_2577048_2577091,37.27338,-76.68787,457,10618
3_2577048_2577091,37.27335,-76.68774,458,10630
3_2577048_2577091,37.27334,-76.68765,459,10638
3_2577048_2577091,37.27328,-76.68735,460,10666
3_2577048_2577091,37.27311,-76.68639,461,10753
3_2577048_2577091,37.27347,-76.68629,462,10794
3_2577048_2577091,37.27367,-76.68623,463,10817
3_2577048_2577091,37.27398,-76.68614,464,10852
3_2577048_2577091,37.27408,-76.68611,465,10863
3_2577048_2577091,37.27417,-76.68608,466,10874
3_2577048_2577091,37.27408,-76.68556,467,10921
3_2577048_2577091,37.27407,-76.68552,468,10925
3_2577048_2577091,37.27399,-76.6851,469,10963
3_2577048_2577091,37.27398,-76.68503,470,10969
3_2577048_2577091,37.27392,-76.68474,471,10996
3_2577048_2577091,37.27389,-76.68452,472,11016
3_2577048_2577091,37.27386,-76.68438,473,11028
3_2577048_2577091,37.27384,-76.68427,474,11038
3_2577048_2577091,37.27381,-76.68413,475,11051
3_2577048_2577091,37.2738,-76.68408,476,11056
3_2577048_2577091,37.27375,-76.6839,477,11073
3_2577048_2577091,37.27372,-76.68377,478,11085
3_2577048_2577091,37.2737,-76.6837,479,11091
3_2577048_2577091,37.27364,-76.68347,480,11113
3_2577048_2577091,37.27357,-76.68323,481,11135
3_2577048_2577091,37.27356,-76.6832,482,11138
3_2577048_2577091,37.27355,-76.68316,483,11142
3_2577048_2577091,37.2735,-76.683,484,11157
3_2577048_2577091,37.27348,-76.68296,485,11161
3_2577048_2577091,37.27347,-76.68293,486,11164
3_2577048_2577091,37.27344,-76.68284,487,11173
3_2577048_2577091,37.27335,-76.68259,488,11197
3_2577048_2577091,37.27327,-76.68237,489,11219
3_2577048_2577091,37.27315,-76.68207,490,11248
3_2577048_2577091,37.27304,-76.68184,491,11272
3_2577048_2577091,37.27297,-76.68168,492,11288
3_2577048_2577091,37.27294,-76.68163,493,11294
3_2577048_2577091,37.27287,-76.68147,494,11310
3_2577048_2577091,37.2728,-76.68132,495,11326
3_2577048_2577091,37.27276,-76.68125,496,11333
3_2577048_2577091,37.27267,-76.68108,497,11351
3_2577048_2577091,37.27262,-76.68097,498,11362
3_2577048_2577091,37.27252,-76.68079,499,11382
3_2577048_2577091,37.27229,-76.68048,500,11419
3_2577048_2577091,37.2722,-76.68038,501,11433
3_2577048_2577091,37.27209,-76.6802,502,11453
3_2577048_2577091,37.27191,-76.67994,503,11483
3_2577048_2577091,37.27174,-76.67972,504,11511
3_2577048_2577091,37.27181,-76.67958,505,11525
3_2577048_2577091,37.27195,-76.67943,506,11546
3_2577048_2577091,37.27207,-76.67932,507,11562
3_2577048_2577091,37.2722,-76.67926,508,11578
3_2577048_2577091,37.27232,-76.67923,509,11591
3_2577048_2577091,37.2724,-76.67922,510,11600
3_2577048_2577091,37.2725,-76.67923,511,11611
3_2577048_2577091,37.27255,-76.67925,512,11617
3_2577048_2577091,37.27264,-76.67933,513,11629
3_2577048_2577091,37.27278,-76.67939,514,11646
3_2577048_2577091,37.27307,-76.67953,515,11680
3_2577048_2577091,37.27337,-76.67966,516,11715
3_2577048_2577091,37.27345,-76.67969,517,11725
3_2577048_2577091,37.27391,-76.67992,518,11780
3_2577048_2577091,37.27428,-76.6801,519,11824
3_2577048_2577091,37.27469,-76.68027,520,11872
3_2577048_2577091,37.27581,-76.68081,521,12005
3_2577048_2577091,37.27611,-76.68095,522,12040
3_2577048_2577091,37.27626,-76.68102,523,12058
3_2577048_2577091,37.27632,-76.68105,524,12065
3_2577048_2577091,37.27687,-76.6813,525,12130
3_2577048_2577091,37.27702,-76.68137,526,12148
3_2577048_2577091,37.2772,-76.68146,527,12169
3_2577048_2577091,37.27737,-76.68154,528,12190
3_2577048_2577091,37.27834,-76.68199,529,12304
3_2577048_2577091,37.27863,-76.68213,530,12339
3_2577048_2577091,37.27901,-76.68231,531,12384
3_2577048_2577091,37.27912,-76.68236,532,12397
3_2577048_2577091,37.2794,-76.68249,533,12430
3_2577048_2577091,37.28005,-76.68281,534,12508
3_2577048_2577091,37.28016,-76.68286,535,12521
3_2577048_2577091,37.28108,-76.6833,536,12630
3_2577048_2577091,37.28119,-76.68335,537,12643
3_2577048_2577091,37.28191,-76.6837,538,12729
3_2577048_2577091,37.28279,-76.68413,539,12833
3_2577048_2577091,37.28322,-76.68433,540,12884
3_2577048_2577091,37.28329,-76.68437,541,12893
3_2577048_2577091,37.28347,-76.68445,542,12914
3_2577048_2577091,37.28376,-76.68459,543,12949
3_2577048_2577091,37.28477,-76.68506,544,13068
3_2577048_2577091,37.28516,-76.68522,545,13114
3_2577048_2577091,37.2858,-76.68553,546,13190
3_2577048_2577091,37.28596,-76.68561,547,13209
3_2577048_2577091,37.28607,-76.68567,548,13222
3_2577048_2577091,37.28616,-76.68572,549,13233
3_2577048_2577091,37.28624,-76.68577,550,13243
3_2577048_2577091,37.28633,-76.68584,551,13255
3_2577048_2577091,37.28646,-76.68597,552,13273
3_2577048_2577091,37.28654,-76.68611,553,13289
3_2577048_2577091,37.28662,-76.68626,554,13305
3_2577048_2577091,37.28667,-76.68639,555,13317
3_2577048_2577091,37.2867,-76.6865,556,13328
3_2577048_2577091,37.28673,-76.68661,557,13338
3_2577048_2577091,37.28666,-76.68663,558,13346
3_2577048_2577091,37.28603,-76.68688,559,13419
3_2577048_2577091,37.28591,-76.68694,560,13434
3_2577048_2577091,37.28589,-76.68694,561,13436
3_2577048_2577091,37.2856,-76.68706,562,13470
3_2577048_2577091,37.2852,-76.68716,563,13515
3_2577048_2577091,37.28432,-76.68751,564,13618
3_2577048_2577091,37.28392,-76.68766,565,13664
3_2577048_2577091,37.28361,-76.68778,566,13700
3_2577048_2577091,37.28357,-76.6878,567,13705
3_2577048_2577091,37.28329,-76.6879,568,13737
3_2577048_2577091,37.28294,-76.68804,569,13778
3_2577048_2577091,37.28275,-76.68811,570,13800
3_2577048_2577091,37.28256,-76.68818,571,13822
3_2577048_2577091,37.28253,-76.6882,572,13826
3_2577048_2577091,37.2823,-76.68829,573,13852
3_2577048_2577091,37.28212,-76.68836,574,13873
3_2577048_2577091,37.28185,-76.68847,575,13905
3_2577048_2577091,37.28174,-76.68851,576,13917
3_2577048_2577091,37.28148,-76.68861,577,13948
3_2577048_2577091,37.28132,-76.68867,578,13966
3_2577048_2577091,37.28125,-76.6887,579,13974
3_2577048_2577091,37.28112,-76.68876,580,13990
3_2577048_2577091,37.28109,-76.68877,581,13993
3_2577048_2577091,37.28093,-76.68886,582,14013
3_2577048_2577091,37.28088,-76.68888,583,14018
3_2577048_2577091,37.28081,-76.68891,584,14027
3_2577048_2577091,37.28066,-76.68903,585,14046
3_2577048_2577091,37.28057,-76.6891,586,14058
3_2577048_2577091,37.28046,-76.68919,587,14073
3_2577048_2577091,37.28034,-76.6893,588,14089
3_2577048_2577091,37.2802,-76.68943,589,14109
3_2577048_2577091,37.28009,-76.68952,590,14123
3_2577048_2577091,37.27995,-76.68963,591,14142
3_2577048_2577091,37.27977,-76.68975,592,14164
3_2577048_2577091,37.27972,-76.68978,593,14170
3_2577048_2577091,37.27956,-76.68986,594,14189
3_2577048_2577091,37.27939,-76.68995,595,14210
3_2577048_2577091,37.27922,-76.69001,596,14230
3_2577048_2577091,37.27955,-76.69053,597,14288
3_2577048_2577091,37.27971,-76.6908,598,14318
3_2577048_2577091,37.27991,-76.69097,599,14345
3_2577048_2577091,37.28002,-76.69108,600,14361
3_2577048_2577091,37.2801,-76.69117,601,14373
3_2577048_2577091,37.28014,-76.6912,602,14378
3_2577048_2577091,37.28033,-76.69143,603,14407
3_2577048_2577091,37.28048,-76.69166,604,14433
3_2577048_2577091,37.2806,-76.69189,605,14458
3_2577048_2577091,37.28078,-76.69224,606,14495
3_2577048_2577091,37.28082,-76.69233,607,14504
3_2577048_2577091,37.28189,-76.69455,608,14734
3_2577048_2577091,37.28199,-76.69475,609,14755
3_2577048_2577091,37.28228,-76.69536,610,14818
3_2577048_2577091,37.28254,-76.69591,611,14874
3_2577048_2577091,37.28276,-76.69637,612,14922
3_2577048_2577091,37.2825,-76.69656,613,14955
3_2577048_2577091,37.28248,-76.69657,614,14958
3_2577048_2577091,37.28241,-76.69665,615,14968
3_2577048_2577091,37.28234,-76.69673,616,14979
3_2577048_2577091,37.28222,-76.69689,617,14998
3_2577048_2577091,37.28216,-76.69698,618,15008
3_2577048_2577091,37.28201,-76.69718,619,15033
3_2577048_2577091,37.28163,-76.69677,620,15088
3_2577048_2577091,37.28139,-76.69649,621,15125
3_2577048_2577091,37.28107,-76.69612,622,15173
3_2577048_2577091,37.28082,-76.69583,623,15211
3_2577048_2577091,37.28073,-76.69572,624,15225
3_2577048_2577091,37.2806,-76.69557,625,15245
3_2577048_2577091,37.28039,-76.69534,626,15276
3_2577048_2577091,37.28029,-76.69523,627,15290
3_2577048_2577091,37.2802,-76.69517,628,15302
3_2577048_2577091,37.28004,-76.69517,629,15319
3_2577048_2577091,37.27967,-76.69519,630,15361
3_2577048_2577091,37.27927,-76.69522,631,15405
3_2577048_2577091,37.27913,-76.69524,632,15421
3_2577048_2577091,37.27903,-76.69529,633,15433
3_2577048_2577091,37.27899,-76.69533,634,15438
3_2577048_2577091,37.27891,-76.69548,635,15454
3_2577048_2577091,37.27881,-76.69566,636,15474
3_2577048_2577091,37.27871,-76.69584,637,15493
3_2577048_2577091,37.2786,-76.69604,638,15515
3_2577048_2577091,37.27851,-76.69622,639,15534
3_2577048_2577091,37.27845,-76.69612,640,15545
3_2577048_2577091,37.27842,-76.69621,641,15553
3_2577048_2577091,37.27811,-76.69746,642,15669
3_2577048_2577091,37.27807,-76.69771,643,15692
3_2577048_2577091,37.27807,-76.69784,644,15703
3_2577048_2577091,37.27823,-76.69808,645,15731
3_2577048_2577091,37.27828,-76.69814,646,15739
3_2577048_2577091,37.27859,-76.69853,647,15788
3_2577048_2577091,37.27843,-76.69871,648,15812
3_2577048_2577091,37.2779,-76.6994,649,15896
3_2577048_2577091,37.27882,-76.70018,650,16020
3_2577048_2577091,37.27972,-76.70118,651,16153
3_2577048_2577091,37.28022,-76.70163,652,16222
3_2577048_2577091,37.28053,-76.70178,653,16259
3_2577048_2577091,37.28057,-76.7018,654,16263
3_2577048_2577091,37.28089,-76.70194,655,16301
3_2577048_2577091,37.28098,-76.70201,656,16313
3_2577048_2577091,37.281,-76.70203,657,16316
3_2577048_2577091,37.28102,-76.70206,658,16319
3_2577048_2577091,37.28103,-76.70209,659,16322
3_2577048_2577091,37.28103,-76.70212,660,16325
3_2577048_2577091,37.28103,-76.70216,661,16328
3_2577048_2577091,37.28103,-76.70219,662,16331
3_2577048_2577091,37.28102,-76.70221,663,16333
3_2577048_2577091,37.28101,-76.70225,664,16337
3_2577048_2577091,37.281,-76.70229,665,16340
3_2577048_2577091,37.28097,-76.70236,666,16347
3_2577048_2577091,37.28073,-76.70248,667,16376
3_2577048_2577091,37.28032,-76.70267,668,16424
3_2577048_2577091,37.28021,-76.70273,669,16438
3_2577048_2577091,37.28002,-76.70285,670,16461
3_2577048_2577091,37.27967,-76.7031,671,16506
3_2577048_2577091,37.27919,-76.70353,672,16572
3_2577048_2577091,37.27883,-76.70396,673,16627
3_2577048_2577091,37.27849,-76.7044,674,16681
3_2577048_2577091,37.2781,-76.70497,675,16748
3_2577048_2577091,37.27774,-76.70538,676,16802
3_2577048_2577091,37.27757,-76.70555,677,16826
3_2577048_2577091,37.2775,-76.70562,678,16836
3_2577048_2577091,37.27738,-76.70573,679,16852
3_2577048_2577091,37.2772,-76.70585,680,16875
3_2577048_2577091,37.27715,-76.70588,681,16881
3_2577048_2577091,37.27708,-76.70593,682,16890
3_2577048_2577091,37.27701,-76.70596,683,16898
3_2577048_2577091,37.27692,-76.706,684,16909
3_2577048_2577091,37.27678,-76.70606,685,16925
3_2577048_2577091,37.27663,-76.7061,686,16942
3_2577048_2577091,37.27647,-76.70614,687,16960
3_2577048_2577091,37.27632,-76.70616,688,16977
3_2577048_2577091,37.27631,-76.70616,689,16978
3_2577048_2577091,37.27611,-76.70618,690,17001
3_2577048_2577091,37.27594,-76.70619,691,17019
3_2577048_2577091,37.27593,-76.70619,692,17021
3_2577048_2577091,37.27589,-76.70619,693,17025
3_2577048_2577091,37.27585,-76.70619,694,17029
3_2577048_2577091,37.2757,-76.70618,695,17046
3_2577048_2577091,37.27559,-76.70617,696,17058
3_2577048_2577091,37.27548,-76.70616,697,17071
3_2577048_2577091,37.27548,-76.70628,698,17081
3_2577048_2577091,37.27546,-76.70683,699,17130
3_2577048_2577091,37.27542,-76.70767,700,17205
3_2577048_2577091,37.27542,-76.70772,701,17209
3_2577048_2577091,37.27543,-76.7078,702,17216
3_2577048_2577091,37.27552,-76.70781,703,17226
3_2577048_2577091,37.27567,-76.70784,704,17243
3_2577048_2577091,37.27585,-76.70785,705,17263
3_2577048_2577091,37.27601,-76.70786,706,17281
3_2577048_2577091,37.27607,-76.70786,707,17288
3_2577048_2577091,37.27612,-76.70788,708,17293
3_2577048_2577091,37.27615,-76.7079,709,17297
3_2577048_2577091,37.27617,-76.70792,710,17300
3_2577048_2577091,37.2762,-76.70795,711,17304
3_2577048_2577091,37.27622,-76.70799,712,17308
3_2577048_2577091,37.27624,-76.70804,713,17313
3_2577048_2577091,37.27626,-76.70809,714,17318
3_2577048_2577091,37.27629,-76.70817,715,17326
7_2576942_2577091,37.344539,-76.738022,0,0
7_2576942_2577091,37.344566,-76.738808,1,70
7_2576942_2577091,37.344551,-76.73893,2,81
7_2576942_2577091,37.344387,-76.739182,3,109
7_2576942_2577091,37.343918,-76.739807,4,185
7_2576942_2577091,37.343803,-76.739685,5,202
7_2576942_2577091,37.343555,-76.739494,6,234
7_2576942_2577091,37.343342,-76.739418,7,259
7_2576942_2577091,37.34322,-76.739395,8,273
7_2576942_2577091,37.343048,-76.739395,9,292
7_2576942_2577091,37.342876,-76.739426,10,311
7_2576942_2577091,37.342766,-76.739464,11,324
7_2576942_2577091,37.342499,-76.739594,12,356
7_2576942_2577091,37.342407,-76.739655,13,367
7_2576942_2577091,37.342079,-76.740021,14,416
7_2576942_2577091,37.341354,-76.739349,15,516
7_2576942_2577091,37.341152,-76.739189,16,542
7_2576942_2577091,37.34087,-76.739006,17,578
7_2576942_2577091,37.340435,-76.738785,18,630
7_2576942_2577091,37.339363,-76.738373,19,754
7_2576942_2577091,37.339291,-76.738708,20,785
7_2576942_2577091,37.339233,-76.738876,21,801
7_2576942_2577091,37.339149,-76.739059,22,820
7_2576942_2577091,37.339039,-76.739227,23,839
7_2576942_2577091,37.338924,-76.739365,24,857
7_2576942_2577091,37.33918,-76.739937,25,915
7_2576942_2577091,37.339245,-76.740173,26,937
7_2576942_2577091,37.339325,-76.740677,27,983
7_2576942_2577091,37.339331,-76.740869,28,1000
7_2576942_2577091,37.33933,-76.74087,29,1000
7_2576942_2577091,37.33933,-76.74092,30,1004
7_2576942_2577091,37.33933,-76.74119,31,1028
7_2576942_2577091,37.33929,-76.74146,32,1052
7_2576942_2577091,37.33925,-76.74168,33,1072
7_2576942_2577091,37.33918,-76.74193,34,1096
7_2576942_2577091,37.33904,-76.74228,35,1131
7_2576942_2577091,37.33902,-76.74232,36,1135
7_2576942_2577091,37.33894,-76.7425,37,1153
7_2576942_2577091,37.33887,-76.74266,38,1169
7_2576942_2577091,37.33877,-76.74283,39,1188
7_2576942_2577091,37.33865,-76.74297,40,1206
7_2576942_2577091,37.33855,-76.74307,41,1220
7_2576942_2577091,37.33843,-76.74317,42,1236
7_2576942_2577091,37.3383,-76.74326,43,1253
7_2576942_2577091,37.3382,-76.74331,44,1265
7_2576942_2577091,37.338162,-76.743325,45,1269
7_2576942_2577091,37.33816,-76.74332,46,1270
7_2576942_2577091,37.33806,-76.74336,47,1281
7_2576942_2577091,37.33795,-76.74339,48,1294
7_2576942_2577091,37.33783,-76.7434,49,1307
7_2576942_2577091,37.33764,-76.74341,50,1328
7_2576942_2577091,37.33763,-76.74341,51,1329
7_2576942_2577091,37.33756,-76.74342,52,1337
7_2576942_2577091,37.3374,-76.74342,53,1355
7_2576942_2577091,37.33742,-76.74326,54,1369
7_2576942_2577091,37.33744,-76.74317,55,1378
7_2576942_2577091,37.33756,-76.74265,56,1426
7_2576942_2577091,37.33761,-76.74242,57,1447
7_2576942_2577091,37.33765,-76.74222,58,1465
7_2576942_2577091,37.33766,-76.74218,59,1469
7_2576942_2577091,37.3377,-76.74202,60,1483
7_2576942_2577091,37.33772,-76.74195,61,1490
7_2576942_2577091,37.33773,-76.74189,62,1495
7_2576942_2577091,37.33774,-76.74185,63,1499
7_2576942_2577091,37.3384,-76.74209,64,1575
7_2576942_2577091,37.33853,-76.74214,65,1591
7_2576942_2577091,37.33902,-76.74232,66,1647
7_2576942_2577091,37.33904,-76.74228,67,1651
7_2576942_2577091,37.33918,-76.74193,68,1686
7_2576942_2577091,37.33925,-76.74168,69,1710
7_2576942_2577091,37.33929,-76.74146,70,1730
7_2576942_2577091,37.33933,-76.74119,71,1754
7_2576942_2577091,37.33933,-76.74092,72,1778
7_2576942_2577091,37.33933,-76.74068,73,1799
7_2576942_2577091,37.33929,-76.74039,74,1825
7_2576942_2577091,37.33925,-76.74017,75,1845
7_2576942_2577091,37.33918,-76.73993,76,1868
7_2576942_2577091,37.33907,-76.73968,77,1893
7_2576942_2577091,37.33892,-76.73936,78,1926
7_2576942_2577091,37.33881,-76.73946,79,1941
7_2576942_2577091,37.33872,-76.73953,80,1953
7_2576942_2577091,37.33865,-76.73957,81,1961
7_2576942_2577091,37.33854,-76.73961,82,1974
7_2576942_2577091,37.33844,-76.73962,83,1985
7_2576942_2577091,37.33827,-76.73956,84,2005
7_2576942_2577091,37.33818,-76.73952,85,2015
7_2576942_2577091,37.33807,-76.73944,86,2029
7_2576942_2577091,37.33796,-76.73932,87,2046
7_2576942_2577091,37.33789,-76.73921,88,2058
7_2576942_2577091,37.33784,-76.73908,89,2071
7_2576942_2577091,37.33768,-76.73921,90,2092
7_2576942_2577091,37.33753,-76.73936,91,2113
7_2576942_2577091,37.33749,-76.73944,92,2122
7_2576942_2577091,37.33707,-76.74012,93,2198
7_2576942_2577091,37.33703,-76.74017,94,2204
7_2576942_2577091,37.337,-76.74021,95,2209
7_2576942_2577091,37.33691,-76.74038,96,2227
7_2576942_2577091,37.33688,-76.7404,97,2231
7_2576942_2577091,37.33684,-76.74041,98,2235
7_2576942_2577091,37.33681,-76.74041,99,2239
7_2576942_2577091,37.33678,-76.74041,100,2242
7_2576942_2577091,37.33675,-76.74039,101,2246
7_2576942_2577091,37.33672,-76.74034,102,2251
7_2576942_2577091,37.3367,-76.74031,103,2255
7_2576942_2577091,37.3367,-76.74026,104,2259
7_2576942_2577091,37.33672,-76.74019,105,2266
7_2576942_2577091,37.33684,-76.73999,106,2288
7_2576942_2577091,37.33691,-76.73987,107,2301
7_2576942_2577091,37.33736,-76.73916,108,2382
7_2576942_2577091,37.33741,-76.73908,109,2391
7_2576942_2577091,37.3377,-76.73878,110,2432
7_2576942_2577091,37.33764,-76.73867,111,2444
7_2576942_2577091,37.33756,-76.73858,112,2456
7_2576942_2577091,37.33746,-76.73846,113,2471
7_2576942_2577091,37.33736,-76.73837,114,2485
7_2576942_2577091,37.33725,-76.73829,115,2499
7_2576942_2577091,37.33708,-76.7382,116,2520
7_2576942_2577091,37.33693,-76.73814,117,2537
7_2576942_2577091,37.33677,-76.7381,118,2555
7_2576942_2577091,37.3366,-76.73807,119,2574
7_2576942_2577091,37.33649,-76.73806,120,2587
7_2576942_2577091,37.33645,-76.73807,121,2591
7_2576942_2577091,37.33646,-76.73786,122,2610
7_2576942_2577091,37.33647,-76.73767,123,2627
7_2576942_2577091,37.33653,-76.7373,124,2660
7_2576942_2577091,37.33559,-76.73695,125,2769
7_2576942_2577091,37.335592,-76.736952,126,2769
7_2576942_2577091,37.333652,-76.736206,127,2994
7_2576942_2577091,37.333317,-76.736015,128,3035
7_2576942_2577091,37.333031,-76.735809,129,3072
7_2576942_2577091,37.332493,-76.735321,130,3146
7_2576942_2577091,37.33213,-76.735046,131,3193
7_2576942_2577091,37.331837,-76.734886,132,3228
7_2576942_2577091,37.331509,-76.734749,133,3266
7_2576942_2577091,37.331123,-76.734665,134,3310
7_2576942_2577091,37.330921,-76.734642,135,3332
7_2576942_2577091,37.330696,-76.734642,136,3357
7_2576942_2577091,37.330227,-76.734665,137,3409
7_2576942_2577091,37.329586,-76.734726,138,3481
7_2576942_2577091,37.328011,-76.735252,139,3662
7_2576942_2577091,37.327461,-76.735458,140,3725
7_2576942_2577091,37.327091,-76.735557,141,3767
7_2576942_2577091,37.326809,-76.735558,142,3799
7_2576942_2577091,37.326538,-76.735512,143,3829
7_2576942_2577091,37.326313,-76.735497,144,3854
7_2576942_2577091,37.326111,-76.735504,145,3876
7_2576942_2577091,37.325806,-76.735558,146,3911
7_2576942_2577091,37.324963,-76.735825,147,4007
7_2576942_2577091,37.324692,-76.735878,148,4038
7_2576942_2577091,37.324409,-76.735909,149,4069
7_2576942_2577091,37.323639,-76.735947,150,4155
7_2576942_2577091,37.323238,-76.735931,151,4199
7_2576942_2577091,37.322884,-76.735847,152,4239
7_2576942_2577091,37.322685,-76.735771,153,4262
7_2576942_2577091,37.322384,-76.735611,154,4299
7_2576942_2577091,37.320358,-76.734344,155,4550
7_2576942_2577091,37.320164,-76.734268,156,4572
7_2576942_2577091,37.319824,-76.734169,157,4611
7_2576942_2577091,37.319012,-76.734085,158,4702
7_2576942_2577091,37.318581,-76.734062,159,4749
7_2576942_2577091,37.31844,-76.734025,160,4765
7_2576942_2577091,37.318291,-76.733978,161,4782
7_2576942_2577091,37.318108,-76.733879,162,4805
7_2576942_2577091,37.317989,-76.733788,163,4820
7_2576942_2577091,37.31778,-76.733566,164,4850
7_2576942_2577091,37.317589,-76.733253,165,4885
7_2576942_2577091,37.316986,-76.73204,166,5012
7_2576942_2577091,37.316811,-76.731773,167,5043
7_2576942_2577091,37.316578,-76.731529,168,5076
7_2576942_2577091,37.315884,-76.730988,169,5167
7_2576942_2577091,37.315521,-76.730766,170,5212
7_2576942_2577091,37.314869,-76.730476,171,5289
7_2576942_2577091,37.314667,-76.73037,172,5313
7_2576942_2577091,37.314507,-76.730278,173,5333
7_2576942_2577091,37.314182,-76.730042,174,5374
7_2576942_2577091,37.313816,-76.729836,175,5419
7_2576942_2577091,37.313457,-76.729713,176,5460
7_2576942_2577091,37.310772,-76.729032,177,5764
7_2576942_2577091,37.310474,-76.728966,178,5798
7_2576942_2577091,37.310101,-76.728928,179,5839
7_2576942_2577091,37.309792,-76.728935,180,5873
7_2576942_2577091,37.309139,-76.728981,181,5946
7_2576942_2577091,37.30867,-76.728951,182,5998
7_2576942_2577091,37.308453,-76.728905,183,6023
7_2576942_2577091,37.308018,-76.72876,184,6073
7_2576942_2577091,37.307102,-76.728302,185,6182
7_2576942_2577091,37.306477,-76.728027,186,6255
7_2576942_2577091,37.306049,-76.72789,187,6305
7_2576942_2577091,37.30481,-76.727554,188,6445
7_2576942_2577091,37.304214,-76.727409,189,6513
7_2576942_2577091,37.303993,-76.727364,190,6537
7_2576942_2577091,37.303322,-76.72728,191,6612
7_2576942_2577091,37.303055,-76.727211,192,6643
7_2576942_2577091,37.302731,-76.727089,193,6680
7_2576942_2577091,37.302032,-76.726783,194,6762
7_2576942_2577091,37.301388,-76.726501,195,6838
7_2576942_2577091,37.300781,-76.726204,196,6910
7_2576942_2577091,37.299709,-76.725616,197,7040
7_2576942_2577091,37.29874,-76.725166,198,7155
7_2576942_2577091,37.296432,-76.724167,199,7426
7_2576942_2577091,37.294979,-76.723671,200,7593
7_2576942_2577091,37.294617,-76.723534,201,7635
7_2576942_2577091,37.293546,-76.723078,202,7760
7_2576942_2577091,37.288445,-76.720856,203,8360
7_2576942_2577091,37.288277,-76.720772,204,8380
7_2576942_2577091,37.28804,-76.720604,205,8410
7_2576942_2577091,37.287903,-76.720482,206,8429
7_2576942_2577091,37.287689,-76.720253,207,8460
7_2576942_2577091,37.287479,-76.71994,208,8496
7_2576942_2577091,37.287327,-76.71962,209,8529
7_2576942_2577091,37.287209,-76.719276,210,8563
7_2576942_2577091,37.287117,-76.718834,211,8603
7_2576942_2577091,37.287037,-76.717842,212,8691
7_2576942_2577091,37.286929,-76.717081,213,8760
7_2576942_2577091,37.286888,-76.716827,214,8783
7_2576942_2577091,37.286045,-76.716888,215,8877
7_2576942_2577091,37.285366,-76.716957,216,8952
7_2576942_2577091,37.285187,-76.717003,217,8973
7_2576942_2577091,37.285107,-76.716728,218,8998
7_2576942_2577091,37.284935,-76.715927,219,9072
7_2576942_2577091,37.284851,-76.715172,220,9140
7_2576942_2577091,37.284503,-76.708175,221,9761
7_2576942_2577091,37.284145,-76.700836,222,10413
7_2576942_2577091,37.283863,-76.701073,223,10451
7_2576942_2577091,37.283237,-76.701492,224,10530
7_2576942_2577091,37.283005,-76.70163,225,10558
7_2576942_2577091,37.282745,-76.701714,226,10588
7_2576942_2577091,37.282539,-76.701813,227,10612
7_2576942_2577091,37.282246,-76.701912,228,10646
7_2576942_2577091,37.281593,-76.702171,229,10722
7_2576942_2577091,37.281243,-76.702278,230,10762
7_2576942_2577091,37.280968,-76.702362,231,10794
7_2576942_2577091,37.280315,-76.702667,232,10871
7_2576942_2577091,37.280018,-76.702843,233,10907
7_2576942_2577091,37.279671,-76.703102,234,10952
7_2576942_2577091,37.279194,-76.703529,235,11017
7_2576942_2577091,37.278828,-76.703964,236,11073
7_2576942_2577091,37.278488,-76.704399,237,11127
7_2576942_2577091,37.278103,-76.704964,238,11193
7_2576942_2577091,37.277737,-76.705376,239,11248
7_2576942_2577091,37.277381,-76.705732,240,11298
7_2576942_2577091,37.277077,-76.705928,241,11336
7_2576942_2577091,37.276922,-76.706001,242,11355
7_2576942_2577091,37.276626,-76.706102,243,11389
7_2576942_2577091,37.276471,-76.706138,244,11406
7_2576942_2577091,37.276112,-76.706185,245,11446
7_2576942_2577091,37.275939,-76.706192,246,11465
7_2576942_2577091,37.275482,-76.706162,247,11516
7_2576942_2577091,37.275427,-76.707798,248,11661
7_2576942_2577091,37.276065,-76.707859,249,11732
7_2576942_2577091,37.27623,-76.707976,250,11753
7_2576942_2577091,37.276254,-76.70806,251,11761
7_2576942_2577091,37.276285,-76.708169,252,11772
4_2577026_2576942,37.2818663,-76.7382079,0,0
4_2577026_2576942,37.280724,-76.740128,1,212
4_2577026_2576942,37.279961,-76.739449,2,316
4_2577026_2576942,37.279789,-76.739281,3,340
4_2577026_2576942,37.279736,-76.739204,4,349
4_2577026_2576942,37.279655,-76.739143,5,360
4_2577026_2576942,37.279602,-76.739021,6,372
4_2577026_2576942,37.279537,-76.738754,7,397
4_2577026_2576942,37.279377,-76.737663,8,495
4_2577026_2576942,37.280193,-76.737465,9,588
4_2577026_2576942,37.28072,-76.737267,10,649
4_2577026_2576942,37.282574,-76.736389,11,869
4_2577026_2576942,37.28278,-76.736275,12,894
4_2577026_2576942,37.28297,-76.736145,13,918
4_2577026_2576942,37.283184,-76.736046,14,943
4_2577026_2576942,37.283596,-76.735677,15,999
4_2577026_2576942,37.284145,-76.735146,16,1076
4_2577026_2576942,37.284557,-76.734795,17,1131
4_2577026_2576942,37.284958,-76.734535,18,1182
4_2577026_2576942,37.285362,-76.734337,19,1230
4_2577026_2576942,37.285568,-76.734261,20,1254
4_2577026_2576942,37.285812,-76.734192,21,1281
4_2577026_2576942,37.286312,-76.734085,22,1338
4_2577026_2576942,37.287865,-76.733963,23,1510
4_2577026_2576942,37.290169,-76.733826,24,1766
4_2577026_2576942,37.290707,-76.733849,25,1826
4_2577026_2576942,37.292238,-76.734101,26,1997
4_2577026_2576942,37.293793,-76.73436,27,2171
4_2577026_2576942,37.294109,-76.734428,28,2207
4_2577026_2576942,37.294403,-76.734528,29,2241
4_2577026_2576942,37.294559,-76.734604,30,2259
4_2577026_2576942,37.294857,-76.734802,31,2297
4_2577026_2576942,37.295139,-76.735085,32,2337
4_2577026_2576942,37.295265,-76.735245,33,2357
4_2577026_2576942,37.295464,-76.735565,34,2393
4_2577026_2576942,37.295624,-76.735924,35,2429
4_2577026_2576942,37.29575,-76.73632,36,2467
4_2577026_2576942,37.295822,-76.736717,37,2503
4_2577026_2576942,37.295856,-76.737541,38,2576
4_2577026_2576942,37.298294,-76.737495,39,2847
4_2577026_2576942,37.298306,-76.738487,40,2935
4_2577026_2576942,37.298276,-76.739184,41,2997
4_2577026_2576942,37.29828,-76.73918,42,2997
4_2577026_2576942,37.29827,-76.73931,43,3009
4_2577026_2576942,37.29825,-76.73944,44,3021
4_2577026_2576942,37.29821,-76.73968,45,3042
4_2577026_2576942,37.29817,-76.73983,46,3056
4_2577026_2576942,37.2981,-76.74005,47,3077
4_2577026_2576942,37.29801,-76.74031,48,3102
4_2577026_2576942,37.29792,-76.74051,49,3123
4_2577026_2576942,37.29776,-76.74078,50,3153
4_2577026_2576942,37.29769,-76.74091,51,3167
4_2577026_2576942,37.29766,-76.74095,52,3171
4_2577026_2576942,37.29774,-76.74104,53,3183
4_2577026_2576942,37.29787,-76.74121,54,3204
4_2577026_2576942,37.2979,-76.74125,55,3209
4_2577026_2576942,37.29799,-76.74136,56,3223
4_2577026_2576942,37.29806,-76.74146,57,3235
4_2577026_2576942,37.29815,-76.74163,58,3253
4_2577026_2576942,37.29825,-76.74185,59,3275
4_2577026_2576942,37.2983,-76.74199,60,3289
4_2577026_2576942,37.29836,-76.7422,61,3309
4_2577026_2576942,37.2985,-76.74295,62,3377
4_2577026_2576942,37.29855,-76.74322,63,3402
4_2577026_2576942,37.29858,-76.74338,64,3416
4_2577026_2576942,37.29863,-76.74362,65,3438
4_2577026_2576942,37.2987,-76.74394,66,3468
4_2577026_2576942,37.29876,-76.74417,67,3489
4_2577026_2576942,37.29886,-76.74449,68,3519
4_2577026_2576942,37.29895,-76.74477,69,3546
4_2577026_2576942,37.29903,-76.74503,70,3571
4_2577026_2576942,37.29932,-76.74574,71,3642
4_2577026_2576942,37.29934,-76.74578,72,3646
4_2577026_2576942,37.29943,-76.74597,73,3665
4_2577026_2576942,37.29991,-76.74702,74,3773
4_2577026_2576942,37.30002,-76.74725,75,3796
4_2577026_2576942,37.30025,-76.74775,76,3848
4_2577026_2576942,37.30043,-76.74816,77,3889
4_2577026_2576942,37.30056,-76.74843,78,3917
4_2577026_2576942,37.30065,-76.74862,79,3937
4_2577026_2576942,37.30076,-76.74883,80,3959
4_2577026_2576942,37.30084,-76.74898,81,3975
4_2577026_2576942,37.3009,-76.74907,82,3985
4_2577026_2576942,37.30099,-76.74923,83,4003
4_2577026_2576942,37.30108,-76.74937,84,4018
4_2577026_2576942,37.30117,-76.7495,85,4034
4_2577026_2576942,37.30122,-76.74956,86,4041
4_2577026_2576942,37.30126,-76.74961,87,4048
4_2577026_2576942,37.30133,-76.74968,88,4058
4_2577026_2576942,37.30139,-76.74974,89,4066
4_2577026_2576942,37.30148,-76.74983,90,4079
4_2577026_2576942,37.30171,-76.75004,91,4110
4_2577026_2576942,37.30186,-76.75015,92,4130
4_2577026_2576942,37.30198,-76.75024,93,4145
4_2577026_2576942,37.3021,-76.75031,94,4160
4_2577026_2576942,37.30206,-76.75029,95,4165
4_2577026_2576942,37.3021,-76.75031,96,4170
4_2577026_2576942,37.30222,-76.75037,97,4184
4_2577026_2576942,37.30242,-76.75047,98,4208
4_2577026_2576942,37.30261,-76.75054,99,4230
4_2577026_2576942,37.30274,-76.75059,100,4245
4_2577026_2576942,37.3029,-76.75064,101,4263
4_2577026_2576942,37.30302,-76.75068,102,4277
4_2577026_2576942,37.30313,-76.75071,103,4289
4_2577026_2576942,37.30338,-76.75078,104,4318
4_2577026_2576942,37.30355,-76.75082,105,4337
4_2577026_2576942,37.30359,-76.75083,106,4342
4_2577026_2576942,37.30364,-76.75082,107,4347
4_2577026_2576942,37.30367,-76.75082,108,4351
4_2577026_2576942,37.30371,-76.7508,109,4355
4_2577026_2576942,37.30376,-76.75077,110,4361
4_2577026_2576942,37.30379,-76.75076,111,4365
4_2577026_2576942,37.3038,-76.75071,112,4369
4_2577026_2576942,37.30383,-76.75068,113,4374
4_2577026_2576942,37.30386,-76.75065,114,4378
4_2577026_2576942,37.30389,-76.75063,115,4382
4_2577026_2576942,37.30393,-76.75062,116,4386
4_2577026_2576942,37.30396,-76.75062,117,4390
4_2577026_2576942,37.304,-76.75063,118,4394
4_2577026_2576942,37.30403,-76.75066,119,4398
4_2577026_2576942,37.30406,-76.75069,120,4403
4_2577026_2576942,37.30413,-76.75071,121,4411
4_2577026_2576942,37.30417,-76.75071,122,4415
4_2577026_2576942,37.30418,-76.75072,123,4417
4_2577026_2576942,37.30426,-76.75075,124,4426
4_2577026_2576942,37.30435,-76.75078,125,4436
4_2577026_2576942,37.30443,-76.75079,126,4445
4_2577026_2576942,37.30448,-76.75081,127,4451
4_2577026_2576942,37.30449,-76.75081,128,4452
4_2577026_2576942,37.30461,-76.75084,129,4466
4_2577026_2576942,37.3047,-76.75086,130,4476
4_2577026_2576942,37.30478,-76.75089,131,4485
4_2577026_2576942,37.30492,-76.75094,132,4501
4_2577026_2576942,37.30507,-76.751,133,4519
4_2577026_2576942,37.30525,-76.75107,134,4540
4_2577026_2576942,37.30539,-76.75114,135,4556
4_2577026_2576942,37.3055,-76.7512,136,4570
4_2577026_2576942,37.30564,-76.75128,137,4587
4_2577026_2576942,37.30575,-76.75136,138,4601
4_2577026_2576942,37.30591,-76.75147,139,4621
4_2577026_2576942,37.30636,-76.75186,140,4682
4_2577026_2576942,37.30657,-76.75203,141,4709
4_2577026_2576942,37.3067,-76.75214,142,4727
4_2577026_2576942,37.30679,-76.75204,143,4740
4_2577026_2576942,37.30699,-76.75181,144,4770
4_2577026_2576942,37.30732,-76.75145,145,4819
4_2577026_2576942,37.30793,-76.7508,146,4908
4_2577026_2576942,37.30805,-76.75093,147,4925
4_2577026_2576942,37.30818,-76.75102,148,4942
4_2577026_2576942,37.30826,-76.75106,149,4952
4_2577026_2576942,37.30835,-76.75113,150,4963
4_2577026_2576942,37.30844,-76.75134,151,4984
4_2577026_2576942,37.30844,-76.75143,152,4992
4_2577026_2576942,37.30842,-76.75151,153,5000
4_2577026_2576942,37.30842,-76.75153,154,5002
4_2577026_2576942,37.308417,-76.751534,155,5002
4_2577026_2576942,37.308388,-76.751633,156,5011
4_2577026_2576942,37.308315,-76.751755,157,5025
4_2577026_2576942,37.308258,-76.751785,158,5032
4_2577026_2576942,37.308189,-76.75177,159,5040
4_2577026_2576942,37.307995,-76.751122,160,5101
4_2577026_2576942,37.308006,-76.751015,161,5110
4_2577026_2576942,37.308048,-76.750931,162,5119
4_2577026_2576942,37.307934,-76.750793,163,5137
4_2577026_2576942,37.306686,-76.752136,164,5319
4_2577026_2576942,37.30722,-76.752579,165,5391
4_2577026_2576942,37.307503,-76.752846,166,5430
4_2577026_2576942,37.30772,-76.753151,167,5466
4_2577026_2576942,37.307899,-76.753479,168,5501
4_2577026_2576942,37.30801,-76.753723,169,5526
4_2577026_2576942,37.30891,-76.756081,170,5758
4_2577026_2576942,37.309074,-76.75647,171,5797
4_2577026_2576942,37.3092,-76.756714,172,5823
4_2577026_2576942,37.309444,-76.757095,173,5866
4_2577026_2576942,37.309834,-76.757584,174,5927
4_2577026_2576942,37.310097,-76.757866,175,5966
4_2577026_2576942,37.310372,-76.758097,176,6002
4_2577026_2576942,37.311848,-76.759232,177,6195
4_2577026_2576942,37.31321,-76.760323,178,6374
4_2577026_2576942,37.313503,-76.760582,179,6414
4_2577026_2576942,37.313637,-76.760719,180,6433
4_2577026_2576942,37.313889,-76.761063,181,6474
4_2577026_2576942,37.313995,-76.76123,182,6493
4_2577026_2576942,37.314194,-76.761642,183,6536
4_2577026_2576942,37.314281,-76.761902,184,6561
4_2577026_2576942,37.3144,-76.76239,185,6606
4_2577026_2576942,37.314449,-76.762794,186,6642
4_2577026_2576942,37.314461,-76.763245,187,6682
4_2577026_2576942,37.314419,-76.763771,188,6729
4_2577026_2576942,37.313929,-76.766798,189,7003
4_2577026_2576942,37.313377,-76.77018,190,7309
4_2577026_2576942,37.313446,-76.770203,191,7317
4_2577026_2576942,37.313377,-76.77018,192,7325
4_2577026_2576942,37.313202,-76.771378,193,7433
4_2577026_2576942,37.312977,-76.772682,194,7551
4_2577026_2576942,37.312885,-76.773415,195,7617
4_2577026_2576942,37.312878,-76.773933,196,7663
4_2577026_2576942,37.312931,-76.774422,197,7706
4_2577026_2576942,37.313,-76.774757,198,7737
4_2577026_2576942,37.313198,-76.77533,199,7792
4_2577026_2576942,37.313396,-76.775703,200,7832
4_2577026_2576942,37.313877,-76.776405,201,7914
4_2577026_2576942,37.314429,-76.777154,202,8004
4_2577026_2576942,37.314739,-76.777588,203,8056
4_2577026_2576942,37.314854,-76.777779,204,8077
4_2577026_2576942,37.315102,-76.77829,205,8130
4_2577026_2576942,37.315208,-76.77858,206,8158
4_2577026_2576942,37.315292,-76.778862,207,8185
4_2577026_2576942,37.315716,-76.780693,208,8354
4_2577026_2576942,37.31591,-76.781441,209,8424
4_2577026_2576942,37.316051,-76.781868,210,8465
4_2577026_2576942,37.316551,-76.783112,211,8588
4_2577026_2576942,37.316669,-76.783363,212,8614
4_2577026_2576942,37.316761,-76.783623,213,8639
4_2577026_2576942,37.316868,-76.784142,214,8687
4_2577026_2576942,37.316898,-76.784676,215,8734
4_2577026_2576942,37.316883,-76.78495,216,8759
4_2577026_2576942,37.316544,-76.787018,217,8946
4_2577026_2576942,37.316472,-76.787693,218,9006
4_2577026_2576942,37.316425,-76.788162,219,9048
4_2577026_2576942,37.316444,-76.7883,220,9060
4_2577026_2576942,37.316414,-76.788956,221,9119
4_2577026_2576942,37.31641,-76.789589,222,9175
4_2577026_2576942,37.317478,-76.788971,223,9305
4_2577026_2576942,37.317795,-76.788857,224,9342
4_2577026_2576942,37.320114,-76.788513,225,9601
4_2577026_2576942,37.32048,-76.788475,226,9642
4_2577026_2576942,37.320721,-76.788475,227,9668
4_2577026_2576942,37.321037,-76.788521,228,9704
4_2577026_2576942,37.32122,-76.788567,229,9724
4_2577026_2576942,37.321556,-76.788712,230,9764
4_2577026_2576942,37.321716,-76.788811,231,9784
4_2577026_2576942,37.322166,-76.789162,232,9843
4_2577026_2576942,37.322392,-76.789291,233,9870
4_2577026_2576942,37.322559,-76.78936,234,9890
4_2577026_2576942,37.323578,-76.789613,235,10005
4_2577026_2576942,37.323887,-76.789673,236,10040
4_2577026_2576942,37.324097,-76.789696,237,10063
4_2577026_2576942,37.324261,-76.789696,238,10081
4_2577026_2576942,37.324471,-76.789688,239,10105
4_2577026_2576942,37.324986,-76.789597,240,10162
4_2577026_2576942,37.32803,-76.788826,241,10507
4_2577026_2576942,37.328552,-76.788673,242,10566
4_2577026_2576942,37.32888,-76.788521,243,10605
4_2577026_2576942,37.329067,-76.788399,244,10629
4_2577026_2576942,37.329185,-76.7883,245,10644
4_2577026_2576942,37.329536,-76.787888,246,10698
4_2577026_2576942,37.330986,-76.785652,247,10953
4_2577026_2576942,37.331311,-76.785249,248,11004
4_2577026_2576942,37.331676,-76.784843,249,11058
4_2577026_2576942,37.331909,-76.784615,250,11091
4_2577026_2576942,37.332985,-76.783638,251,11238
4_2577026_2576942,37.333187,-76.783424,252,11268
4_2577026_2576942,37.333485,-76.783012,253,11317
4_2577026_2576942,37.333683,-76.782631,254,11357
4_2577026_2576942,37.333767,-76.782425,255,11378
4_2577026_2576942,37.33408,-76.781532,256,11464
4_2577026_2576942,37.33419,-76.78109,257,11505
4_2577026_2576942,37.334209,-76.780952,258,11517
4_2577026_2576942,37.334389,-76.779305,259,11665
4_2577026_2576942,37.334412,-76.778961,260,11695
4_2577026_2576942,37.334412,-76.778282,261,11756
4_2577026_2576942,37.334377,-76.777405,262,11833
4_2577026_2576942,37.334419,-76.77697,263,11872
4_2577026_2576942,37.334496,-76.776634,264,11903
4_2577026_2576942,37.334856,-76.775579,265,12005
4_2577026_2576942,37.338234,-76.765976,266,12935
4_2577026_2576942,37.338333,-76.765686,267,12963
4_2577026_2576942,37.338463,-76.76522,268,13006
4_2577026_2576942,37.338573,-76.764717,269,13052
4_2577026_2576942,37.338783,-76.763306,270,13180
4_2577026_2576942,37.338867,-76.762451,271,13256
4_2577026_2576942,37.338909,-76.761566,272,13335
4_2577026_2576942,37.338875,-76.760597,273,13420
4_2577026_2576942,37.338852,-76.760315,274,13446
4_2577026_2576942,37.338776,-76.759865,275,13486
4_2577026_2576942,37.338688,-76.759567,276,13515
4_2577026_2576942,37.338379,-76.75869,277,13599
4_2577026_2576942,37.338261,-76.758537,278,13618
4_2577026_2576942,37.337822,-76.757439,279,13727
4_2577026_2576942,37.337727,-76.757004,280,13767
4_2577026_2576942,37.337696,-76.756439,281,13817
4_2577026_2576942,37.337757,-76.755951,282,13861
4_2577026_2576942,37.337856,-76.755531,283,13900
4_2577026_2576942,37.338177,-76.754377,284,14008
4_2577026_2576942,37.338474,-76.753372,285,14103
4_2577026_2576942,37.338524,-76.753242,286,14116
4_2577026_2576942,37.338684,-76.753021,287,14142
4_2577026_2576942,37.339012,-76.75338,288,14191
4_2577026_2576942,37.33942,-76.753777,289,14248
4_2577026_2576942,37.33968,-76.75399,290,14282
4_2577026_2576942,37.340206,-76.754349,291,14349
4_2577026_2576942,37.340469,-76.753578,292,14423
4_2577026_2576942,37.340691,-76.752991,293,14481
4_2577026_2576942,37.342731,-76.74855,294,14935
4_2577026_2576942,37.342865,-76.74823,295,14967
4_2577026_2576942,37.343068,-76.747828,296,15009
4_2577026_2576942,37.343231,-76.747536,297,15040
4_2577026_2576942,37.34341,-76.747292,298,15070
4_2577026_2576942,37.343552,-76.747131,299,15091
4_2577026_2576942,37.344444,-76.7463,300,15214
4_2577026_2576942,37.344841,-76.745888,301,15272
4_2577026_2576942,37.345135,-76.745506,302,15319
4_2577026_2576942,37.34547,-76.744957,303,15380
4_2577026_2576942,37.345387,-76.744896,304,15391
4_2577026_2576942,37.345119,-76.744637,305,15428
4_2577026_2576942,37.344933,-76.7444,306,15458
4_2577026_2576942,37.344158,-76.743164,307,15597
4_2577026_2576942,37.342346,-76.740356,308,15917
4_2577026_2576942,37.342159,-76.740105,309,15947
4_2577026_2576942,37.341965,-76.739906,310,15975
4_2577026_2576942,37.342064,-76.739792,311,15990
4_2577026_2576942,37.342204,-76.739667,312,16009
4_2577026_2576942,37.342491,-76.739426,313,16047
4_2577026_2576942,37.342739,-76.739304,314,16077
4_2577026_2576942,37.343021,-76.739243,315,16109
4_2577026_2576942,37.343246,-76.73925,316,16134
4_2577026_2576942,37.343407,-76.739288,317,16152
4_2577026_2576942,37.343536,-76.739334,318,16167
4_2577026_2576942,37.343689,-76.739418,319,16185
4_2577026_2576942,37.343815,-76.73951,320,16201
4_2577026_2576942,37.344036,-76.739746,321,16234
4_2577026_2576942,37.344311,-76.74015,322,16281
4_2577026_2576942,37.344433,-76.740295,323,16299
4_2577026_2576942,37.344521,-76.740364,324,16311
4_2577026_2576942,37.344799,-76.740532,325,16345
4_2577026_2576942,37.345169,-76.740623,326,16387
4_2577026_2576942,37.345325,-76.740623,327,16404
4_2577026_2576942,37.345478,-76.740585,328,16422
4_2577026_2576942,37.345654,-76.740517,329,16442
4_2577026_2576942,37.345924,-76.740341,330,16476
4_2577026_2576942,37.346771,-76.739532,331,16594
4_2577026_2576942,37.346928,-76.739449,332,16613
4_2577026_2576942,37.34663,-76.738991,333,16665
4_2577026_2576942,37.346603,-76.738754,334,16686
4_2577026_2576942,37.346546,-76.73732,335,16814
4_2577026_2576942,37.346603,-76.737,336,16843
4_2577026_2576942,37.346786,-76.736885,337,16865
4_2577026_2576942,37.346344,-76.736412,338,16930
4_2577026_2576942,37.34564,-76.736467,339,17008
4_2577026_2576942,37.344475,-76.736557,340,17138
4_2577026_2576942,37.3445289,-76.7379998,341,17266
9_2576942_2577001,37.34454,-76.73801,0,0
9_2576942_2577001,37.34454,-76.73809,1,7
9_2576942_2577001,37.34454,-76.73814,2,12
9_2576942_2577001,37.34457,-76.7388,3,70
9_2576942_2577001,37.34455,-76.73893,4,82
9_2576942_2577001,37.34444,-76.73909,5,101
9_2576942_2577001,37.34439,-76.73918,6,110
9_2576942_2577001,37.34408,-76.73959,7,160
9_2576942_2577001,37.344,-76.7397,8,173
9_2576942_2577001,37.34392,-76.7398,9,186
9_2576942_2577001,37.34389,-76.73977,10,190
9_2576942_2577001,37.3438,-76.73968,11,203
9_2576942_2577001,37.34368,-76.73958,12,219
9_2576942_2577001,37.34356,-76.7395,13,234
9_2576942_2577001,37.34346,-76.73945,14,246
9_2576942_2577001,37.34334,-76.73942,15,260
9_2576942_2577001,37.34322,-76.7394,16,273
9_2576942_2577001,37.34305,-76.73939,17,292
9_2576942_2577001,37.34289,-76.73942,18,310
9_2576942_2577001,37.34288,-76.73943,19,311
9_2576942_2577001,37.34277,-76.73946,20,324
9_2576942_2577001,37.34267,-76.7395,21,335
9_2576942_2577001,37.34258,-76.73958,22,348
9_2576942_2577001,37.3425,-76.73965,23,359
9_2576942_2577001,37.34245,-76.73971,24,366
9_2576942_2577001,37.34241,-76.73976,25,373
9_2576942_2577001,37.34238,-76.73983,26,380
9_2576942_2577001,37.34236,-76.73992,27,388
9_2576942_2577001,37.34236,-76.74001,28,396
9_2576942_2577001,37.34237,-76.74009,29,403
9_2576942_2577001,37.34267,-76.74062,30,461
9_2576942_2577001,37.34271,-76.74068,31,467
9_2576942_2577001,37.34301,-76.74115,32,521
9_2576942_2577001,37.34311,-76.74131,33,539
9_2576942_2577001,37.34401,-76.74273,34,699
9_2576942_2577001,37.3441,-76.74287,35,715
9_2576942_2577001,37.34413,-76.74291,36,720
9_2576942_2577001,37.34413,-76.74292,37,721
9_2576942_2577001,37.34426,-76.74307,38,741
9_2576942_2577001,37.34444,-76.74327,39,767
9_2576942_2577001,37.34452,-76.74334,40,778
9_2576942_2577001,37.34461,-76.74339,41,789
9_2576942_2577001,37.34471,-76.74342,42,801
9_2576942_2577001,37.34479,-76.74343,43,809
9_2576942_2577001,37.34488,-76.74343,44,819
9_2576942_2577001,37.34497,-76.7434,45,830
9_2576942_2577001,37.34507,-76.74335,46,842
9_2576942_2577001,37.34515,-76.74329,47,852
9_2576942_2577001,37.34523,-76.74321,48,863
9_2576942_2577001,37.34529,-76.74314,49,873
9_2576942_2577001,37.34532,-76.74306,50,880
9_2576942_2577001,37.34535,-76.74298,51,888
9_2576942_2577001,37.34536,-76.74289,52,896
9_2576942_2577001,37.34536,-76.7428,53,904
9_2576942_2577001,37.34534,-76.74271,54,913
9_2576942_2577001,37.34531,-76.74262,55,921
9_2576942_2577001,37.34526,-76.74253,56,931
9_2576942_2577001,37.34521,-76.74248,57,938
9_2576942_2577001,37.34515,-76.74243,58,946
9_2576942_2577001,37.34509,-76.74241,59,953
9_2576942_2577001,37.34501,-76.74239,60,962
9_2576942_2577001,37.34495,-76.7424,61,969
9_2576942_2577001,37.3449,-76.7424,62,974
9_2576942_2577001,37.34485,-76.74243,63,980
9_2576942_2577001,37.3448,-76.74248,64,987
9_2576942_2577001,37.34471,-76.74256,65,1000
9_2576942_2577001,37.34464,-76.74261,66,1009
9_2576942_2577001,37.34445,-76.74275,67,1033
9_2576942_2577001,37.34438,-76.74281,68,1043
9_2576942_2577001,37.34391,-76.74328,69,1109
9_2576942_2577001,37.34301,-76.74416,70,1236
9_2576942_2577001,37.34241,-76.74476,71,1321
9_2576942_2577001,37.3414,-76.74576,72,1464
9_2576942_2577001,37.34127,-76.7459,73,1483
9_2576942_2577001,37.33985,-76.74731,74,1684
9_2576942_2577001,37.33843,-76.7487,75,1884
9_2576942_2577001,37.33787,-76.74927,76,1964
9_2576942_2577001,37.33631,-76.75076,77,2182
9_2576942_2577001,37.33627,-76.7508,78,2188
9_2576942_2577001,37.33597,-76.75117,79,2234
9_2576942_2577001,37.33589,-76.75128,80,2248
9_2576942_2577001,37.33584,-76.75141,81,2260
9_2576942_2577001,37.33582,-76.75151,82,2269
9_2576942_2577001,37.33582,-76.75159,83,2277
9_2576942_2577001,37.33583,-76.75168,84,2285
9_2576942_2577001,37.33585,-76.75177,85,2293
9_2576942_2577001,37.33588,-76.75186,86,2302
9_2576942_2577001,37.33594,-76.75195,87,2312
9_2576942_2577001,37.33602,-76.75202,88,2323
9_2576942_2577001,37.33609,-76.75207,89,2332
9_2576942_2577001,37.33616,-76.7521,90,2340
9_2576942_2577001,37.33624,-76.75211,91,2349
9_2576942_2577001,37.3363,-76.75211,92,2355
9_2576942_2577001,37.33639,-76.75208,93,2366
9_2576942_2577001,37.3365,-76.75202,94,2379
9_2576942_2577001,37.33656,-76.75197,95,2387
9_2576942_2577001,37.33702,-76.75143,96,2457
9_2576942_2577001,37.3371,-76.75133,97,2470
9_2576942_2577001,37.33727,-76.75112,98,2496
9_2576942_2577001,37.33734,-76.75122,99,2508
9_2576942_2577001,37.33756,-76.75151,100,2543
9_2576942_2577001,37.33798,-76.75208,101,2612
9_2576942_2577001,37.33861,-76.75292,102,2714
9_2576942_2577001,37.33868,-76.75302,103,2726
9_2576942_2577001,37.33882,-76.75318,104,2747
9_2576942_2577001,37.33905,-76.75341,105,2780
9_2576942_2577001,37.33923,-76.7536,106,2806
9_2576942_2577001,37.33942,-76.75378,107,2832
9_2576942_2577001,37.33968,-76.75399,108,2867
9_2576942_2577001,37.34011,-76.75428,109,2921
9_2576942_2577001,37.34021,-76.75435,110,2933
9_2576942_2577001,37.340211,-76.754353,111,2934
9_2576942_2577001,37.344418,-76.757225,112,3465
9_2576942_2577001,37.344837,-76.757538,113,3520
9_2576942_2577001,37.345554,-76.758194,114,3618
9_2576942_2577001,37.347801,-76.760362,115,3933
9_2576942_2577001,37.349087,-76.761597,116,4113
9_2576942_2577001,37.349518,-76.761986,117,4172
9_2576942_2577001,37.350193,-76.762413,118,4256
9_2576942_2577001,37.350349,-76.762482,119,4274
9_2576942_2577001,37.351757,-76.763245,120,4444
9_2576942_2577001,37.351967,-76.763344,121,4469
9_2576942_2577001,37.352142,-76.76342,122,4490
9_2576942_2577001,37.352543,-76.763527,123,4535
9_2576942_2577001,37.355133,-76.763863,124,4824
9_2576942_2577001,37.356091,-76.764024,125,4931
9_2576942_2577001,37.356899,-76.764168,126,5022
9_2576942_2577001,37.357887,-76.764305,127,5132
9_2576942_2577001,37.358467,-76.764442,128,5198
9_2576942_2577001,37.358814,-76.764565,129,5238
9_2576942_2577001,37.358978,-76.764664,130,5258
9_2576942_2577001,37.359043,-76.764725,131,5267
9_2576942_2577001,37.359512,-76.764908,132,5321
9_2576942_2577001,37.364273,-76.766998,133,5881
9_2576942_2577001,37.364673,-76.767212,134,5930
9_2576942_2577001,37.364983,-76.767426,135,5969
9_2576942_2577001,37.365353,-76.767738,136,6018
9_2576942_2577001,37.369366,-76.772087,137,6607
9_2576942_2577001,37.369465,-76.772148,138,6619
9_2576942_2577001,37.369629,-76.772308,139,6642
9_2576942_2577001,37.370396,-76.773155,140,6756
9_2576942_2577001,37.370773,-76.773643,141,6816
9_2576942_2577001,37.371452,-76.774597,142,6929
9_2576942_2577001,37.371838,-76.775162,143,6995
9_2576942_2577001,37.372314,-76.775978,144,7085
9_2576942_2577001,37.372688,-76.776772,145,7166
9_2576942_2577001,37.372986,-76.777557,146,7243
9_2576942_2577001,37.373093,-76.777901,147,7276
9_2576942_2577001,37.373299,-76.777763,148,7302
9_2576942_2577001,37.373768,-76.777351,149,7365
9_2576942_2577001,37.37418,-76.776932,150,7424
9_2576942_2577001,37.374439,-76.776611,151,7465
9_2576942_2577001,37.376003,-76.774323,152,7732
9_2576942_2577001,37.377176,-76.772637,153,7930
9_2576942_2577001,37.378185,-76.771187,154,8100
9_2576942_2577001,37.377979,-76.770988,155,8129
9_2576942_2577001,37.377945,-76.771049,156,8135
9_2576942_2577001,37.37767,-76.771309,157,8174
9_2576942_2577001,37.377573,-76.771453,158,8190
9_2576942_2577001,37.37757,-76.77145,159,8191
9_2576942_2577001,37.37749,-76.77157,160,8205
9_2576942_2577001,37.37737,-76.77143,161,8223
9_2576942_2577001,37.37742,-76.77136,162,8231
9_2576942_2577001,37.37763,-76.77106,163,8267
9_2576942_2577001,37.3779,-76.77066,164,8313
9_2576942_2577001,37.3782,-76.77026,165,8362
9_2576942_2577001,37.37823,-76.77024,166,8365
9_2576942_2577001,37.37826,-76.77024,167,8369
9_2576942_2577001,37.37829,-76.77026,168,8372
9_2576942_2577001,37.37831,-76.77029,169,8376
9_2576942_2577001,37.37832,-76.77033,170,8380
9_2576942_2577001,37.37831,-76.77037,171,8383
9_2576942_2577001,37.37803,-76.77081,172,8433
9_2576942_2577001,37.37801,-76.77087,173,8439
9_2576942_2577001,37.378,-76.77094,174,8445
9_2576942_2577001,37.37798,-76.77099,175,8450
9_2576942_2577001,37.37819,-76.77119,176,8479
9_2576942_2577001,37.37786,-76.77166,177,8535
9_2576942_2577001,37.37653,-76.77358,178,8760
9_2576942_2577001,37.37625,-76.77398,179,8807
9_2576942_2577001,37.37617,-76.77409,180,8820
9_2576942_2577001,37.37617,-76.774091,181,8820
9_2576942_2577001,37.376003,-76.774323,182,8848
9_2576942_2577001,37.375477,-76.775085,183,8937
9_2576942_2577001,37.374989,-76.77581,184,9021
9_2576942_2577001,37.374775,-76.776131,185,9058
9_2576942_2577001,37.374607,-76.776375,186,9087
9_2576942_2577001,37.374439,-76.776611,187,9115
9_2576942_2577001,37.374355,-76.776718,188,9128
9_2576942_2577001,37.37418,-76.776932,189,9155
9_2576942_2577001,37.374062,-76.777061,190,9173
9_2576942_2577001,37.373768,-76.777351,191,9214
9_2576942_2577001,37.373505,-76.777596,192,9251
9_2576942_2577001,37.373299,-76.777763,193,9278
9_2576942_2577001,37.373093,-76.777901,194,9304
9_2576942_2577001,37.373981,-76.780777,195,9577
9_2576942_2577001,37.374191,-76.781387,196,9636
9_2576942_2577001,37.374523,-76.782211,197,9717
9_2576942_2577001,37.375007,-76.783214,198,9821
9_2576942_2577001,37.376499,-76.785858,199,10108
9_2576942_2577001,37.376656,-76.786163,200,10140
9_2576942_2577001,37.376797,-76.786476,201,10172
9_2576942_2577001,37.376999,-76.787018,202,10225
9_2576942_2577001,37.377079,-76.787292,203,10251
9_2576942_2577001,37.377186,-76.787758,204,10294
9_2576942_2577001,37.377296,-76.788551,205,10365
9_2576942_2577001,37.377316,-76.789009,206,10406
9_2576942_2577001,37.377304,-76.789497,207,10449
9_2576942_2577001,37.376892,-76.793687,208,10823
9_2576942_2577001,37.376812,-76.794724,209,10915
9_2576942_2577001,37.376804,-76.795059,210,10945
9_2576942_2577001,37.376835,-76.795784,211,11009
9_2576942_2577001,37.376904,-76.796303,212,11056
9_2576942_2577001,37.376991,-76.796761,213,11097
9_2576942_2577001,37.377209,-76.797569,214,11173
9_2576942_2577001,37.378403,-76.801445,215,11541
9_2576942_2577001,37.378498,-76.801712,216,11567
9_2576942_2577001,37.378689,-76.802109,217,11608
9_2576942_2577001,37.378738,-76.802307,218,11626
9_2576942_2577001,37.379933,-76.803969,219,11824
9_2576942_2577001,37.37993,-76.80397,220,11825
9_2576942_2577001,37.37998,-76.80403,221,11832
9_2576942_2577001,37.38006,-76.80414,222,11845
9_2576942_2577001,37.38014,-76.80399,223,11861
9_2576942_2577001,37.38019,-76.80392,224,11870
9_2576942_2577001,37.38038,-76.80371,225,11898
9_2576942_2577001,37.38046,-76.80365,226,11908
9_2576942_2577001,37.38056,-76.80358,227,11921
9_2576942_2577001,37.38074,-76.80351,228,11942
9_2576942_2577001,37.38079,-76.8036,229,11951
9_2576942_2577001,37.38074,-76.80363,230,11958
9_2576942_2577001,37.38068,-76.80365,231,11965
9_2576942_2577001,37.38059,-76.8037,232,11975
9_2576942_2577001,37.38047,-76.80378,233,11991
9_2576942_2577001,37.38037,-76.80388,234,12005
9_2576942_2577001,37.38022,-76.80404,235,12027
9_2576942_2577001,37.38016,-76.80409,236,12035
9_2576942_2577001,37.38006,-76.80414,237,12047
9_2576942_2577001,37.38068,-76.80499,238,12148
9_2576942_2577001,37.38076,-76.80511,239,12162
9_2576942_2577001,37.38084,-76.8052,240,12174
9_2576942_2577001,37.38094,-76.80533,241,12190
9_2576942_2577001,37.38111,-76.80552,242,12216
9_2576942_2577001,37.38115,-76.80553,243,12220
9_2576942_2577001,37.38121,-76.80555,244,12227
9_2576942_2577001,37.38137,-76.80567,245,12248
9_2576942_2577001,37.38152,-76.80578,246,12267
9_2576942_2577001,37.38175,-76.80591,247,12295
9_2576942_2577001,37.38193,-76.80599,248,12316
9_2576942_2577001,37.3822,-76.80608,249,12347
9_2576942_2577001,37.38234,-76.80611,250,12363
9_2576942_2577001,37.38253,-76.80614,251,12384
9_2576942_2577001,37.38275,-76.80615,252,12409
9_2576942_2577001,37.38293,-76.80614,253,12429
9_2576942_2577001,37.38312,-76.80612,254,12450
9_2576942_2577001,37.38328,-76.80608,255,12468
9_2576942_2577001,37.38336,-76.80605,256,12477
9_2576942_2577001,37.38351,-76.80601,257,12494
9_2576942_2577001,37.38385,-76.80588,258,12534
9_2576942_2577001,37.38479,-76.80553,259,12642
9_2576942_2577001,37.38522,-76.80537,260,12692
9_2576942_2577001,37.3862,-76.805,261,12806
9_2576942_2577001,37.38737,-76.80455,262,12942
9_2576942_2577001,37.38766,-76.80444,263,12975
9_2576942_2577001,37.38798,-76.80433,264,13012
9_2576942_2577001,37.38784,-76.80372,265,13068
9_2576942_2577001,37.38761,-76.80276,266,13157
9_2576942_2577001,37.38751,-76.80236,267,13194
9_2576942_2577001,37.38742,-76.80201,268,13227
9_2576942_2577001,37.38735,-76.80169,269,13256
9_2576942_2577001,37.38729,-76.80145,270,13278
9_2576942_2577001,37.38703,-76.80037,271,13378
9_2576942_2577001,37.387,-76.80023,272,13391
9_2576942_2577001,37.3868,-76.79936,273,13471
9_2576942_2577001,37.38649,-76.79813,274,13585
9_2576942_2577001,37.38644,-76.79789,275,13607
9_2576942_2577001,37.38626,-76.79716,276,13675
9_2576942_2577001,37.38622,-76.79698,277,13692
9_2576942_2577001,37.38615,-76.79669,278,13718
9_2576942_2577001,37.38607,-76.79634,279,13751
9_2576942_2577001,37.38603,-76.79611,280,13771
9_2576942_2577001,37.38596,-76.79581,281,13799
9_2576942_2577001,37.38569,-76.79472,282,13900
9_2576942_2577001,37.38561,-76.79438,283,13932
9_2576942_2577001,37.38551,-76.79394,284,13972
9_2576942_2577001,37.3855,-76.79391,285,13975
9_2576942_2577001,37.38538,-76.79347,286,14016
9_2576942_2577001,37.3853,-76.7932,287,14042
9_2576942_2577001,37.38518,-76.79298,288,14065
9_2576942_2577001,37.38509,-76.79281,289,14083
9_2576942_2577001,37.385,-76.79263,290,14102
9_2576942_2577001,37.38493,-76.79245,291,14120
9_2576942_2577001,37.38491,-76.79236,292,14128
9_2576942_2577001,37.38486,-76.79217,293,14146
9_2576942_2577001,37.384671,-76.791896,294,14178
9_2576942_2577001,37.384739,-76.791723,295,14195
9_2576942_2577001,37.384878,-76.791823,296,14213
9_2576942_2577001,37.384865,-76.791972,297,14226
9_2576942_2577001,37.38496,-76.79252,298,14276
9_2576942_2577001,37.385,-76.79263,299,14286
9_2576942_2577001,37.38509,-76.79281,300,14305
9_2576942_2577001,37.38518,-76.79298,301,14323
9_2576942_2577001,37.3853,-76.7932,302,14347
9_2576942_2577001,37.38538,-76.79347,303,14372
9_2576942_2577001,37.3855,-76.79391,304,14414
9_2576942_2577001,37.38551,-76.79394,305,14416
9_2576942_2577001,37.38561,-76.79438,306,14457
9_2576942_2577001,37.38569,-76.79472,307,14488
9_2576942_2577001,37.38596,-76.79581,308,14589
9_2576942_2577001,37.38603,-76.79611,309,14617
9_2576942_2577001,37.38607,-76.79634,310,14638
9_2576942_2577001,37.38615,-76.79669,311,14670
9_2576942_2577001,37.38622,-76.79698,312,14697
9_2576942_2577001,37.38626,-76.79716,313,14714
9_2576942_2577001,37.38644,-76.79789,314,14781
9_2576942_2577001,37.38649,-76.79813,315,14803
9_2576942_2577001,37.3868,-76.79936,316,14917
9_2576942_2577001,37.387,-76.80023,317,14998
9_2576942_2577001,37.38703,-76.80037,318,15010
9_2576942_2577001,37.38729,-76.80145,319,15110
9_2576942_2577001,37.38735,-76.80169,320,15133
9_2576942_2577001,37.38742,-76.80201,321,15162
9_2576942_2577001,37.38751,-76.80236,322,15194
9_2576942_2577001,37.38761,-76.80276,323,15232
9_2576942_2577001,37.38784,-76.80372,324,15320
9_2576942_2577001,37.38798,-76.80433,325,15377
9_2576942_2577001,37.38835,-76.80419,326,15419
9_2576942_2577001,37.38861,-76.80412,327,15449
9_2576942_2577001,37.38886,-76.80406,328,15477
9_2576942_2577001,37.38913,-76.80401,329,15508
9_2576942_2577001,37.38947,-76.80396,330,15545
9_2576942_2577001,37.38969,-76.80395,331,15570
9_2576942_2577001,37.39016,-76.80397,332,15622
9_2576942_2577001,37.39032,-76.80399,333,15640
9_2576942_2577001,37.3904,-76.804,334,15649
9_2576942_2577001,37.39074,-76.80404,335,15687
9_2576942_2577001,37.39187,-76.80423,336,15813
9_2576942_2577001,37.39237,-76.80431,337,15869
9_2576942_2577001,37.39239,-76.80431,338,15871
9_2576942_2577001,37.39263,-76.80436,339,15898
9_2576942_2577001,37.3934,-76.80449,340,15985
9_2576942_2577001,37.3937,-76.80455,341,16018
9_2576942_2577001,37.39401,-76.80462,342,16053
9_2576942_2577001,37.39443,-76.80474,343,16101
9_2576942_2577001,37.3947,-76.80482,344,16132
9_2576942_2577001,37.39488,-76.8049,345,16153
9_2576942_2577001,37.39501,-76.80495,346,16168
9_2576942_2577001,37.395013,-76.804947,347,16169
9_2576942_2577001,37.395645,-76.805214,348,16243
9_2576942_2577001,37.40073,-76.807655,349,16847
9_2576942_2577001,37.401268,-76.807877,350,16910
9_2576942_2577001,37.40173,-76.808121,351,16965
9_2576942_2577001,37.402679,-76.808662,352,17081
9_2576942_2577001,37.403114,-76.808876,353,17133
9_2576942_2577001,37.403411,-76.808982,354,17167
9_2576942_2577001,37.40341,-76.80898,355,17167
9_2576942_2577001,37.40356,-76.80903,356,17185
9_2576942_2577001,37.40376,-76.80907,357,17207
9_2576942_2577001,37.40409,-76.80912,358,17244
9_2576942_2577001,37.40436,-76.80914,359,17274
9_2576942_2577001,37.40453,-76.80914,360,17293
9_2576942_2577001,37.40458,-76.80914,361,17298
9_2576942_2577001,37.40518,-76.80912,362,17365
9_2576942_2577001,37.40535,-76.80912,363,17384
9_2576942_2577001,37.40597,-76.8091,364,17453
9_2576942_2577001,37.40613,-76.80909,365,17471
9_2576942_2577001,37.40632,-76.80909,366,17492
9_2576942_2577001,37.40661,-76.8091,367,17524
9_2576942_2577001,37.40688,-76.80913,368,17554
9_2576942_2577001,37.40716,-76.80918,369,17585
9_2576942_2577001,37.40731,-76.80922,370,17602
9_2576942_2577001,37.40754,-76.8093,371,17629
9_2576942_2577001,37.40777,-76.8094,372,17656
9_2576942_2577001,37.408,-76.80951,373,17683
9_2576942_2577001,37.40821,-76.80963,374,17709
9_2576942_2577001,37.40842,-76.80978,375,17736
9_2576942_2577001,37.40877,-76.80997,376,17778
9_2576942_2577001,37.40897,-76.81016,377,17806
9_2576942_2577001,37.4090505,-76.8102462,378,17817
6_2577091_2576896,37.276314,-76.7082753,0,0
6_2577091_2576896,37.276554,-76.709106,1,78
6_2577091_2576896,37.274349,-76.708939,2,323
6_2577091_2576896,37.273769,-76.708878,3,388
6_2577091_2576896,37.272846,-76.708817,4,491
6_2577091_2576896,37.271942,-76.709358,5,602
6_2577091_2576896,37.271019,-76.707451,6,800
6_2577091_2576896,37.270729,-76.707428,7,832
6_2577091_2576896,37.270126,-76.708382,8,940
6_2577091_2576896,37.269916,-76.708875,9,989
6_2577091_2576896,37.268414,-76.712578,10,1358
6_2577091_2576896,37.268238,-76.712959,11,1397
6_2577091_2576896,37.268036,-76.713387,12,1441
6_2577091_2576896,37.267605,-76.714211,13,1528
6_2577091_2576896,37.266609,-76.716217,14,1737
6_2577091_2576896,37.265384,-76.718622,15,1990
6_2577091_2576896,37.264317,-76.720779,16,2215
6_2577091_2576896,37.263737,-76.721878,17,2332
6_2577091_2576896,37.263206,-76.722824,18,2435
6_2577091_2576896,37.263,-76.723099,19,2468
6_2577091_2576896,37.262836,-76.723312,20,2494
6_2577091_2576896,37.262646,-76.723511,21,2522
6_2577091_2576896,37.259294,-76.726726,22,2991
6_2577091_2576896,37.25766,-76.72831,23,3220
6_2577091_2576896,37.257267,-76.728668,24,3274
6_2577091_2576896,37.256302,-76.729607,25,3410
6_2577091_2576896,37.254921,-76.730911,26,3602
6_2577091_2576896,37.254307,-76.731522,27,3689
6_2577091_2576896,37.254757,-76.732048,28,3757
6_2577091_2576896,37.255054,-76.73246,29,3806
6_2577091_2576896,37.255192,-76.732681,30,3831
6_2577091_2576896,37.255558,-76.73336,31,3904
6_2577091_2576896,37.255935,-76.734215,32,3990
6_2577091_2576896,37.25593,-76.73422,33,3991
6_2577091_2576896,37.25594,-76.73422,34,3992
6_2577091_2576896,37.25606,-76.73451,35,4021
6_2577091_2576896,37.25631,-76.73498,36,4071
6_2577091_2576896,37.25655,-76.73531,37,4111
6_2577091_2576896,37.25682,-76.73568,38,4155
6_2577091_2576896,37.25707,-76.73597,39,4193
6_2577091_2576896,37.25737,-76.73624,40,4234
6_2577091_2576896,37.25789,-76.7367,41,4305
6_2577091_2576896,37.25835,-76.7371,42,4367
6_2577091_2576896,37.25898,-76.73765,43,4452
6_2577091_2576896,37.25909,-76.73775,44,4467
6_2577091_2576896,37.25926,-76.7379,45,4490
6_2577091_2576896,37.25946,-76.73808,46,4518
6_2577091_2576896,37.25978,-76.73837,47,4562
6_2577091_2576896,37.25991,-76.73848,48,4579
6_2577091_2576896,37.25999,-76.73854,49,4589
6_2577091_2576896,37.2601,-76.73863,50,4604
6_2577091_2576896,37.26,-76.73884,51,4626
6_2577091_2576896,37.25978,-76.73934,52,4676
6_2577091_2576896,37.25971,-76.73952,53,4694
6_2577091_2576896,37.25965,-76.7397,54,4711
6_2577091_2576896,37.25959,-76.73994,55,4734
6_2577091_2576896,37.25953,-76.74031,56,4767
6_2577091_2576896,37.2595,-76.74055,57,4789
6_2577091_2576896,37.25949,-76.74083,58,4813
6_2577091_2576896,37.25947,-76.74147,59,4870
6_2577091_2576896,37.25944,-76.74175,60,4895
6_2577091_2576896,37.25928,-76.74175,61,4913
6_2577091_2576896,37.25919,-76.74175,62,4923
6_2577091_2576896,37.25879,-76.74177,63,4967
6_2577091_2576896,37.25864,-76.74171,64,4985
6_2577091_2576896,37.25798,-76.74171,65,5058
6_2577091_2576896,37.25729,-76.74174,66,5135
6_2577091_2576896,37.25706,-76.74174,67,5160
6_2577091_2576896,37.25694,-76.74174,68,5174
6_2577091_2576896,37.25679,-76.74171,69,5191
6_2577091_2576896,37.25665,-76.74167,70,5206
6_2577091_2576896,37.25667,-76.74155,71,5217
6_2577091_2576896,37.25669,-76.74139,72,5232
6_2577091_2576896,37.2567,-76.74118,73,5250
6_2577091_2576896,37.25667,-76.74033,74,5326
6_2577091_2576896,37.25666,-76.74024,75,5334
6_2577091_2576896,37.25665,-76.73996,76,5359
6_2577091_2576896,37.25664,-76.73983,77,5370
6_2577091_2576896,37.25663,-76.73972,78,5380
6_2577091_2576896,37.2566,-76.73962,79,5390
6_2577091_2576896,37.25656,-76.73948,80,5403
6_2577091_2576896,37.2565,-76.73936,81,5415
6_2577091_2576896,37.25645,-76.73927,82,5425
6_2577091_2576896,37.25639,-76.73918,83,5435
6_2577091_2576896,37.2563,-76.73906,84,5450
6_2577091_2576896,37.25607,-76.73873,85,5489
6_2577091_2576896,37.25596,-76.73856,86,5508
6_2577091_2576896,37.25581,-76.73836,87,5533
6_2577091_2576896,37.2561,-76.73803,88,5576
6_2577091_2576896,37.25631,-76.73781,89,5607
6_2577091_2576896,37.25667,-76.73741,90,5660
6_2577091_2576896,37.25681,-76.7376,91,5683
6_2577091_2576896,37.25693,-76.73777,92,5703
6_2577091_2576896,37.257,-76.73788,93,5715
6_2577091_2576896,37.25714,-76.73808,94,5739
6_2577091_2576896,37.25725,-76.73823,95,5757
6_2577091_2576896,37.25737,-76.7384,96,5777
6_2577091_2576896,37.25749,-76.73857,97,5797
6_2577091_2576896,37.2576,-76.73874,98,5817
6_2577091_2576896,37.25763,-76.73877,99,5821
6_2577091_2576896,37.25765,-76.73881,100,5825
6_2577091_2576896,37.25767,-76.73885,101,5829
6_2577091_2576896,37.25769,-76.73891,102,5835
6_2577091_2576896,37.25769,-76.73893,103,5837
6_2577091_2576896,37.2577,-76.73898,104,5842
6_2577091_2576896,37.25771,-76.73904,105,5847
6_2577091_2576896,37.25774,-76.73921,106,5862
6_2577091_2576896,37.25778,-76.73942,107,5882
6_2577091_2576896,37.25781,-76.73964,108,5901
6_2577091_2576896,37.25785,-76.73984,109,5920
6_2577091_2576896,37.25797,-76.73981,110,5933
6_2577091_2576896,37.25843,-76.7397,111,5985
6_2577091_2576896,37.25846,-76.7399,112,6003
6_2577091_2576896,37.2585,-76.74013,113,6024
6_2577091_2576896,37.25852,-76.74026,114,6036
6_2577091_2576896,37.25855,-76.74041,115,6050
6_2577091_2576896,37.25857,-76.74048,116,6056
6_2577091_2576896,37.25857,-76.74051,117,6059
6_2577091_2576896,37.25859,-76.74062,118,6069
6_2577091_2576896,37.2586,-76.74073,119,6079
6_2577091_2576896,37.2586,-76.74078,120,6083
6_2577091_2576896,37.2586,-76.74084,121,6088
6_2577091_2576896,37.25861,-76.74094,122,6097
6_2577091_2576896,37.25861,-76.7411,123,6112
6_2577091_2576896,37.25862,-76.74142,124,6140
6_2577091_2576896,37.25863,-76.74152,125,6149
6_2577091_2576896,37.25864,-76.74171,126,6166
6_2577091_2576896,37.25879,-76.74167,127,6183
6_2577091_2576896,37.25922,-76.74165,128,6231
6_2577091_2576896,37.25929,-76.74166,129,6238
6_2577091_2576896,37.25933,-76.74119,130,6280
6_2577091_2576896,37.25934,-76.74089,131,6307
6_2577091_2576896,37.25934,-76.74062,132,6331
6_2577091_2576896,37.25936,-76.74038,133,6352
6_2577091_2576896,37.2594,-76.7401,134,6378
6_2577091_2576896,37.25945,-76.73985,135,6400
6_2577091_2576896,37.25952,-76.73961,136,6423
6_2577091_2576896,37.25958,-76.73942,137,6441
6_2577091_2576896,37.25962,-76.73933,138,6450
6_2577091_2576896,37.25968,-76.73904,139,6477
6_2577091_2576896,37.2597,-76.73895,140,6485
6_2577091_2576896,37.2597,-76.73885,141,6494
6_2577091_2576896,37.25967,-76.73872,142,6506
6_2577091_2576896,37.25962,-76.73861,143,6517
6_2577091_2576896,37.25958,-76.73854,144,6525
6_2577091_2576896,37.25932,-76.73822,145,6565
6_2577091_2576896,37.25914,-76.73806,146,6590
6_2577091_2576896,37.25887,-76.73782,147,6627
6_2577091_2576896,37.25792,-76.73693,148,6758
6_2577091_2576896,37.25778,-76.7368,149,6778
6_2577091_2576896,37.25736,-76.73643,150,6835
6_2577091_2576896,37.25674,-76.73582,151,6922
6_2577091_2576896,37.25654,-76.73555,152,6955
6_2577091_2576896,37.25619,-76.73504,153,7014
6_2577091_2576896,37.25606,-76.73477,154,7042
6_2577091_2576896,37.256063,-76.734772,155,7043
6_2577091_2576896,37.255878,-76.734398,156,7082
6_2577091_2576896,37.255329,-76.733162,157,7207
6_2577091_2576896,37.25518,-76.732895,158,7236
6_2577091_2576896,37.254807,-76.7323,159,7303
6_2577091_2576896,37.254215,-76.731606,160,7393
6_2577091_2576896,37.253479,-76.732307,161,7496
6_2577091_2576896,37.252617,-76.7332,162,7620
6_2577091_2576896,37.250957,-76.734772,163,7851
6_2577091_2576896,37.250233,-76.735489,164,7954
6_2577091_2576896,37.249589,-76.736088,165,8043
6_2577091_2576896,37.242434,-76.742933,166,9042
6_2577091_2576896,37.238522,-76.746674,167,9589
6_2577091_2576896,37.238277,-76.746933,168,9624
6_2577091_2576896,37.237446,-76.747719,169,9740
6_2577091_2576896,37.237217,-76.747986,170,9775
6_2577091_2576896,37.237041,-76.748207,171,9802
6_2577091_2576896,37.236809,-76.748543,172,9842
6_2577091_2576896,37.236553,-76.749023,173,9893
6_2577091_2576896,37.236416,-76.749359,174,9926
6_2577091_2576896,37.236252,-76.749832,175,9972
6_2577091_2576896,37.236198,-76.750031,176,9991
6_2577091_2576896,37.236086,-76.750594,177,10042
6_2577091_2576896,37.236012,-76.751373,178,10112
6_2577091_2576896,37.236023,-76.751961,179,10164
6_2577091_2576896,37.23605,-76.752251,180,10190
6_2577091_2576896,37.236145,-76.752831,181,10243
6_2577091_2576896,37.23629,-76.753372,182,10293
6_2577091_2576896,37.236404,-76.753723,183,10327
6_2577091_2576896,37.238323,-76.758766,184,10822
6_2577091_2576896,37.239165,-76.761029,185,11044
6_2577091_2576896,37.239307,-76.761612,186,11098
6_2577091_2576896,37.239384,-76.7621,187,11142
6_2577091_2576896,37.23941,-76.76239,188,11168
6_2577091_2576896,37.239422,-76.762794,189,11204
6_2577091_2576896,37.239395,-76.763367,190,11255
6_2577091_2576896,37.239323,-76.763908,191,11303
6_2577091_2576896,37.239258,-76.764198,192,11330
6_2577091_2576896,37.239128,-76.764656,193,11373
6_2577091_2576896,37.238865,-76.765289,194,11436
6_2577091_2576896,37.235879,-76.771042,195,12045
6_2577091_2576896,37.23484,-76.77301,196,12254
6_2577091_2576896,37.233627,-76.775368,197,12503
6_2577091_2576896,37.233276,-76.776016,198,12573
6_2577091_2576896,37.232731,-76.776924,199,12673
6_2577091_2576896,37.232159,-76.777763,200,12771
6_2577091_2576896,37.23185,-76.778175,201,12821
6_2577091_2576896,37.231075,-76.779106,202,12940
6_2577091_2576896,37.230361,-76.779886,203,13046
6_2577091_2576896,37.228195,-76.782158,204,13359
6_2577091_2576896,37.228012,-76.782387,205,13388
6_2577091_2576896,37.227783,-76.782722,206,13427
6_2577091_2576896,37.227547,-76.78244,207,13463
6_2577091_2576896,37.227184,-76.78186,208,13529
6_2577091_2576896,37.227085,-76.781731,209,13545
6_2577091_2576896,37.22649,-76.782364,210,13631
6_2576896_2577091,37.2264898,-76.7823656,0,0
6_2576896_2577091,37.226276,-76.782593,1,31
6_2576896_2577091,37.225945,-76.782082,2,90
6_2576896_2577091,37.225658,-76.781746,3,133
6_2576896_2577091,37.225784,-76.781586,4,153
6_2576896_2577091,37.225971,-76.781433,5,178
6_2576896_2577091,37.226162,-76.781342,6,201
6_2576896_2577091,37.226276,-76.781311,7,213
6_2576896_2577091,37.226463,-76.781319,8,234
6_2576896_2577091,37.226646,-76.781364,9,255
6_2576896_2577091,37.226776,-76.781425,10,270
6_2576896_2577091,37.226929,-76.78154,11,290
6_2576896_2577091,37.227028,-76.781647,12,305
6_2576896_2577091,37.227184,-76.78186,13,330
6_2576896_2577091,37.227547,-76.78244,14,396
6_2576896_2577091,37.227783,-76.782722,15,432
6_2576896_2577091,37.228012,-76.782387,16,471
6_2576896_2577091,37.228195,-76.782158,17,500
6_2576896_2577091,37.23053,-76.779709,18,838
6_2576896_2577091,37.231075,-76.779106,19,919
6_2576896_2577091,37.231581,-76.778503,20,996
6_2576896_2577091,37.23185,-76.778175,21,1038
6_2576896_2577091,37.232159,-76.777763,22,1088
6_2576896_2577091,37.232731,-76.776924,23,1186
6_2576896_2577091,37.233276,-76.776016,24,1287
6_2576896_2577091,37.233627,-76.775368,25,1356
6_2576896_2577091,37.23484,-76.77301,26,1605
6_2576896_2577091,37.236779,-76.769314,27,1997
6_2576896_2577091,37.238865,-76.765289,28,2423
6_2576896_2577091,37.239014,-76.764954,29,2457
6_2576896_2577091,37.239182,-76.764488,30,2502
6_2576896_2577091,37.239323,-76.763908,31,2556
6_2576896_2577091,37.239395,-76.763367,32,2605
6_2576896_2577091,37.239422,-76.762794,33,2655
6_2576896_2577091,37.240276,-76.762802,34,2750
6_2576896_2577091,37.240677,-76.762749,35,2795
6_2576896_2577091,37.241032,-76.762642,36,2835
6_2576896_2577091,37.241673,-76.762299,37,2913
6_2576896_2577091,37.241898,-76.762199,38,2939
6_2576896_2577091,37.242402,-76.762031,39,2997
6_2576896_2577091,37.242977,-76.761871,40,3063
6_2576896_2577091,37.243328,-76.76181,41,3102
6_2576896_2577091,37.244717,-76.761719,42,3256
6_2576896_2577091,37.245003,-76.761726,43,3288
6_2576896_2577091,37.245491,-76.76178,44,3342
6_2576896_2577091,37.245701,-76.761833,45,3366
6_2576896_2577091,37.246017,-76.76194,46,3402
6_2576896_2577091,37.247787,-76.762627,47,3608
6_2576896_2577091,37.248539,-76.762939,48,3696
6_2576896_2577091,37.248829,-76.7631,49,3731
6_2576896_2577091,37.249004,-76.763222,50,3754
6_2576896_2577091,37.249279,-76.763466,51,3791
6_2576896_2577091,37.249416,-76.763626,52,3812
6_2576896_2577091,37.250183,-76.764679,53,3938
6_2576896_2577091,37.250359,-76.764854,54,3963
6_2576896_2577091,37.250605,-76.765057,55,3996
6_2576896_2577091,37.250832,-76.765205,56,4024
6_2576896_2577091,37.251202,-76.765373,57,4068
6_2576896_2577091,37.25145,-76.765442,58,4096
6_2576896_2577091,37.252056,-76.765572,59,4164
6_2576896_2577091,37.250004,-76.769188,60,4558
6_2576896_2577091,37.249725,-76.769699,61,4613
6_2576896_2577091,37.249615,-76.76992,62,4636
6_2576896_2577091,37.249523,-76.770126,63,4657
6_2576896_2577091,37.249443,-76.770348,64,4678
6_2576896_2577091,37.249355,-76.770653,65,4707
6_2576896_2577091,37.24929,-76.770927,66,4732
6_2576896_2577091,37.249241,-76.771202,67,4757
6_2576896_2577091,37.249191,-76.771721,68,4804
6_2576896_2577091,37.249191,-76.771965,69,4825
6_2576896_2577091,37.249203,-76.772224,70,4848
6_2576896_2577091,37.249222,-76.772491,71,4872
6_2576896_2577091,37.249321,-76.773636,72,4974
6_2576896_2577091,37.24934,-76.773886,73,4997
6_2576896_2577091,37.249378,-76.774399,74,5042
6_2576896_2577091,37.24942,-76.775063,75,5101
6_2576896_2577091,37.249535,-76.778152,76,5376
6_2576896_2577091,37.249561,-76.778641,77,5419
6_2576896_2577091,37.249634,-76.779137,78,5464
6_2576896_2577091,37.249756,-76.779594,79,5507
6_2576896_2577091,37.249912,-76.779968,80,5544
6_2576896_2577091,37.250141,-76.780373,81,5588
6_2576896_2577091,37.250496,-76.78083,82,5645
6_2576896_2577091,37.251865,-76.782303,83,5845
6_2576896_2577091,37.252251,-76.782822,84,5908
6_2576896_2577091,37.252729,-76.783639,85,5998
6_2576896_2577091,37.253471,-76.785004,86,6144
6_2576896_2577091,37.253693,-76.785515,87,6196
6_2576896_2577091,37.253769,-76.785728,88,6216
6_2576896_2577091,37.253906,-76.786224,89,6263
6_2576896_2577091,37.254055,-76.787048,90,6338
6_2576896_2577091,37.254078,-76.787216,91,6353
6_2576896_2577091,37.253597,-76.787285,92,6407
6_2576896_2577091,37.253265,-76.787285,93,6444
6_2576896_2577091,37.253098,-76.787231,94,6463
6_2576896_2577091,37.252064,-76.78727,95,6578
6_2576896_2577091,37.251766,-76.787262,96,6611
6_2576896_2577091,37.251266,-76.787231,97,6666
6_2576896_2577091,37.250389,-76.787117,98,6764
6_2576896_2577091,37.250347,-76.787117,99,6769
6_2576896_2577091,37.24958,-76.786957,100,6855
6_2576896_2577091,37.250347,-76.787117,101,6941
6_2576896_2577091,37.250845,-76.78718,102,6997
6_2576896_2577091,37.251266,-76.787231,103,7044
6_2576896_2577091,37.251766,-76.787262,104,7099
6_2576896_2577091,37.252064,-76.78727,105,7132
6_2576896_2577091,37.252563,-76.787254,106,7188
6_2576896_2577091,37.253098,-76.787231,107,7247
6_2576896_2577091,37.253254,-76.787178,108,7265
6_2576896_2577091,37.253628,-76.787148,109,7307
6_2576896_2577091,37.254055,-76.787048,110,7355
6_2576896_2577091,37.253906,-76.786224,111,7430
6_2576896_2577091,37.253769,-76.785728,112,7476
6_2576896_2577091,37.253693,-76.785515,113,7497
6_2576896_2577091,37.25359,-76.785255,114,7523
6_2576896_2577091,37.253471,-76.785004,115,7549
6_2576896_2577091,37.253136,-76.78437,116,7616
6_2576896_2577091,37.252724,-76.78363,117,7696
6_2576896_2577091,37.252373,-76.78302,118,7763
6_2576896_2577091,37.252251,-76.782822,119,7785
6_2576896_2577091,37.252064,-76.782555,120,7816
6_2576896_2577091,37.251865,-76.782303,121,7848
6_2576896_2577091,37.251698,-76.782112,122,7873
6_2576896_2577091,37.250851,-76.781207,123,7997
6_2576896_2577091,37.250496,-76.78083,124,8048
6_2576896_2577091,37.250298,-76.780586,125,8079
6_2576896_2577091,37.250141,-76.780373,126,8105
6_2576896_2577091,37.250015,-76.780167,127,8128
6_2576896_2577091,37.249912,-76.779968,128,8149
6_2576896_2577091,37.249756,-76.779594,129,8186
6_2576896_2577091,37.249687,-76.779366,130,8208
6_2576896_2577091,37.249634,-76.779137,131,8229
6_2576896_2577091,37.249592,-76.7789,132,8251
6_2576896_2577091,37.249561,-76.778641,133,8274
6_2576896_2577091,37.249535,-76.778152,134,8317
6_2576896_2577091,37.24942,-76.775063,135,8592
6_2576896_2577091,37.249321,-76.773636,136,8719
6_2576896_2577091,37.249222,-76.772491,137,8821
6_2576896_2577091,37.249191,-76.771965,138,8868
6_2576896_2577091,37.249191,-76.771721,139,8889
6_2576896_2577091,37.249241,-76.771202,140,8936
6_2576896_2577091,37.24929,-76.770927,141,8961
6_2576896_2577091,37.249393,-76.770522,142,8998
6_2576896_2577091,37.249523,-76.770126,143,9036
6_2576896_2577091,37.249725,-76.769699,144,9080
6_2576896_2577091,37.250004,-76.769188,145,9135
6_2576896_2577091,37.252056,-76.765572,146,9529
6_2576896_2577091,37.252605,-76.764633,147,9632
6_2576896_2577091,37.253059,-76.763725,148,9727
6_2576896_2577091,37.253216,-76.763283,149,9770
6_2576896_2577091,37.253296,-76.762993,150,9797
6_2576896_2577091,37.253387,-76.762474,151,9844
6_2576896_2577091,37.253429,-76.761894,152,9896
6_2576896_2577091,37.253458,-76.760725,153,10000
6_2576896_2577091,37.253464,-76.760391,154,10029
6_2576896_2577091,37.253445,-76.759735,155,10087
6_2576896_2577091,37.253407,-76.758995,156,10153
6_2576896_2577091,37.253345,-76.758423,157,10204
6_2576896_2577091,37.253166,-76.757401,158,10297
6_2576896_2577091,37.252651,-76.75499,159,10519
6_2576896_2577091,37.252594,-76.754456,160,10566
6_2576896_2577091,37.252575,-76.753967,161,10610
6_2576896_2577091,37.252621,-76.753166,162,10681
6_2576896_2577091,37.252686,-76.752777,163,10716
6_2576896_2577091,37.252804,-76.752251,164,10765
6_2576896_2577091,37.253481,-76.749721,165,11001
6_2576896_2577091,37.25348,-76.74972,166,11002
6_2576896_2577091,37.25352,-76.74957,167,11016
6_2576896_2577091,37.25366,-76.74908,168,11062
6_2576896_2577091,37.25374,-76.74879,169,11089
6_2576896_2577091,37.25384,-76.74851,170,11116
6_2576896_2577091,37.2539,-76.74836,171,11131
6_2576896_2577091,37.25395,-76.74824,172,11143
6_2576896_2577091,37.25406,-76.74799,173,11168
6_2576896_2577091,37.25407,-76.74798,174,11170
6_2576896_2577091,37.25415,-76.74782,175,11187
6_2576896_2577091,37.25417,-76.74779,176,11190
6_2576896_2577091,37.25432,-76.74756,177,11216
6_2576896_2577091,37.25447,-76.74735,178,11241
6_2576896_2577091,37.25456,-76.74724,179,11255
6_2576896_2577091,37.25467,-76.74712,180,11271
6_2576896_2577091,37.25485,-76.74694,181,11297
6_2576896_2577091,37.25504,-76.74677,182,11323
6_2576896_2577091,37.25512,-76.74671,183,11333
6_2576896_2577091,37.25544,-76.74646,184,11375
6_2576896_2577091,37.25643,-76.74572,185,11503
6_2576896_2577091,37.25653,-76.74565,186,11516
6_2576896_2577091,37.25679,-76.74545,187,11550
6_2576896_2577091,37.25743,-76.74496,188,11633
6_2576896_2577091,37.25773,-76.74472,189,11673
6_2576896_2577091,37.25807,-76.74444,190,11718
6_2576896_2577091,37.25812,-76.74441,191,11724
6_2576896_2577091,37.25834,-76.74418,192,11756
6_2576896_2577091,37.2585,-76.74399,193,11780
6_2576896_2577091,37.25867,-76.74375,194,11809
6_2576896_2577091,37.25873,-76.74365,195,11820
6_2576896_2577091,37.25887,-76.74329,196,11855
6_2576896_2577091,37.25899,-76.743,197,11884
6_2576896_2577091,37.25908,-76.7427,198,11913
6_2576896_2577091,37.25917,-76.74241,199,11940
6_2576896_2577091,37.25921,-76.74226,200,11954
6_2576896_2577091,37.25923,-76.74216,201,11963
6_2576896_2577091,37.25927,-76.74199,202,11979
6_2576896_2577091,37.25928,-76.74193,203,11985
6_2576896_2577091,37.2593,-76.74175,204,12001
6_2576896_2577091,37.25919,-76.74175,205,12013
6_2576896_2577091,37.25903,-76.74176,206,12031
6_2576896_2577091,37.25879,-76.74177,207,12057
6_2576896_2577091,37.25864,-76.74171,208,12075
6_2576896_2577091,37.25864,-76.74162,209,12083
6_2576896_2577091,37.25863,-76.74162,210,12084
6_2576896_2577091,37.25863,-76.74159,211,12087
6_2576896_2577091,37.25863,-76.74152,212,12093
6_2576896_2577091,37.25862,-76.74142,213,12102
6_2576896_2577091,37.25861,-76.7411,214,12130
6_2576896_2577091,37.2586,-76.74084,215,12153
6_2576896_2577091,37.2586,-76.74078,216,12158
6_2576896_2577091,37.2586,-76.74073,217,12163
6_2576896_2577091,37.25859,-76.74062,218,12173
6_2576896_2577091,37.25857,-76.74051,219,12183
6_2576896_2577091,37.25857,-76.74048,220,12185
6_2576896_2577091,37.25855,-76.74041,221,12192
6_2576896_2577091,37.25852,-76.74026,222,12206
6_2576896_2577091,37.2585,-76.74013,223,12217
6_2576896_2577091,37.25846,-76.7399,224,12238
6_2576896_2577091,37.25845,-76.73982,225,12246
6_2576896_2577091,37.25843,-76.7397,226,12256
6_2576896_2577091,37.2585,-76.73963,227,12266
6_2576896_2577091,37.25893,-76.73952,228,12315
6_2576896_2577091,37.2591,-76.73948,229,12334
6_2576896_2577091,37.25916,-76.73947,230,12341
6_2576896_2577091,37.25926,-76.73947,231,12352
6_2576896_2577091,37.25936,-76.73949,232,12363
6_2576896_2577091,37.25943,-76.73949,233,12371
6_2576896_2577091,37.25948,-76.73948,234,12377
6_2576896_2577091,37.25954,-76.73945,235,12384
6_2576896_2577091,37.25958,-76.73942,236,12389
6_2576896_2577091,37.25962,-76.73933,237,12398
6_2576896_2577091,37.2597,-76.73902,238,12427
6_2576896_2577091,37.25971,-76.73894,239,12434
6_2576896_2577091,37.25971,-76.73883,240,12444
6_2576896_2577091,37.25969,-76.73871,241,12455
6_2576896_2577091,37.25963,-76.7386,242,12467
6_2576896_2577091,37.25958,-76.73853,243,12475
6_2576896_2577091,37.25932,-76.73822,244,12515
6_2576896_2577091,37.25914,-76.73806,245,12539
6_2576896_2577091,37.25887,-76.73782,246,12576
6_2576896_2577091,37.25792,-76.73693,247,12708
6_2576896_2577091,37.25778,-76.7368,248,12727
6_2576896_2577091,37.25736,-76.73643,249,12784
6_2576896_2577091,37.25674,-76.73582,250,12872
6_2576896_2577091,37.25654,-76.73555,251,12904
6_2576896_2577091,37.25619,-76.73504,252,12964
6_2576896_2577091,37.25588,-76.73439,253,13031
6_2576896_2577091,37.25548,-76.73347,254,13124
6_2576896_2577091,37.25533,-76.73316,255,13156
6_2576896_2577091,37.25518,-76.73289,256,13185
6_2576896_2577091,37.25517,-76.73288,257,13187
6_2576896_2577091,37.25517,-76.732879,258,13187
6_2576896_2577091,37.254807,-76.7323,259,13252
6_2576896_2577091,37.254215,-76.731606,260,13342
6_2576896_2577091,37.254925,-76.730904,261,13443
6_2576896_2577091,37.256302,-76.729607,262,13634
6_2576896_2577091,37.257267,-76.728668,263,13770
6_2576896_2577091,37.25766,-76.72831,264,13823
6_2576896_2577091,37.260245,-76.725805,265,14186
6_2576896_2577091,37.261086,-76.725021,266,14303
6_2576896_2577091,37.262646,-76.723511,267,14522
6_2576896_2577091,37.262836,-76.723312,268,14549
6_2576896_2577091,37.263206,-76.722824,269,14609
6_2576896_2577091,37.263493,-76.722328,270,14663
6_2576896_2577091,37.264317,-76.720779,271,14828
6_2576896_2577091,37.265331,-76.718727,272,15042
6_2576896_2577091,37.266033,-76.717352,273,15187
6_2576896_2577091,37.26757,-76.714279,274,15508
6_2576896_2577091,37.268036,-76.713387,275,15603
6_2576896_2577091,37.268238,-76.712959,276,15647
6_2576896_2577091,37.268414,-76.712578,277,15686
6_2576896_2577091,37.270054,-76.708542,278,16087
6_2576896_2577091,37.270126,-76.708382,279,16104
6_2576896_2577091,37.270595,-76.707638,280,16188
6_2576896_2577091,37.270729,-76.707428,281,16212
6_2576896_2577091,37.270805,-76.707375,282,16221
6_2576896_2577091,37.270889,-76.707352,283,16231
6_2576896_2577091,37.270966,-76.707382,284,16240
6_2576896_2577091,37.271019,-76.707451,285,16248
6_2576896_2577091,37.274689,-76.707733,286,16656
6_2576896_2577091,37.276066,-76.707863,287,16810
6_2576896_2577091,37.27623,-76.707977,288,16830
6_2576896_2577091,37.276283,-76.708168,289,16848
15_3423007_3423000,37.2703057,-76.699295,0,0
15_3423007_3423000,37.2703,-76.69942,1,11
15_3423007_3423000,37.27028,-76.69989,2,53
15_3423007_3423000,37.27027,-76.69998,3,61
15_3423007_3423000,37.27026,-76.69998,4,62
15_3423007_3423000,37.27019,-76.69997,5,70
15_3423007_3423000,37.26972,-76.69994,6,122
15_3423007_3423000,37.26964,-76.69993,7,131
15_3423007_3423000,37.26891,-76.69987,8,212
15_3423007_3423000,37.2689,-76.69987,9,213
15_3423007_3423000,37.26872,-76.69986,10,233
15_3423007_3423000,37.26766,-76.69979,11,351
15_3423007_3423000,37.26755,-76.69978,12,363
15_3423007_3423000,37.26688,-76.69973,13,438
15_3423007_3423000,37.26687,-76.69981,14,445
15_3423007_3423000,37.26685,-76.70028,15,487
15_3423007_3423000,37.26683,-76.70085,16,537
15_3423007_3423000,37.26682,-76.70091,17,543
15_3423007_3423000,37.26681,-76.70119,18,568
15_3423007_3423000,37.2668,-76.70149,19,594
15_3423007_3423000,37.26678,-76.70199,20,639
15_3423007_3423000,37.26676,-76.70256,21,689
15_3423007_3423000,37.26674,-76.70292,22,721
15_3423007_3423000,37.26675,-76.70308,23,735
15_3423007_3423000,37.26675,-76.70322,24,748
15_3423007_3423000,37.26712,-76.70324,25,789
15_3423007_3423000,37.26772,-76.70328,26,856
15_3423007_3423000,37.26775,-76.70328,27,859
15_3423007_3423000,37.26774,-76.70348,28,877
15_3423007_3423000,37.26773,-76.70372,29,898
15_3423007_3423000,37.26771,-76.70372,30,900
15_3423007_3423000,37.2677,-76.70416,31,939
15_3423007_3423000,37.26767,-76.70473,32,990
15_3423007_3423000,37.26762,-76.70571,33,1077
15_3423007_3423000,37.26762,-76.70584,34,1089
15_3423007_3423000,37.26767,-76.70583,35,1094
15_3423007_3423000,37.26776,-76.70579,36,1105
15_3423007_3423000,37.26796,-76.70569,37,1129
15_3423007_3423000,37.26801,-76.70566,38,1135
15_3423007_3423000,37.26807,-76.70565,39,1142
15_3423007_3423000,37.26813,-76.70564,40,1148
15_3423007_3423000,37.26821,-76.70563,41,1157
15_3423007_3423000,37.26823,-76.70563,42,1159
15_3423007_3423000,37.26833,-76.70563,43,1171
15_3423007_3423000,37.26848,-76.70563,44,1187
15_3423007_3423000,37.26866,-76.70563,45,1207
15_3423007_3423000,37.26926,-76.70567,46,1274
15_3423007_3423000,37.26939,-76.70568,47,1288
15_3423007_3423000,37.26961,-76.70569,48,1313
15_3423007_3423000,37.26969,-76.7057,49,1322
15_3423007_3423000,37.26977,-76.7057,50,1331
15_3423007_3423000,37.27039,-76.70575,51,1400
15_3423007_3423000,37.27042,-76.70575,52,1403
15_3423007_3423000,37.27085,-76.70579,53,1451
15_3423007_3423000,37.27096,-76.7058,54,1463
15_3423007_3423000,37.2711,-76.70581,55,1478
15_3423007_3423000,37.27175,-76.70586,56,1551
15_3423007_3423000,37.27218,-76.7059,57,1599
15_3423007_3423000,37.27224,-76.7059,58,1605
15_3423007_3423000,37.27229,-76.70591,59,1611
15_3423007_3423000,37.27245,-76.70592,60,1629
15_3423007_3423000,37.27307,-76.70597,61,1698
15_3423007_3423000,37.2735,-76.70601,62,1745
15_3423007_3423000,37.27355,-76.70601,63,1751
15_3423007_3423000,37.27362,-76.70602,64,1759
15_3423007_3423000,37.27407,-76.70606,65,1809
15_3423007_3423000,37.27499,-76.70612,66,1911
15_3423007_3423000,37.27541,-76.70616,67,1958
15_3423007_3423000,37.27548,-76.70616,68,1966
15_3423007_3423000,37.27548,-76.70628,69,1976
15_3423007_3423000,37.27546,-76.70683,70,2025
15_3423007_3423000,37.27542,-76.70767,71,2100
15_3423007_3423000,37.27542,-76.70772,72,2104
15_3423007_3423000,37.27543,-76.7078,73,2111
15_3423007_3423000,37.27552,-76.70781,74,2121
15_3423007_3423000,37.27567,-76.70784,75,2138
15_3423007_3423000,37.27585,-76.70785,76,2158
15_3423007_3423000,37.27607,-76.70786,77,2183
15_3423007_3423000,37.27623,-76.70798,78,2203
15_3423007_3423000,37.27629,-76.70817,79,2221
15_3423007_3423000,37.27634,-76.70835,80,2238
15_3423007_3423000,37.2764,-76.70857,81,2259
15_3423007_3423000,37.27651,-76.70897,82,2296
15_3423007_3423000,37.27652,-76.70899,83,2299
15_3423007_3423000,37.27655,-76.70911,84,2310
15_3423007_3423000,37.27637,-76.7091,85,2330
15_3423007_3423000,37.27629,-76.70909,86,2339
15_3423007_3423000,37.27607,-76.70908,87,2363
15_3423007_3423000,37.27564,-76.70904,88,2411
15_3423007_3423000,37.27557,-76.70903,89,2419
15_3423007_3423000,37.27556,-76.70896,90,2425
15_3423007_3423000,37.27556,-76.7089,91,2430
15_3423007_3423000,37.27553,-76.70869,92,2449
15_3423007_3423000,37.27552,-76.7086,93,2457
15_3423007_3423000,37.2755,-76.70842,94,2473
15_3423007_3423000,37.27547,-76.70819,95,2494
15_3423007_3423000,37.27543,-76.70792,96,2518
15_3423007_3423000,37.27543,-76.70789,97,2521
15_3423007_3423000,37.27543,-76.7078,98,2529
15_3423007_3423000,37.27542,-76.70772,99,2536
15_3423007_3423000,37.27542,-76.70767,100,2541
15_3423007_3423000,37.27546,-76.70683,101,2615
15_3423007_3423000,37.27548,-76.70628,102,2664
15_3423007_3423000,37.27548,-76.70616,103,2675
15_3423007_3423000,37.27559,-76.70617,104,2687
15_3423007_3423000,37.2757,-76.70618,105,2699
15_3423007_3423000,37.27585,-76.70619,106,2716
15_3423007_3423000,37.27589,-76.70619,107,2720
15_3423007_3423000,37.27593,-76.70619,108,2725
15_3423007_3423000,37.27594,-76.70619,109,2726
15_3423007_3423000,37.27611,-76.70618,110,2745
15_3423007_3423000,37.27631,-76.70616,111,2767
15_3423007_3423000,37.27647,-76.70614,112,2785
15_3423007_3423000,37.27663,-76.7061,113,2803
15_3423007_3423000,37.27678,-76.70606,114,2820
15_3423007_3423000,37.27692,-76.706,115,2837
15_3423007_3423000,37.27708,-76.70593,116,2855
15_3423007_3423000,37.2772,-76.70585,117,2870
15_3423007_3423000,37.27722,-76.70584,118,2873
15_3423007_3423000,37.27738,-76.70573,119,2893
15_3423007_3423000,37.2775,-76.70561,120,2910
15_3423007_3423000,37.27757,-76.70555,121,2920
15_3423007_3423000,37.27774,-76.70538,122,2944
15_3423007_3423000,37.2781,-76.70497,123,2998
15_3423007_3423000,37.27849,-76.7044,124,3064
15_3423007_3423000,37.27883,-76.70396,125,3119
15_3423007_3423000,37.27892,-76.70381,126,3135
15_3423007_3423000,37.27918,-76.7034,127,3182
15_3423007_3423000,37.2799,-76.7024,128,3301
15_3423007_3423000,37.27998,-76.70218,129,3322
15_3423007_3423000,37.27999,-76.70196,130,3342
15_3423007_3423000,37.27994,-76.70175,131,3361
15_3423007_3423000,37.2795,-76.70119,132,3431
15_3423007_3423000,37.27902,-76.70066,133,3502
15_3423007_3423000,37.27872,-76.70034,134,3546
15_3423007_3423000,37.27835,-76.70003,135,3595
15_3423007_3423000,37.2782,-76.6999,136,3615
15_3423007_3423000,37.27797,-76.69971,137,3646
15_3423007_3423000,37.27781,-76.69958,138,3667
15_3423007_3423000,37.2779,-76.6994,139,3686
15_3423007_3423000,37.27843,-76.69871,140,3771
15_3423007_3423000,37.27859,-76.69853,141,3795
15_3423007_3423000,37.27875,-76.69885,142,3828
15_3423007_3423000,37.2789461,-76.6990534,143,3856
4_2576942_2577026,37.3445314,-76.7380128,0,0
4_2576942_2577026,37.34454,-76.73809,1,7
4_2576942_2577026,37.34454,-76.73814,2,11
4_2576942_2577026,37.34457,-76.7388,3,70
4_2576942_2577026,37.34455,-76.73893,4,82
4_2576942_2577026,37.34444,-76.73909,5,100
4_2576942_2577026,37.34439,-76.73918,6,110
4_2576942_2577026,37.34408,-76.73959,7,160
4_2576942_2577026,37.344,-76.7397,8,173
4_2576942_2577026,37.34392,-76.7398,9,186
4_2576942_2577026,37.34389,-76.73977,10,190
4_2576942_2577026,37.3438,-76.73968,11,203
4_2576942_2577026,37.34368,-76.73958,12,219
4_2576942_2577026,37.34356,-76.7395,13,234
4_2576942_2577026,37.34346,-76.73945,14,246
4_2576942_2577026,37.34334,-76.73942,15,259
4_2576942_2577026,37.34322,-76.7394,16,273
4_2576942_2577026,37.34305,-76.73939,17,292
4_2576942_2577026,37.34289,-76.73942,18,310
4_2576942_2577026,37.34288,-76.73943,19,311
4_2576942_2577026,37.34277,-76.73946,20,324
4_2576942_2577026,37.34267,-76.7395,21,335
4_2576942_2577026,37.34258,-76.73958,22,348
4_2576942_2577026,37.3425,-76.73965,23,358
4_2576942_2577026,37.34245,-76.73971,24,366
4_2576942_2577026,37.34241,-76.73976,25,372
4_2576942_2577026,37.34238,-76.73983,26,379
4_2576942_2577026,37.34236,-76.73992,27,388
4_2576942_2577026,37.34236,-76.74001,28,396
4_2576942_2577026,37.34237,-76.74009,29,403
4_2576942_2577026,37.34267,-76.74062,30,460
4_2576942_2577026,37.34271,-76.74068,31,467
4_2576942_2577026,37.34301,-76.74115,32,521
4_2576942_2577026,37.34311,-76.74131,33,539
4_2576942_2577026,37.34401,-76.74273,34,699
4_2576942_2577026,37.3441,-76.74287,35,715
4_2576942_2577026,37.34413,-76.74291,36,720
4_2576942_2577026,37.34413,-76.74292,37,721
4_2576942_2577026,37.34424,-76.74309,38,740
4_2576942_2577026,37.34499,-76.74425,39,873
4_2576942_2577026,37.34506,-76.74436,40,885
4_2576942_2577026,37.34513,-76.74446,41,897
4_2576942_2577026,37.34522,-76.74458,42,911
4_2576942_2577026,37.34523,-76.74459,43,913
4_2576942_2577026,37.34537,-76.74473,44,933
4_2576942_2577026,37.34544,-76.74479,45,942
4_2576942_2577026,37.34553,-76.74486,46,954
4_2576942_2577026,37.34547,-76.74496,47,965
4_2576942_2577026,37.3454,-76.74507,48,977
4_2576942_2577026,37.3453,-76.74524,49,996
4_2576942_2577026,37.345303,-76.745237,50,997
4_2576942_2577026,37.345036,-76.745651,51,1044
4_2576942_2577026,37.344841,-76.745888,52,1074
4_2576942_2577026,37.344444,-76.7463,53,1131
4_2576942_2577026,37.343552,-76.747131,54,1254
4_2576942_2577026,37.34341,-76.747292,55,1276
4_2576942_2577026,37.343231,-76.747536,56,1305
4_2576942_2577026,37.343109,-76.747749,57,1328
4_2576942_2577026,37.342865,-76.74823,58,1379
4_2576942_2577026,37.342731,-76.74855,59,1411
4_2576942_2577026,37.340691,-76.752991,60,1865
4_2576942_2577026,37.340469,-76.753578,61,1922
4_2576942_2577026,37.340203,-76.754356,62,1997
4_2576942_2577026,37.340004,-76.754883,63,2049
4_2576942_2577026,37.339836,-76.755394,64,2098
4_2576942_2577026,37.33992,-76.755432,65,2108
4_2576942_2577026,37.339966,-76.755531,66,2118
4_2576942_2577026,37.339954,-76.755653,67,2129
4_2576942_2577026,37.339916,-76.755714,68,2136
4_2576942_2577026,37.33984,-76.755753,69,2145
4_2576942_2577026,37.33979,-76.755753,70,2150
4_2576942_2577026,37.33971,-76.755684,71,2161
4_2576942_2577026,37.339596,-76.755783,72,2177
4_2576942_2577026,37.339516,-76.755913,73,2191
4_2576942_2577026,37.339493,-76.755989,74,2198
4_2576942_2577026,37.3386929,-76.7560297,75,2287
4_2576942_2577026,37.33869,-76.75603,76,2287
4_2576942_2577026,37.33862,-76.75604,77,2295
4_2576942_2577026,37.33845,-76.75604,78,2314
4_2576942_2577026,37.33805,-76.75608,79,2359
4_2576942_2577026,37.33796,-76.75612,80,2369
4_2576942_2577026,37.33794,-76.75613,81,2372
4_2576942_2577026,37.33793,-76.75614,82,2373
4_2576942_2577026,37.33789,-76.75617,83,2378
4_2576942_2577026,37.33787,-76.7562,84,2382
4_2576942_2577026,37.33784,-76.75626,85,2388
4_2576942_2577026,37.33783,-76.75631,86,2393
4_2576942_2577026,37.33782,-76.75649,87,2409
4_2576942_2577026,37.33782,-76.75669,88,2426
4_2576942_2577026,37.33782,-76.75673,89,2430
4_2576942_2577026,37.33788,-76.75708,90,2462
4_2576942_2577026,37.33799,-76.7575,91,2501
4_2576942_2577026,37.33805,-76.75764,92,2515
4_2576942_2577026,37.33834,-76.75849,93,2597
4_2576942_2577026,37.33838,-76.75869,94,2615
4_2576942_2577026,37.33848,-76.75897,95,2642
4_2576942_2577026,37.33855,-76.75917,96,2661
4_2576942_2577026,37.3386,-76.75932,97,2676
4_2576942_2577026,37.33864,-76.75942,98,2686
4_2576942_2577026,37.33869,-76.75956,99,2699
4_2576942_2577026,37.33872,-76.75967,100,2710
4_2576942_2577026,37.33875,-76.75976,101,2718
4_2576942_2577026,37.33878,-76.75987,102,2729
4_2576942_2577026,37.33879,-76.75995,103,2736
4_2576942_2577026,37.33881,-76.76005,104,2745
4_2576942_2577026,37.33885,-76.76031,105,2768
4_2576942_2577026,37.33888,-76.76059,106,2793
4_2576942_2577026,37.33891,-76.76157,107,2880
4_2576942_2577026,37.33891,-76.76166,108,2888
4_2576942_2577026,37.33889,-76.76208,109,2926
4_2576942_2577026,37.33888,-76.76221,110,2937
4_2576942_2577026,37.33887,-76.76245,111,2958
4_2576942_2577026,37.33883,-76.76291,112,2999
4_2576942_2577026,37.33882,-76.76299,113,3007
4_2576942_2577026,37.33879,-76.76326,114,3031
4_2576942_2577026,37.338788,-76.763265,115,3031
4_2576942_2577026,37.338573,-76.764717,116,3162
4_2576942_2577026,37.338467,-76.765205,117,3207
4_2576942_2577026,37.338333,-76.765686,118,3252
4_2576942_2577026,37.337639,-76.76767,119,3444
4_2576942_2577026,37.337692,-76.767708,120,3451
4_2576942_2577026,37.337639,-76.76767,121,3458
4_2576942_2577026,37.335551,-76.773613,122,4033
4_2576942_2577026,37.334694,-76.776039,123,4268
4_2576942_2577026,37.334496,-76.776634,124,4325
4_2576942_2577026,37.334419,-76.77697,125,4356
4_2576942_2577026,37.334377,-76.777405,126,4395
4_2576942_2577026,37.334415,-76.778618,127,4502
4_2576942_2577026,37.334389,-76.779305,128,4563
4_2576942_2577026,37.33419,-76.78109,129,4723
4_2576942_2577026,37.33408,-76.781532,130,4764
4_2576942_2577026,37.333767,-76.782425,131,4850
4_2576942_2577026,37.333683,-76.782631,132,4871
4_2576942_2577026,37.333485,-76.783012,133,4911
4_2576942_2577026,37.333187,-76.783424,134,4961
4_2576942_2577026,37.332985,-76.783638,135,4990
4_2576942_2577026,37.332663,-76.783934,136,5034
4_2576942_2577026,37.332176,-76.784363,137,5100
4_2576942_2577026,37.331676,-76.784843,138,5170
4_2576942_2577026,37.331177,-76.785408,139,5245
4_2576942_2577026,37.330986,-76.785652,140,5275
4_2576942_2577026,37.329536,-76.787888,141,5530
4_2576942_2577026,37.329185,-76.7883,142,5584
4_2576942_2577026,37.329067,-76.788399,143,5600
4_2576942_2577026,37.32888,-76.788521,144,5623
4_2576942_2577026,37.328552,-76.788673,145,5662
4_2576942_2577026,37.32803,-76.788826,146,5721
4_2576942_2577026,37.325272,-76.789523,147,6033
4_2576942_2577026,37.324986,-76.789597,148,6066
4_2576942_2577026,37.324471,-76.789688,149,6124
4_2576942_2577026,37.324097,-76.789696,150,6165
4_2576942_2577026,37.323723,-76.78965,151,6207
4_2576942_2577026,37.322559,-76.78936,152,6338
4_2576942_2577026,37.322392,-76.789291,153,6358
4_2576942_2577026,37.322166,-76.789162,154,6386
4_2576942_2577026,37.321716,-76.788811,155,6444
4_2576942_2577026,37.321556,-76.788712,156,6464
4_2576942_2577026,37.32122,-76.788567,157,6504
4_2576942_2577026,37.321037,-76.788521,158,6524
4_2576942_2577026,37.320721,-76.788475,159,6560
4_2576942_2577026,37.32048,-76.788475,160,6586
4_2576942_2577026,37.320114,-76.788513,161,6627
4_2576942_2577026,37.317795,-76.788857,162,6886
4_2576942_2577026,37.317478,-76.788971,163,6923
4_2576942_2577026,37.316589,-76.789485,164,7032
4_2576942_2577026,37.316334,-76.789627,165,7063
4_2576942_2577026,37.316395,-76.7883,166,7180
4_2576942_2577026,37.316425,-76.788162,167,7193
4_2576942_2577026,37.316544,-76.787018,168,7295
4_2576942_2577026,37.316883,-76.78495,169,7482
4_2576942_2577026,37.316898,-76.784676,170,7507
4_2576942_2577026,37.316868,-76.784142,171,7554
4_2576942_2577026,37.316761,-76.783623,172,7602
4_2576942_2577026,37.316669,-76.783363,173,7627
4_2576942_2577026,37.316551,-76.783112,174,7653
4_2576942_2577026,37.316051,-76.781868,175,7776
4_2576942_2577026,37.31591,-76.781441,176,7817
4_2576942_2577026,37.315716,-76.780693,177,7887
4_2576942_2577026,37.315351,-76.779105,178,8033
4_2576942_2577026,37.315208,-76.77858,179,8082
4_2576942_2577026,37.315102,-76.77829,180,8111
4_2576942_2577026,37.314854,-76.777779,181,8164
4_2576942_2577026,37.314587,-76.777367,182,8211
4_2576942_2577026,37.313877,-76.776405,183,8327
4_2576942_2577026,37.313396,-76.775703,184,8409
4_2576942_2577026,37.313293,-76.77552,185,8429
4_2576942_2577026,37.313148,-76.775215,186,8460
4_2576942_2577026,37.313061,-76.774963,187,8484
4_2576942_2577026,37.313,-76.774757,188,8504
4_2576942_2577026,37.312931,-76.774422,189,8535
4_2576942_2577026,37.312878,-76.773933,190,8578
4_2576942_2577026,37.312874,-76.773705,191,8599
4_2576942_2577026,37.312901,-76.773239,192,8640
4_2576942_2577026,37.313049,-76.772224,193,8731
4_2576942_2577026,37.313202,-76.771378,194,8808
4_2576942_2577026,37.3134,-76.77002,195,8931
4_2576942_2577026,37.313589,-76.768869,196,9035
4_2576942_2577026,37.314419,-76.763771,197,9496
4_2576942_2577026,37.314464,-76.763051,198,9560
4_2576942_2577026,37.314451,-76.762796,199,9583
4_2576942_2577026,37.314401,-76.762392,200,9619
4_2576942_2577026,37.31428,-76.761899,201,9665
4_2576942_2577026,37.31411,-76.761455,202,9708
4_2576942_2577026,37.313889,-76.761059,203,9751
4_2576942_2577026,37.313637,-76.760723,204,9792
4_2576942_2577026,37.313504,-76.760582,205,9811
4_2576942_2577026,37.313209,-76.760319,206,9851
4_2576942_2577026,37.311812,-76.759207,207,10035
4_2576942_2577026,37.31181,-76.75921,208,10035
4_2576942_2577026,37.31161,-76.75905,209,10062
4_2576942_2577026,37.31154,-76.759,210,10071
4_2576942_2577026,37.31109,-76.75865,211,10130
4_2576942_2577026,37.31092,-76.75852,212,10152
4_2576942_2577026,37.31084,-76.75846,213,10162
4_2576942_2577026,37.31027,-76.75802,214,10236
4_2576942_2577026,37.3101,-76.75786,215,10260
4_2576942_2577026,37.30999,-76.75776,216,10275
4_2576942_2577026,37.30995,-76.75771,217,10281
4_2576942_2577026,37.30983,-76.75758,218,10299
4_2576942_2577026,37.3096,-76.7573,219,10334
4_2576942_2577026,37.30944,-76.75709,220,10360
4_2576942_2577026,37.30939,-76.75702,221,10369
4_2576942_2577026,37.30934,-76.75694,222,10378
4_2576942_2577026,37.3092,-76.75671,223,10403
4_2576942_2577026,37.30911,-76.75653,224,10422
4_2576942_2577026,37.30892,-76.75607,225,10468
4_2576942_2577026,37.30867,-76.75539,226,10534
4_2576942_2577026,37.30801,-76.75373,227,10699
4_2576942_2577026,37.3079,-76.75348,228,10724
4_2576942_2577026,37.30777,-76.75324,229,10750
4_2576942_2577026,37.30772,-76.75315,230,10759
4_2576942_2577026,37.30747,-76.75296,231,10792
4_2576942_2577026,37.307,-76.75257,232,10854
4_2576942_2577026,37.30671,-76.75233,233,10893
4_2576942_2577026,37.30663,-76.75226,234,10904
4_2576942_2577026,37.30648,-76.75214,235,10924
4_2576942_2577026,37.30607,-76.7518,236,10978
4_2576942_2577026,37.30587,-76.75154,237,11010
4_2576942_2577026,37.30585,-76.75152,238,11013
4_2576942_2577026,37.30568,-76.7514,239,11035
4_2576942_2577026,37.305673,-76.751412,240,11036
4_2576942_2577026,37.305131,-76.751184,241,11099
4_2576942_2577026,37.304375,-76.750922,242,11186
4_2576942_2577026,37.304224,-76.750906,243,11203
4_2576942_2577026,37.303964,-76.751025,244,11234
4_2576942_2577026,37.303864,-76.751029,245,11245
4_2576942_2577026,37.303766,-76.750973,246,11257
4_2576942_2577026,37.303598,-76.750922,247,11276
4_2576942_2577026,37.302693,-76.750732,248,11378
4_2576942_2577026,37.302378,-76.75062,249,11414
4_2576942_2577026,37.302094,-76.750479,250,11448
4_2576942_2577026,37.301822,-76.750299,251,11482
4_2576942_2577026,37.301556,-76.750089,252,11517
4_2576942_2577026,37.301571,-76.750069,253,11520
4_2576942_2577026,37.301334,-76.749825,254,11554
4_2576942_2577026,37.300762,-76.7491,255,11644
4_2576942_2577026,37.300663,-76.748932,256,11663
4_2576942_2577026,37.299904,-76.747299,257,11830
4_2576942_2577026,37.299496,-76.746498,258,11914
4_2576942_2577026,37.299206,-76.74588,259,11978
4_2576942_2577026,37.298976,-76.745302,260,12035
4_2576942_2577026,37.298893,-76.745094,261,12056
4_2576942_2577026,37.298672,-76.744415,262,12121
4_2576942_2577026,37.298492,-76.743713,263,12186
4_2576942_2577026,37.298405,-76.743279,264,12226
4_2576942_2577026,37.298222,-76.742165,265,12327
4_2576942_2577026,37.298141,-76.74189,266,12353
4_2576942_2577026,37.297901,-76.741257,267,12415
4_2576942_2577026,37.297737,-76.741035,268,12441
4_2576942_2577026,37.297657,-76.740952,269,12453
4_2576942_2577026,37.296822,-76.74028,270,12563
4_2576942_2577026,37.296497,-76.739967,271,12609
4_2576942_2577026,37.296238,-76.739586,272,12653
4_2576942_2577026,37.296078,-76.739258,273,12687
4_2576942_2577026,37.296009,-76.739075,274,12705
4_2576942_2577026,37.295944,-76.738838,275,12727
4_2576942_2577026,37.295872,-76.738411,276,12766
4_2576942_2577026,37.295849,-76.737122,277,12880
4_2576942_2577026,37.295822,-76.736717,278,12916
4_2576942_2577026,37.295795,-76.736542,279,12932
4_2576942_2577026,37.29575,-76.73632,280,12952
4_2576942_2577026,37.295624,-76.735924,281,12990
4_2576942_2577026,37.295559,-76.735756,282,13007
4_2576942_2577026,37.295414,-76.735479,283,13036
4_2576942_2577026,37.295265,-76.735245,284,13063
4_2576942_2577026,37.295139,-76.735085,285,13083
4_2576942_2577026,37.294857,-76.734802,286,13123
4_2576942_2577026,37.294712,-76.734695,287,13141
4_2576942_2577026,37.294403,-76.734528,288,13179
4_2576942_2577026,37.294109,-76.734428,289,13212
4_2576942_2577026,37.293793,-76.73436,290,13248
4_2576942_2577026,37.291557,-76.733986,291,13498
4_2576942_2577026,37.290707,-76.733849,292,13594
4_2576942_2577026,37.290169,-76.733826,293,13653
4_2576942_2577026,37.287865,-76.733963,294,13909
4_2576942_2577026,37.28674,-76.734051,295,14034
4_2576942_2577026,37.286312,-76.734085,296,14082
4_2576942_2577026,37.285812,-76.734192,297,14138
4_2576942_2577026,37.285362,-76.734337,298,14190
4_2576942_2577026,37.284958,-76.734535,299,14238
4_2576942_2577026,37.284557,-76.734795,300,14288
4_2576942_2577026,37.284184,-76.735115,301,14338
4_2576942_2577026,37.283512,-76.735756,302,14432
4_2576942_2577026,37.283184,-76.736046,303,14477
4_2576942_2577026,37.283035,-76.736237,304,14500
4_2576942_2577026,37.282646,-76.736511,305,14550
4_2576942_2577026,37.282352,-76.736687,306,14586
4_2576942_2577026,37.281776,-76.736961,307,14654
4_2576942_2577026,37.281948,-76.737495,308,14705
4_2576942_2577026,37.282005,-76.737587,309,14716
4_2576942_2577026,37.28215,-76.737732,310,14736
4_2576942_2577026,37.281868,-76.738205,311,14789
11_2576815_2576885,37.253473,-76.6664456,0,0
11_2576815_2576885,37.252937,-76.66713,1,85
11_2576815_2576885,37.252907,-76.667274,2,98
11_2576815_2576885,37.252712,-76.667587,3,133
11_2576815_2576885,37.252743,-76.667725,4,146
11_2576815_2576885,37.252701,-76.667854,5,158
11_2576815_2576885,37.252655,-76.6679,6,165
11_2576815_2576885,37.252602,-76.667923,7,171
11_2576815_2576885,37.252544,-76.667923,8,178
11_2576815_2576885,37.252415,-76.66806,9,196
11_2576815_2576885,37.252354,-76.668167,10,208
11_2576815_2576885,37.252232,-76.668312,11,227
11_2576815_2576885,37.2519,-76.669022,12,300
11_2576815_2576885,37.251717,-76.669479,13,345
11_2576815_2576885,37.251453,-76.670258,14,420
11_2576815_2576885,37.251339,-76.670647,15,457
11_2576815_2576885,37.251087,-76.67173,16,557
11_2576815_2576885,37.25108,-76.672043,17,585
11_2576815_2576885,37.251099,-76.672096,18,590
11_2576815_2576885,37.251179,-76.672195,19,602
11_2576815_2576885,37.251202,-76.672256,20,608
11_2576815_2576885,37.251213,-76.672371,21,619
11_2576815_2576885,37.251068,-76.673004,22,677
11_2576815_2576885,37.250999,-76.673088,23,688
11_2576815_2576885,37.250931,-76.673126,24,696
11_2576815_2576885,37.250862,-76.673134,25,704
11_2576815_2576885,37.250797,-76.67321,26,714
11_2576815_2576885,37.250763,-76.673279,27,721
11_2576815_2576885,37.250702,-76.673424,28,735
11_2576815_2576885,37.25058,-76.673943,29,783
11_2576815_2576885,37.250504,-76.674179,30,806
11_2576815_2576885,37.250206,-76.674843,31,873
11_2576815_2576885,37.250172,-76.675079,32,895
11_2576815_2576885,37.250149,-76.67514,33,901
11_2576815_2576885,37.250118,-76.675186,34,906
11_2576815_2576885,37.25008,-76.675209,35,911
11_2576815_2576885,37.249992,-76.675224,36,921
11_2576815_2576885,37.249889,-76.675285,37,933
11_2576815_2576885,37.249699,-76.675522,38,963
11_2576815_2576885,37.249513,-76.675864,39,1000
11_2576815_2576885,37.249386,-76.676155,40,1029
11_2576815_2576885,37.249287,-76.67643,41,1056
11_2576815_2576885,37.249142,-76.67701,42,1110
11_2576815_2576885,37.249088,-76.677292,43,1135
11_2576815_2576885,37.248951,-76.678757,44,1266
11_2576815_2576885,37.248917,-76.679504,45,1333
11_2576815_2576885,37.24892,-76.679779,46,1357
11_2576815_2576885,37.24897,-76.680428,47,1415
11_2576815_2576885,37.249058,-76.680984,48,1465
11_2576815_2576885,37.24926,-76.681793,49,1540
11_2576815_2576885,37.249294,-76.681984,50,1558
11_2576815_2576885,37.249336,-76.682365,51,1592
11_2576815_2576885,37.249348,-76.682724,52,1624
11_2576815_2576885,37.249321,-76.683304,53,1675
11_2576815_2576885,37.249256,-76.683624,54,1705
11_2576815_2576885,37.249146,-76.683914,55,1733
11_2576815_2576885,37.249062,-76.684082,56,1751
11_2576815_2576885,37.248913,-76.684311,57,1777
11_2576815_2576885,37.248657,-76.684074,58,1812
11_2576815_2576885,37.248093,-76.683441,59,1896
11_2576815_2576885,37.247864,-76.683205,60,1929
11_2576815_2576885,37.247323,-76.682762,61,2001
11_2576815_2576885,37.24732,-76.68276,62,2001
11_2576815_2576885,37.24723,-76.68268,63,2014
11_2576815_2576885,37.24706,-76.6825,64,2038
11_2576815_2576885,37.24689,-76.6823,65,2064
11_2576815_2576885,37.24663,-76.68199,66,2104
11_2576815_2576885,37.24592,-76.68114,67,2213
11_2576815_2576885,37.24564,-76.68081,68,2256
11_2576815_2576885,37.24543,-76.68058,69,2287
11_2576815_2576885,37.24526,-76.68042,70,2310
11_2576815_2576885,37.24514,-76.68061,71,2332
11_2576815_2576885,37.24511,-76.68069,72,2340
11_2576815_2576885,37.24509,-76.68076,73,2346
11_2576815_2576885,37.24507,-76.68086,74,2355
11_2576815_2576885,37.24507,-76.68099,75,2367
11_2576815_2576885,37.24508,-76.68107,76,2374
11_2576815_2576885,37.24511,-76.68117,77,2384
11_2576815_2576885,37.24516,-76.68133,78,2399
11_2576815_2576885,37.2452,-76.68151,79,2415
11_2576815_2576885,37.24523,-76.68168,80,2431
11_2576815_2576885,37.24524,-76.68186,81,2447
11_2576815_2576885,37.24521,-76.68206,82,2465
11_2576815_2576885,37.2452,-76.68223,83,2480
11_2576815_2576885,37.24513,-76.68229,84,2490
11_2576815_2576885,37.24504,-76.68243,85,2505
11_2576815_2576885,37.24494,-76.68257,86,2522
11_2576815_2576885,37.24491,-76.68259,87,2526
11_2576815_2576885,37.24487,-76.68258,88,2530
11_2576815_2576885,37.24485,-76.68257,89,2533
11_2576815_2576885,37.2444,-76.68206,90,2600
11_2576815_2576885,37.24415,-76.68178,91,2637
11_2576815_2576885,37.24419,-76.68168,92,2647
11_2576815_2576885,37.24422,-76.68165,93,2652
11_2576815_2576885,37.24425,-76.68164,94,2655
11_2576815_2576885,37.24428,-76.68164,95,2658
11_2576815_2576885,37.24432,-76.68165,96,2663
11_2576815_2576885,37.24504,-76.68243,97,2769
11_2576815_2576885,37.24513,-76.68229,98,2785
11_2576815_2576885,37.2452,-76.68223,99,2794
11_2576815_2576885,37.24521,-76.68206,100,2809
11_2576815_2576885,37.24524,-76.68186,101,2827
11_2576815_2576885,37.24523,-76.68168,102,2843
11_2576815_2576885,37.2452,-76.68151,103,2859
11_2576815_2576885,37.24516,-76.68133,104,2875
11_2576815_2576885,37.24511,-76.68117,105,2890
11_2576815_2576885,37.24508,-76.68107,106,2900
11_2576815_2576885,37.24507,-76.68099,107,2907
11_2576815_2576885,37.24507,-76.68086,108,2919
11_2576815_2576885,37.24509,-76.68076,109,2928
11_2576815_2576885,37.24511,-76.68069,110,2934
11_2576815_2576885,37.24514,-76.68061,111,2942
11_2576815_2576885,37.24526,-76.68042,112,2964
11_2576815_2576885,37.24534,-76.68031,113,2977
11_2576815_2576885,37.24553,-76.68049,114,3003
11_2576815_2576885,37.24599,-76.68102,115,3073
11_2576815_2576885,37.24644,-76.68153,116,3140
11_2576815_2576885,37.24661,-76.68166,117,3162
11_2576815_2576885,37.24675,-76.6818,118,3182
11_2576815_2576885,37.24678,-76.68182,119,3186
11_2576815_2576885,37.2468,-76.68183,120,3188
11_2576815_2576885,37.24683,-76.68183,121,3192
11_2576815_2576885,37.24685,-76.68183,122,3194
11_2576815_2576885,37.24688,-76.68182,123,3197
11_2576815_2576885,37.2469,-76.68181,124,3200
11_2576815_2576885,37.24692,-76.68179,125,3202
11_2576815_2576885,37.24695,-76.68176,126,3207
11_2576815_2576885,37.24698,-76.6817,127,3213
11_2576815_2576885,37.246978,-76.681699,128,3213
11_2576815_2576885,37.247059,-76.681313,129,3249
11_2576815_2576885,37.24704,-76.680092,130,3357
11_2576815_2576885,37.24704,-76.678185,131,3526
11_2576815_2576885,37.247066,-76.677124,132,3620
11_2576815_2576885,37.247097,-76.676521,133,3674
11_2576815_2576885,37.247196,-76.675232,134,3789
11_2576815_2576885,37.247299,-76.674362,135,3867
11_2576815_2576885,37.247486,-76.673058,136,3984
11_2576815_2576885,37.247749,-76.671692,137,4109
11_2576815_2576885,37.248016,-76.670541,138,4215
11_2576815_2576885,37.248253,-76.669655,139,4298
11_2576815_2576885,37.24873,-76.668144,140,4442
11_2576815_2576885,37.249222,-76.666794,141,4574
11_2576815_2576885,37.249676,-76.665703,142,4683
11_2576815_2576885,37.250298,-76.664391,143,4818
11_2576815_2576885,37.25053,-76.663948,144,4865
11_2576815_2576885,37.251236,-76.662704,145,5001
11_2576815_2576885,37.251926,-76.661613,146,5124
11_2576815_2576885,37.252136,-76.661148,147,5172
11_2576815_2576885,37.252182,-76.66098,148,5187
11_2576815_2576885,37.252174,-76.660782,149,5205
11_2576815_2576885,37.252141,-76.660659,150,5216
11_2576815_2576885,37.252087,-76.660553,151,5228
11_2576815_2576885,37.251968,-76.660431,152,5245
11_2576815_2576885,37.251831,-76.66037,153,5261
11_2576815_2576885,37.251671,-76.66037,154,5278
11_2576815_2576885,37.251518,-76.660454,155,5297
11_2576815_2576885,37.251415,-76.660553,156,5311
11_2576815_2576885,37.251003,-76.661057,157,5375
11_2576815_2576885,37.248554,-76.657951,158,5762
11_2576815_2576885,37.248219,-76.65741,159,5823
11_2576815_2576885,37.24736,-76.656364,160,5956
11_2576815_2576885,37.245712,-76.654281,161,6216
11_2576815_2576885,37.24485,-76.653198,162,6352
11_2576815_2576885,37.243561,-76.651527,163,6558
11_2576815_2576885,37.241997,-76.649582,164,6802
11_2576815_2576885,37.241718,-76.649185,165,6849
11_2576815_2576885,37.241093,-76.648392,166,6948
11_2576815_2576885,37.240818,-76.64801,167,6994
11_2576815_2576885,37.240498,-76.647484,168,7052
11_2576815_2576885,37.240204,-76.646919,169,7112
11_2576815_2576885,37.23991,-76.646233,170,7181
11_2576815_2576885,37.239777,-76.645872,171,7217
11_2576815_2576885,37.239643,-76.64547,172,7255
11_2576815_2576885,37.239567,-76.645073,173,7291
11_2576815_2576885,37.239437,-76.644569,174,7338
11_2576815_2576885,37.239193,-76.64344,175,7442
11_2576815_2576885,37.239075,-76.642815,176,7499
11_2576815_2576885,37.238194,-76.638779,177,7870
11_2576815_2576885,37.237858,-76.637314,178,8006
11_2576815_2576885,37.237364,-76.634995,179,8219
11_2576815_2576885,37.237125,-76.633858,180,8323
11_2576815_2576885,37.236794,-76.632584,181,8442
11_2576815_2576885,37.236439,-76.63163,182,8535
11_2576815_2576885,37.236027,-76.630768,183,8624
11_2576815_2576885,37.235653,-76.630119,184,8695
11_2576815_2576885,37.235348,-76.629662,185,8748
11_2576815_2576885,37.23238,-76.625855,186,9220
11_2576815_2576885,37.22608,-76.617794,187,10220
11_2576815_2576885,37.219776,-76.609738,188,11220
11_2576815_2576885,37.218201,-76.607735,189,11470
11_2576815_2576885,37.217388,-76.606651,190,11601
11_2576815_2576885,37.21669,-76.605614,191,11722
11_2576815_2576885,37.216454,-76.605225,192,11765
11_2576815_2576885,37.216068,-76.604515,193,11841
11_2576815_2576885,37.21545,-76.603271,194,11971
11_2576815_2576885,37.215298,-76.602867,195,12011
11_2576815_2576885,37.214622,-76.601234,196,12174
11_2576815_2576885,37.214447,-76.600753,197,12221
11_2576815_2576885,37.214024,-76.599442,198,12346
11_2576815_2576885,37.213863,-76.598633,199,12420
11_2576815_2576885,37.213749,-76.597832,200,12493
11_2576815_2576885,37.21307,-76.589647,201,13223
11_2576815_2576885,37.212391,-76.581894,202,13915
11_2576815_2576885,37.212242,-76.581001,203,13996
11_2576815_2576885,37.212063,-76.580284,204,14063
11_2576815_2576885,37.211746,-76.579346,205,14153
11_2576815_2576885,37.211447,-76.578629,206,14225
11_2576815_2576885,37.211197,-76.578117,207,14278
11_2576815_2576885,37.210899,-76.577583,208,14336
11_2576815_2576885,37.210732,-76.577316,209,14366
11_2576815_2576885,37.210426,-76.576866,210,14419
11_2576815_2576885,37.209892,-76.57621,211,14502
11_2576815_2576885,37.209412,-76.575722,212,14570
11_2576815_2576885,37.20908,-76.575417,213,14616
11_2576815_2576885,37.207726,-76.574318,214,14795
11_2576815_2576885,37.207012,-76.573792,215,14887
11_2576815_2576885,37.206699,-76.573936,216,14924
11_2576815_2576885,37.204105,-76.574895,217,15224
11_2576815_2576885,37.203388,-76.57515,218,15307
11_2576815_2576885,37.203144,-76.575211,219,15335
11_2576815_2576885,37.202759,-76.575233,220,15377
11_2576815_2576885,37.202621,-76.575226,221,15393
11_2576815_2576885,37.202484,-76.575203,222,15408
11_2576815_2576885,37.202351,-76.575165,223,15423
11_2576815_2576885,37.202198,-76.575089,224,15442
11_2576815_2576885,37.202099,-76.575035,225,15454
11_2576815_2576885,37.201958,-76.574928,226,15472
11_2576815_2576885,37.201866,-76.574844,227,15484
11_2576815_2576885,37.201412,-76.574326,228,15553
11_2576815_2576885,37.20042,-76.573158,229,15704
11_2576815_2576885,37.200294,-76.573013,230,15723
11_2576815_2576885,37.199799,-76.572495,231,15795
11_2576815_2576885,37.199734,-76.572433,232,15804
11_2576815_2576885,37.199596,-76.572311,233,15822
11_2576815_2576885,37.199432,-76.572197,234,15843
11_2576815_2576885,37.19928,-76.572105,235,15862
11_2576815_2576885,37.199013,-76.572006,236,15893
11_2576815_2576885,37.198524,-76.571899,237,15948
11_2576815_2576885,37.198196,-76.571854,238,15985
11_2576815_2576885,37.196594,-76.571701,239,16163
11_2576815_2576885,37.196259,-76.571671,240,16200
11_2576815_2576885,37.196053,-76.571657,241,16223
11_2576815_2576885,37.19602,-76.57165,242,16227
11_2576815_2576885,37.19594,-76.57165,243,16236
11_2576815_2576885,37.19525,-76.57161,244,16312
11_2576815_2576885,37.19492,-76.5716,245,16349
11_2576815_2576885,37.19434,-76.57156,246,16413
11_2576815_2576885,37.19421,-76.57156,247,16428
11_2576815_2576885,37.19385,-76.57154,248,16468
11_2576815_2576885,37.19257,-76.57158,249,16610
11_2576815_2576885,37.19242,-76.57158,250,16627
11_2576815_2576885,37.19236,-76.57159,251,16633
11_2576815_2576885,37.1923,-76.57159,252,16640
11_2576815_2576885,37.19224,-76.5716,253,16647
11_2576815_2576885,37.19173,-76.57164,254,16703
11_2576815_2576885,37.19181,-76.57169,255,16713
11_2576815_2576885,37.19188,-76.57174,256,16722
11_2576815_2576885,37.19267,-76.57238,257,16827
11_2576815_2576885,37.19293,-76.57259,258,16861
11_2576815_2576885,37.1931,-76.57272,259,16883
11_2576815_2576885,37.19351,-76.57306,260,16938
11_2576815_2576885,37.19352,-76.57307,261,16939
11_2576815_2576885,37.19305,-76.57398,262,17035
11_2576815_2576885,37.19299,-76.5741,263,17048
11_2576815_2576885,37.19294,-76.57421,264,17059
11_2576815_2576885,37.19279,-76.57451,265,17091
11_2576815_2576885,37.19269,-76.5747,266,17111
11_2576815_2576885,37.19264,-76.57481,267,17122
11_2576815_2576885,37.19242,-76.57528,268,17170
11_2576815_2576885,37.19264,-76.57481,269,17219
11_2576815_2576885,37.19269,-76.5747,270,17230
11_2576815_2576885,37.19279,-76.57451,271,17250
11_2576815_2576885,37.19294,-76.57421,272,17281
11_2576815_2576885,37.19299,-76.5741,273,17293
11_2576815_2576885,37.19305,-76.57398,274,17305
11_2576815_2576885,37.19352,-76.57307,275,17401
11_2576815_2576885,37.19353,-76.57305,276,17404
11_2576815_2576885,37.19364,-76.57284,277,17426
11_2576815_2576885,37.19373,-76.57268,278,17443
11_2576815_2576885,37.19376,-76.57264,279,17448
11_2576815_2576885,37.19377,-76.57262,280,17450
11_2576815_2576885,37.19394,-76.57231,281,17483
11_2576815_2576885,37.19411,-76.57199,282,17518
11_2576815_2576885,37.19426,-76.57169,283,17549
11_2576815_2576885,37.19434,-76.57156,284,17564
11_2576815_2576885,37.19492,-76.5716,285,17628
11_2576815_2576885,37.19525,-76.57161,286,17665
11_2576815_2576885,37.19594,-76.57165,287,17741
11_2576815_2576885,37.19602,-76.57165,288,17750
11_2576815_2576885,37.19623,-76.57167,289,17774
11_2576815_2576885,37.19625,-76.57167,290,17776
11_2576815_2576885,37.19627,-76.57167,291,17778
11_2576815_2576885,37.19659,-76.5717,292,17814
11_2576815_2576885,37.19731,-76.57177,293,17894
11_2576815_2576885,37.1982,-76.57185,294,17993
11_2576815_2576885,37.19852,-76.57191,295,18029
11_2576815_2576885,37.19885,-76.57197,296,18066
11_2576815_2576885,37.19901,-76.57201,297,18084
11_2576815_2576885,37.19917,-76.57207,298,18102
11_2576815_2576885,37.19928,-76.57211,299,18115
11_2576815_2576885,37.19943,-76.57219,300,18133
11_2576815_2576885,37.1996,-76.57231,301,18155
11_2576815_2576885,37.19973,-76.57243,302,18173
11_2576815_2576885,37.1998,-76.5725,303,18183
11_2576815_2576885,37.19993,-76.57262,304,18201
11_2576815_2576885,37.20007,-76.57276,305,18221
11_2576815_2576885,37.20029,-76.57301,306,18254
11_2576815_2576885,37.20042,-76.57316,307,18273
11_2576815_2576885,37.20098,-76.57382,308,18359
11_2576815_2576885,37.20141,-76.57433,309,18424
11_2576815_2576885,37.20165,-76.57459,310,18460
11_2576815_2576885,37.201645,-76.574592,311,18460
11_2576815_2576885,37.201868,-76.574845,312,18494
11_2576815_2576885,37.201957,-76.574927,313,18506
11_2576815_2576885,37.202098,-76.575033,314,18524
11_2576815_2576885,37.202197,-76.575092,315,18536
11_2576815_2576885,37.202352,-76.575161,316,18555
11_2576815_2576885,37.202485,-76.575202,317,18570
11_2576815_2576885,37.202623,-76.575226,318,18585
11_2576815_2576885,37.20276,-76.575231,319,18600
11_2576815_2576885,37.202849,-76.575221,320,18610
11_2576815_2576885,37.203118,-76.575121,321,18641
11_2576815_2576885,37.203443,-76.575011,322,18679
11_2576815_2576885,37.206748,-76.573782,323,19061
11_2576815_2576885,37.207012,-76.573789,324,19091
11_2576815_2576885,37.2075,-76.573642,325,19146
11_2576815_2576885,37.208547,-76.573302,326,19267
11_2576815_2576885,37.210212,-76.572712,327,19459
11_2576815_2576885,37.211281,-76.572328,328,19582
11_2576815_2576885,37.211508,-76.572214,329,19609
11_2576815_2576885,37.211762,-76.572057,330,19641
11_2576815_2576885,37.212345,-76.57162,331,19716
11_2576815_2576885,37.214646,-76.569798,332,20018
11_2576815_2576885,37.218006,-76.567181,333,20458
11_2576815_2576885,37.218835,-76.566538,334,20566
11_2576815_2576885,37.220707,-76.565033,335,20813
11_2576815_2576885,37.221828,-76.564209,336,20957
11_2576815_2576885,37.225648,-76.561229,337,21457
11_2576815_2576885,37.23009,-76.55776,338,22038
11_2576815_2576885,37.230379,-76.557477,339,22079
11_2576815_2576885,37.230583,-76.55722,340,22111
11_2576815_2576885,37.2308,-76.556852,341,22151
11_2576815_2576885,37.231003,-76.556395,342,22198
11_2576815_2576885,37.231152,-76.555908,343,22244
11_2576815_2576885,37.231206,-76.555655,344,22267
11_2576815_2576885,37.231271,-76.555139,345,22314
11_2576815_2576885,37.231314,-76.553529,346,22457
11_2576815_2576885,37.231396,-76.551994,347,22593
11_2576815_2576885,37.231457,-76.551407,348,22646
11_2576815_2576885,37.231571,-76.550797,349,22701
11_2576815_2576885,37.231823,-76.549881,350,22787
11_2576815_2576885,37.231903,-76.54921,351,22847
11_2576815_2576885,37.231998,-76.548111,352,22945
11_2576815_2576885,37.232063,-76.547691,353,22983
11_2576815_2576885,37.232246,-76.547165,354,23034
11_2576815_2576885,37.232868,-76.545891,355,23167
11_2576815_2576885,37.232952,-76.545609,356,23193
11_2576815_2576885,37.233128,-76.544846,357,23264
11_2576815_2576885,37.233584,-76.54273,358,23458
11_2576815_2576885,37.23415,-76.540077,359,23702
11_2576815_2576885,37.234207,-76.539764,360,23730
11_2576815_2576885,37.234276,-76.539207,361,23780
11_2576815_2576885,37.234322,-76.538498,362,23844
11_2576815_2576885,37.234318,-76.538124,363,23877
11_2576815_2576885,37.234196,-76.53598,364,24068
11_2576815_2576885,37.234131,-76.535507,365,24110
11_2576815_2576885,37.234066,-76.53521,366,24137
11_2576815_2576885,37.233971,-76.53492,367,24165
11_2576815_2576885,37.233822,-76.534584,368,24199
11_2576815_2576885,37.233315,-76.533646,369,24300
11_2576815_2576885,37.233212,-76.533424,370,24323
11_2576815_2576885,37.233082,-76.533096,371,24355
11_2576815_2576885,37.233021,-76.53289,372,24375
11_2576815_2576885,37.232925,-76.532417,373,24418
11_2576815_2576885,37.232803,-76.532204,374,24441
11_2576815_2576885,37.232687,-76.532048,375,24460
11_2576815_2576885,37.232555,-76.531868,376,24482
11_2576815_2576885,37.232075,-76.531334,377,24553
11_2576815_2576885,37.231178,-76.530396,378,24683
11_2576815_2576885,37.230865,-76.529984,379,24733
11_2576815_2576885,37.230713,-76.529732,380,24761
11_2576815_2576885,37.23032,-76.528946,381,24843
11_2576815_2576885,37.229988,-76.52803,382,24933
11_2576815_2576885,37.229874,-76.527763,383,24960
11_2576815_2576885,37.229511,-76.527016,384,25037
11_2576815_2576885,37.229382,-76.526794,385,25061
11_2576815_2576885,37.229237,-76.526588,386,25086
11_2576815_2576885,37.228718,-76.525948,387,25167
11_2576815_2576885,37.228554,-76.525719,388,25194
11_2576815_2576885,37.227612,-76.524033,389,25376
11_2576815_2576885,37.227333,-76.523628,390,25424
11_2576815_2576885,37.22709,-76.523351,391,25460
11_2576815_2576885,37.226955,-76.523209,392,25480
11_2576815_2576885,37.227425,-76.522583,393,25556
11_2576815_2576885,37.227264,-76.522377,394,25582
11_2576815_2576885,37.227036,-76.522011,395,25623
11_2576815_2576885,37.226879,-76.521629,396,25661
11_2576815_2576885,37.226784,-76.52121,397,25700
11_2576815_2576885,37.226765,-76.521019,398,25717
11_2576815_2576885,37.226761,-76.520699,399,25745
11_2576815_2576885,37.226753,-76.5186702,400,25925
11_2576885_2576815,37.226753,-76.5186702,0,0
11_2576885_2576815,37.226761,-76.520699,1,180
11_2576885_2576815,37.226765,-76.521019,2,208
11_2576885_2576815,37.226784,-76.52121,3,226
11_2576885_2576815,37.226879,-76.521629,4,264
11_2576885_2576815,37.227036,-76.522011,5,302
11_2576885_2576815,37.227264,-76.522377,6,343
11_2576885_2576815,37.227425,-76.522583,7,369
11_2576885_2576815,37.226955,-76.523209,8,445
11_2576885_2576815,37.227173,-76.523438,9,477
11_2576885_2576815,37.227482,-76.523834,10,526
11_2576885_2576815,37.227825,-76.524399,11,589
11_2576885_2576815,37.228554,-76.525719,12,731
11_2576885_2576815,37.228718,-76.525948,13,758
11_2576885_2576815,37.229237,-76.526588,14,839
11_2576885_2576815,37.229382,-76.526794,15,864
11_2576885_2576815,37.229671,-76.527336,16,922
11_2576885_2576815,37.229874,-76.527763,17,966
11_2576885_2576815,37.23002,-76.528113,18,1001
11_2576885_2576815,37.230228,-76.528717,19,1059
11_2576885_2576815,37.230423,-76.529167,20,1104
11_2576885_2576815,37.230713,-76.529732,21,1164
11_2576885_2576815,37.231003,-76.530182,22,1215
11_2576885_2576815,37.231178,-76.530396,23,1242
11_2576885_2576815,37.232075,-76.531334,24,1372
11_2576885_2576815,37.232555,-76.531868,25,1443
11_2576885_2576815,37.232693,-76.531944,26,1460
11_2576885_2576815,37.232887,-76.531944,27,1482
11_2576885_2576815,37.232906,-76.532242,28,1508
11_2576885_2576815,37.232952,-76.532585,29,1539
11_2576885_2576815,37.233082,-76.533096,30,1587
11_2576885_2576815,37.233315,-76.533646,31,1642
11_2576885_2576815,37.233734,-76.534416,32,1725
11_2576885_2576815,37.233925,-76.534805,33,1765
11_2576885_2576815,37.234066,-76.53521,34,1804
11_2576885_2576815,37.234173,-76.535744,35,1853
11_2576885_2576815,37.234281,-76.537408,36,2001
11_2576885_2576815,37.234318,-76.538124,37,2065
11_2576885_2576815,37.234322,-76.538498,38,2098
11_2576885_2576815,37.234306,-76.538857,39,2130
11_2576885_2576815,37.234257,-76.539413,40,2180
11_2576885_2576815,37.23415,-76.540077,41,2240
11_2576885_2576815,37.233261,-76.544258,42,2624
11_2576885_2576815,37.232952,-76.545609,43,2748
11_2576885_2576815,37.232773,-76.546249,44,2808
11_2576885_2576815,37.232307,-76.54744,45,2926
11_2576885_2576815,37.232246,-76.54763,46,2944
11_2576885_2576815,37.232134,-76.548279,47,3003
11_2576885_2576815,37.231991,-76.549309,48,3096
11_2576885_2576815,37.231571,-76.550797,49,3236
11_2576885_2576815,37.231457,-76.551407,50,3292
11_2576885_2576815,37.231396,-76.551994,51,3344
11_2576885_2576815,37.231346,-76.552849,52,3420
11_2576885_2576815,37.231312,-76.553566,53,3484
11_2576885_2576815,37.231271,-76.555139,54,3624
11_2576885_2576815,37.231206,-76.555655,55,3670
11_2576885_2576815,37.231084,-76.556155,56,3716
11_2576885_2576815,37.231003,-76.556395,57,3739
11_2576885_2576815,37.2308,-76.556852,58,3786
11_2576885_2576815,37.230511,-76.557317,59,3838
11_2576885_2576815,37.230379,-76.557477,60,3858
11_2576885_2576815,37.23009,-76.55776,61,3899
11_2576885_2576815,37.229287,-76.558386,62,4004
11_2576885_2576815,37.221646,-76.564343,63,5003
11_2576885_2576815,37.220707,-76.565033,64,5124
11_2576885_2576815,37.218835,-76.566538,65,5371
11_2576885_2576815,37.214007,-76.5703,66,6003
11_2576885_2576815,37.213007,-76.571103,67,6134
11_2576885_2576815,37.211966,-76.571908,68,6270
11_2576885_2576815,37.211762,-76.572057,69,6297
11_2576885_2576815,37.211394,-76.572273,70,6342
11_2576885_2576815,37.210889,-76.572476,71,6401
11_2576885_2576815,37.208546,-76.573303,72,6671
11_2576885_2576815,37.2075,-76.573639,73,6791
11_2576885_2576815,37.207363,-76.573822,74,6813
11_2576885_2576815,37.207359,-76.573936,75,6823
11_2576885_2576815,37.207401,-76.574081,76,6837
11_2576885_2576815,37.207726,-76.574318,77,6878
11_2576885_2576815,37.208654,-76.57507,78,7001
11_2576885_2576815,37.20908,-76.575417,79,7058
11_2576885_2576815,37.209412,-76.575722,80,7103
11_2576885_2576815,37.209892,-76.57621,81,7172
11_2576885_2576815,37.210426,-76.576866,82,7255
11_2576885_2576815,37.210899,-76.577583,83,7337
11_2576885_2576815,37.211197,-76.578117,84,7395
11_2576885_2576815,37.211491,-76.578728,85,7459
11_2576885_2576815,37.211746,-76.579346,86,7520
11_2576885_2576815,37.211952,-76.579926,87,7577
11_2576885_2576815,37.212166,-76.580673,88,7647
11_2576885_2576815,37.212311,-76.581367,89,7711
11_2576885_2576815,37.212391,-76.581894,90,7758
11_2576885_2576815,37.212505,-76.583191,91,7874
11_2576885_2576815,37.212658,-76.583176,92,7891
11_2576885_2576815,37.213074,-76.583153,93,7937
11_2576885_2576815,37.213184,-76.583321,94,7957
11_2576885_2576815,37.213204,-76.583829,95,8002
11_2576885_2576815,37.213215,-76.584137,96,8029
11_2576885_2576815,37.212872,-76.584145,97,8067
11_2576885_2576815,37.212814,-76.583168,98,8154
11_2576885_2576815,37.212505,-76.583191,99,8188
11_2576885_2576815,37.212963,-76.588333,100,8648
11_2576885_2576815,37.213286,-76.592263,101,8998
11_2576885_2576815,37.213749,-76.597832,102,9495
11_2576885_2576815,37.213806,-76.598274,103,9535
11_2576885_2576815,37.213936,-76.599022,104,9603
11_2576885_2576815,37.214024,-76.599442,105,9642
11_2576885_2576815,37.214378,-76.600563,106,9748
11_2576885_2576815,37.214622,-76.601234,107,9814
11_2576885_2576815,37.215309,-76.602898,108,9980
11_2576885_2576815,37.215468,-76.602788,109,10000
11_2576885_2576815,37.21547,-76.60278,110,10001
11_2576885_2576815,37.21563,-76.60267,111,10021
11_2576885_2576815,37.21567,-76.60284,112,10037
11_2576885_2576815,37.21574,-76.60303,113,10056
11_2576885_2576815,37.21574,-76.60304,114,10056
11_2576885_2576815,37.21579,-76.60321,115,10073
11_2576885_2576815,37.21591,-76.60353,116,10104
11_2576885_2576815,37.21596,-76.60368,117,10118
11_2576885_2576815,37.21604,-76.60384,118,10135
11_2576885_2576815,37.21607,-76.60388,119,10140
11_2576885_2576815,37.21616,-76.60406,120,10159
11_2576885_2576815,37.21629,-76.60431,121,10185
11_2576885_2576815,37.2165,-76.6047,122,10227
11_2576885_2576815,37.21663,-76.60493,123,10252
11_2576885_2576815,37.21664,-76.60495,124,10254
11_2576885_2576815,37.21654,-76.60501,125,10266
11_2576885_2576815,37.21638,-76.60509,126,10285
11_2576885_2576815,37.21642,-76.60516,127,10293
11_2576885_2576815,37.21645,-76.60522,128,10299
11_2576885_2576815,37.21669,-76.60561,129,10343
11_2576885_2576815,37.21739,-76.60665,130,10464
11_2576885_2576815,37.2182,-76.60774,131,10596
11_2576885_2576815,37.21907,-76.60885,132,10734
11_2576885_2576815,37.22,-76.61002,133,10880
11_2576885_2576815,37.22007,-76.61011,134,10891
11_2576885_2576815,37.220071,-76.610108,135,10891
11_2576885_2576815,37.226374,-76.61817,136,11892
11_2576885_2576815,37.232674,-76.626231,137,12892
11_2576885_2576815,37.235348,-76.629662,138,13317
11_2576885_2576815,37.235653,-76.630119,139,13370
11_2576885_2576815,37.236027,-76.630768,140,13441
11_2576885_2576815,37.236439,-76.63163,141,13530
11_2576885_2576815,37.236794,-76.632584,142,13624
11_2576885_2576815,37.237125,-76.633858,143,13743
11_2576885_2576815,37.237471,-76.635499,144,13893
11_2576885_2576815,37.237858,-76.637314,145,14060
11_2576885_2576815,37.238194,-76.638779,146,14195
11_2576885_2576815,37.239075,-76.642815,147,14566
11_2576885_2576815,37.239193,-76.64344,148,14623
11_2576885_2576815,37.239437,-76.644569,149,14727
11_2576885_2576815,37.239567,-76.645073,150,14774
11_2576885_2576815,37.239643,-76.64547,151,14810
11_2576885_2576815,37.23978,-76.645882,152,14850
11_2576885_2576815,37.239956,-76.646343,153,14895
11_2576885_2576815,37.240204,-76.646919,154,14953
11_2576885_2576815,37.240498,-76.647484,155,15013
11_2576885_2576815,37.240818,-76.64801,156,15072
11_2576885_2576815,37.241093,-76.648392,157,15117
11_2576885_2576815,37.241718,-76.649185,158,15216
11_2576885_2576815,37.241997,-76.649582,159,15263
11_2576885_2576815,37.243458,-76.651398,160,15491
11_2576885_2576815,37.244003,-76.650749,161,15575
11_2576885_2576815,37.244041,-76.650734,162,15579
11_2576885_2576815,37.244122,-76.650772,163,15589
11_2576885_2576815,37.243992,-76.650993,164,15613
11_2576885_2576815,37.243561,-76.651527,165,15681
11_2576885_2576815,37.244905,-76.653267,166,15895
11_2576885_2576815,37.24736,-76.656364,167,16282
11_2576885_2576815,37.248219,-76.65741,168,16415
11_2576885_2576815,37.248653,-76.657883,169,16479
11_2576885_2576815,37.251288,-76.661224,170,16895
11_2576885_2576815,37.251595,-76.661606,171,16944
11_2576885_2576815,37.251999,-76.662117,172,17007
11_2576885_2576815,37.252155,-76.662231,173,17027
11_2576885_2576815,37.252293,-76.662376,174,17047
11_2576885_2576815,37.252434,-76.66246,175,17065
11_2576885_2576815,37.252556,-76.662491,176,17078
11_2576885_2576815,37.252628,-76.662483,177,17086
11_2576885_2576815,37.252739,-76.66243,178,17100
11_2576885_2576815,37.252853,-76.662331,179,17115
11_2576885_2576815,37.252892,-76.662277,180,17122
11_2576885_2576815,37.252956,-76.662109,181,17138
11_2576885_2576815,37.252979,-76.661911,182,17156
11_2576885_2576815,37.252945,-76.661736,183,17172
11_2576885_2576815,37.252865,-76.661583,184,17188
11_2576885_2576815,37.252747,-76.661476,185,17204
11_2576885_2576815,37.252636,-76.661423,186,17217
11_2576885_2576815,37.252518,-76.661407,187,17230
11_2576885_2576815,37.252407,-76.661438,188,17243
11_2576885_2576815,37.252285,-76.66153,189,17259
11_2576885_2576815,37.252178,-76.661667,190,17276
11_2576885_2576815,37.252052,-76.661766,191,17292
11_2576885_2576815,37.251381,-76.662827,192,17412
11_2576885_2576815,37.251263,-76.663139,193,17443
11_2576885_2576815,37.251183,-76.663284,194,17459
11_2576885_2576815,37.25116,-76.663399,195,17469
11_2576885_2576815,37.251167,-76.663666,196,17493
11_2576885_2576815,37.251186,-76.66375,197,17501
11_2576885_2576815,37.251251,-76.663895,198,17515
11_2576885_2576815,37.251354,-76.664001,199,17530
11_2576885_2576815,37.251492,-76.664062,200,17546
11_2576885_2576815,37.251663,-76.664055,201,17565
11_2576885_2576815,37.251747,-76.664024,202,17575
11_2576885_2576815,37.251888,-76.66391,203,17594
11_2576885_2576815,37.252323,-76.663376,204,17661
11_2576885_2576815,37.252846,-76.66404,205,17744
11_2576885_2576815,37.253025,-76.66436,206,17779
11_2576885_2576815,37.253763,-76.665285,207,17895
11_2576885_2576815,37.254082,-76.665695,208,17945
11_2576885_2576815,37.253475,-76.666443,209,18040
3_2577048_2577091_1,37.2439725,-76.6510121,0,0
3_2577048_2577091_1,37.2438,-76.65123,1,27
3_2577048_2577091_1,37.24366,-76.65141,2,49
3_2577048_2577091_1,37.24356,-76.65152,3,64
3_2577048_2577091_1,37.24392,-76.65199,4,122
3_2577048_2577091_1,37.24485,-76.6532,5,271
3_2577048_2577091_1,37.24548,-76.65399,6,370
3_2577048_2577091_1,37.24562,-76.65417,7,392
3_2577048_2577091_1,37.24589,-76.6545,8,434
3_2577048_2577091_1,37.24603,-76.65469,9,457
3_2577048_2577091_1,37.24646,-76.65522,10,524
3_2577048_2577091_1,37.24663,-76.65544,11,551
3_2577048_2577091_1,37.24695,-76.65585,12,602
3_2577048_2577091_1,37.24736,-76.65636,13,666
3_2577048_2577091_1,37.24773,-76.65681,14,723
3_2577048_2577091_1,37.24786,-76.65697,15,744
3_2577048_2577091_1,37.24811,-76.65728,16,783
3_2577048_2577091_1,37.24822,-76.65741,17,800
3_2577048_2577091_1,37.24866,-76.65788,18,864
3_2577048_2577091_1,37.25,-76.65959,19,1076
3_2577048_2577091_1,37.25092,-76.66075,20,1221
3_2577048_2577091_1,37.25098,-76.66083,21,1231
3_2577048_2577091_1,37.25119,-76.66058,22,1263
3_2577048_2577091_1,37.25139,-76.66035,23,1293
3_2577048_2577091_1,37.25143,-76.66031,24,1299
3_2577048_2577091_1,37.25148,-76.66027,25,1305
3_2577048_2577091_1,37.25153,-76.66024,26,1312
3_2577048_2577091_1,37.25159,-76.66021,27,1319
3_2577048_2577091_1,37.25164,-76.6602,28,1324
3_2577048_2577091_1,37.2517,-76.66019,29,1331
3_2577048_2577091_1,37.25176,-76.66018,30,1338
3_2577048_2577091_1,37.25181,-76.66019,31,1343
3_2577048_2577091_1,37.25186,-76.66019,32,1349
3_2577048_2577091_1,37.25191,-76.66021,33,1355
3_2577048_2577091_1,37.25202,-76.66024,34,1367
3_2577048_2577091_1,37.25209,-76.66026,35,1375
3_2577048_2577091_1,37.25215,-76.66027,36,1382
3_2577048_2577091_1,37.25221,-76.66028,37,1389
3_2577048_2577091_1,37.25227,-76.66028,38,1395
3_2577048_2577091_1,37.25234,-76.66028,39,1403
3_2577048_2577091_1,37.2524,-76.66027,40,1410
3_2577048_2577091_1,37.25246,-76.66026,41,1417
3_2577048_2577091_1,37.25252,-76.66025,42,1423
3_2577048_2577091_1,37.25259,-76.66022,43,1431
3_2577048_2577091_1,37.25266,-76.66018,44,1440
3_2577048_2577091_1,37.25272,-76.66014,45,1448
3_2577048_2577091_1,37.25278,-76.6601,46,1455
3_2577048_2577091_1,37.25284,-76.66005,47,1463
3_2577048_2577091_1,37.25287,-76.66001,48,1468
3_2577048_2577091_1,37.25294,-76.65994,49,1478
3_2577048_2577091_1,37.25298,-76.65989,50,1484
3_2577048_2577091_1,37.25302,-76.65983,51,1491
3_2577048_2577091_1,37.2531,-76.6597,52,1506
3_2577048_2577091_1,37.25321,-76.65948,53,1529
3_2577048_2577091_1,37.25342,-76.65918,54,1564
3_2577048_2577091_1,37.25362,-76.65875,55,1608
3_2577048_2577091_1,37.25384,-76.65825,56,1659
3_2577048_2577091_1,37.254,-76.65785,57,1699
3_2577048_2577091_1,37.25412,-76.65753,58,1730
3_2577048_2577091_1,37.25428,-76.65705,59,1776
3_2577048_2577091_1,37.25439,-76.65667,60,1812
3_2577048_2577091_1,37.25448,-76.65635,61,1842
3_2577048_2577091_1,37.25462,-76.65576,62,1897
3_2577048_2577091_1,37.25471,-76.65529,63,1939
3_2577048_2577091_1,37.25475,-76.65507,64,1959
3_2577048_2577091_1,37.25481,-76.65471,65,1992
3_2577048_2577091_1,37.25503,-76.6531,66,2137
3_2577048_2577091_1,37.25506,-76.65288,67,2157
3_2577048_2577091_1,37.25531,-76.65107,68,2320
3_2577048_2577091_1,37.25541,-76.65032,69,2387
3_2577048_2577091_1,37.25548,-76.64982,70,2432
3_2577048_2577091_1,37.25553,-76.64952,71,2459
3_2577048_2577091_1,37.25557,-76.64927,72,2482
3_2577048_2577091_1,37.25567,-76.6488,73,2525
3_2577048_2577091_1,37.25577,-76.6484,74,2562
3_2577048_2577091_1,37.25591,-76.64794,75,2606
3_2577048_2577091_1,37.25603,-76.64757,76,2641
3_2577048_2577091_1,37.25614,-76.64728,77,2670
3_2577048_2577091_1,37.2563,-76.64687,78,2710
3_2577048_2577091_1,37.25644,-76.64652,79,2745
3_2577048_2577091_1,37.25668,-76.64603,80,2796
3_2577048_2577091_1,37.25724,-76.6451,81,2899
3_2577048_2577091_1,37.2575,-76.64479,82,2939
3_2577048_2577091_1,37.25777,-76.64444,83,2982
3_2577048_2577091_1,37.25798,-76.64419,84,3014
3_2577048_2577091_1,37.25816,-76.64399,85,3041
3_2577048_2577091_1,37.25841,-76.64375,86,3076
3_2577048_2577091_1,37.25853,-76.64363,87,3093
3_2577048_2577091_1,37.25876,-76.64343,88,3124
3_2577048_2577091_1,37.25909,-76.64316,89,3168
3_2577048_2577091_1,37.25936,-76.64295,90,3203
3_2577048_2577091_1,37.25965,-76.64276,91,3240
3_2577048_2577091_1,37.25996,-76.64257,92,3278
3_2577048_2577091_1,37.26026,-76.6424,93,3314
3_2577048_2577091_1,37.26035,-76.64235,94,3325
3_2577048_2577091_1,37.26096,-76.64206,95,3398
3_2577048_2577091_1,37.26125,-76.64193,96,3432
3_2577048_2577091_1,37.26138,-76.64187,97,3447
3_2577048_2577091_1,37.2617,-76.64171,98,3486
3_2577048_2577091_1,37.26194,-76.6415,99,3518
3_2577048_2577091_1,37.26197,-76.64147,100,3522
3_2577048_2577091_1,37.262,-76.64143,101,3527
3_2577048_2577091_1,37.26203,-76.64137,102,3534
3_2577048_2577091_1,37.26205,-76.64132,103,3538
3_2577048_2577091_1,37.26205,-76.64125,104,3545
3_2577048_2577091_1,37.26205,-76.64118,105,3551
3_2577048_2577091_1,37.26203,-76.64111,106,3557
3_2577048_2577091_1,37.26201,-76.64105,107,3563
3_2577048_2577091_1,37.26197,-76.641,108,3570
3_2577048_2577091_1,37.26192,-76.64095,109,3577
3_2577048_2577091_1,37.26186,-76.64092,110,3584
3_2577048_2577091_1,37.26174,-76.64091,111,3597
3_2577048_2577091_1,37.26164,-76.64091,112,3608
3_2577048_2577091_1,37.26148,-76.64087,113,3626
3_2577048_2577091_1,37.26139,-76.64085,114,3637
3_2577048_2577091_1,37.26127,-76.64081,115,3650
3_2577048_2577091_1,37.26117,-76.64075,116,3663
3_2577048_2577091_1,37.26106,-76.64069,117,3676
3_2577048_2577091_1,37.26096,-76.64063,118,3688
3_2577048_2577091_1,37.26082,-76.64056,119,3705
3_2577048_2577091_1,37.26071,-76.64052,120,3718
3_2577048_2577091_1,37.2606,-76.64048,121,3730
3_2577048_2577091_1,37.2605,-76.64045,122,3742
3_2577048_2577091_1,37.26039,-76.64042,123,3754
3_2577048_2577091_1,37.26017,-76.64038,124,3779
3_2577048_2577091_1,37.26006,-76.64036,125,3791
3_2577048_2577091_1,37.25994,-76.64033,126,3805
3_2577048_2577091_1,37.25983,-76.64028,127,3818
3_2577048_2577091_1,37.25956,-76.64009,128,3852
3_2577048_2577091_1,37.25949,-76.64002,129,3862
3_2577048_2577091_1,37.25939,-76.63992,130,3876
3_2577048_2577091_1,37.25929,-76.6398,131,3892
3_2577048_2577091_1,37.25919,-76.63965,132,3909
3_2577048_2577091_1,37.25913,-76.63977,133,3922
3_2577048_2577091_1,37.25905,-76.63983,134,3932
3_2577048_2577091_1,37.25895,-76.63988,135,3944
3_2577048_2577091_1,37.25855,-76.64003,136,3990
3_2577048_2577091_1,37.25844,-76.64007,137,4003
3_2577048_2577091_1,37.25794,-76.64025,138,4061
3_2577048_2577091_1,37.25793,-76.64025,139,4062
3_2577048_2577091_1,37.25782,-76.64029,140,4075
3_2577048_2577091_1,37.25777,-76.64031,141,4080
3_2577048_2577091_1,37.25771,-76.64031,142,4087
3_2577048_2577091_1,37.25762,-76.64029,143,4097
3_2577048_2577091_1,37.25755,-76.64026,144,4105
3_2577048_2577091_1,37.25752,-76.64024,145,4109
3_2577048_2577091_1,37.2575,-76.64022,146,4112
3_2577048_2577091_1,37.25744,-76.64017,147,4120
3_2577048_2577091_1,37.25737,-76.64007,148,4132
3_2577048_2577091_1,37.25731,-76.63997,149,4143
3_2577048_2577091_1,37.25727,-76.6399,150,4151
3_2577048_2577091_1,37.25694,-76.63932,151,4214
3_2577048_2577091_1,37.25693,-76.6392,152,4224
3_2577048_2577091_1,37.257,-76.63912,153,4235
3_2577048_2577091_1,37.25709,-76.63903,154,4248
3_2577048_2577091_1,37.25711,-76.63902,155,4250
3_2577048_2577091_1,37.25721,-76.63895,156,4263
3_2577048_2577091_1,37.25735,-76.63886,157,4280
3_2577048_2577091_1,37.25741,-76.63883,158,4287
3_2577048_2577091_1,37.25748,-76.63879,159,4296
3_2577048_2577091_1,37.25762,-76.63874,160,4312
3_2577048_2577091_1,37.25765,-76.63899,161,4335
3_2577048_2577091_1,37.25776,-76.63948,162,4380
3_2577048_2577091_1,37.2578,-76.63963,163,4394
3_2577048_2577091_1,37.25791,-76.64013,164,4440
3_2577048_2577091_1,37.25827,-76.63998,165,4482
3_2577048_2577091_1,37.25841,-76.63993,166,4498
3_2577048_2577091_1,37.25891,-76.63976,167,4555
3_2577048_2577091_1,37.25901,-76.63972,168,4567
3_2577048_2577091_1,37.25909,-76.63966,169,4577
3_2577048_2577091_1,37.25919,-76.63965,170,4589
3_2577048_2577091_1,37.25926,-76.63957,171,4599
3_2577048_2577091_1,37.25944,-76.63979,172,4627
3_2577048_2577091_1,37.25953,-76.63988,173,4640
3_2577048_2577091_1,37.25962,-76.63996,174,4652
3_2577048_2577091_1,37.25971,-76.64003,175,4664
3_2577048_2577091_1,37.25981,-76.64009,176,4676
3_2577048_2577091_1,37.25991,-76.64014,177,4688
3_2577048_2577091_1,37.26002,-76.64018,178,4701
3_2577048_2577091_1,37.26013,-76.64021,179,4713
3_2577048_2577091_1,37.26044,-76.64029,180,4748
3_2577048_2577091_1,37.26054,-76.64031,181,4760
3_2577048_2577091_1,37.26065,-76.64035,182,4772
3_2577048_2577091_1,37.26076,-76.64038,183,4785
3_2577048_2577091_1,37.26086,-76.64043,184,4797
3_2577048_2577091_1,37.26096,-76.64047,185,4808
3_2577048_2577091_1,37.26105,-76.64052,186,4819
3_2577048_2577091_1,37.26114,-76.64057,187,4830
3_2577048_2577091_1,37.26122,-76.64063,188,4841
3_2577048_2577091_1,37.26132,-76.64068,189,4853
3_2577048_2577091_1,37.26141,-76.64071,190,4863
3_2577048_2577091_1,37.26151,-76.64073,191,4874
3_2577048_2577091_1,37.26161,-76.64075,192,4885
3_2577048_2577091_1,37.2617,-76.64075,193,4895
3_2577048_2577091_1,37.2618,-76.64073,194,4907
3_2577048_2577091_1,37.26191,-76.64071,195,4919
3_2577048_2577091_1,37.262,-76.64069,196,4929
3_2577048_2577091_1,37.26205,-76.64069,197,4935
3_2577048_2577091_1,37.2621,-76.6407,198,4940
3_2577048_2577091_1,37.26215,-76.64071,199,4946
3_2577048_2577091_1,37.2622,-76.64073,200,4952
3_2577048_2577091_1,37.26225,-76.64075,201,4958
3_2577048_2577091_1,37.2623,-76.64078,202,4964
3_2577048_2577091_1,37.26235,-76.64081,203,4970
3_2577048_2577091_1,37.26239,-76.64085,204,4976
3_2577048_2577091_1,37.26243,-76.64089,205,4981
3_2577048_2577091_1,37.26247,-76.64094,206,4988
3_2577048_2577091_1,37.2625,-76.64099,207,4993
3_2577048_2577091_1,37.26252,-76.64103,208,4997
3_2577048_2577091_1,37.26255,-76.64111,209,5005
3_2577048_2577091_1,37.26257,-76.64115,210,5009
3_2577048_2577091_1,37.26261,-76.64128,211,5022
3_2577048_2577091_1,37.26267,-76.64147,212,5040
3_2577048_2577091_1,37.26259,-76.64151,213,5049
3_2577048_2577091_1,37.26241,-76.64161,214,5071
3_2577048_2577091_1,37.26177,-76.64194,215,5148
3_2577048_2577091_1,37.2618,-76.64209,216,5162
3_2577048_2577091_1,37.26188,-76.64236,217,5187
3_2577048_2577091_1,37.26191,-76.64255,218,5204
3_2577048_2577091_1,37.26193,-76.64274,219,5221
3_2577048_2577091_1,37.26193,-76.64293,220,5238
3_2577048_2577091_1,37.26192,-76.64311,221,5254
3_2577048_2577091_1,37.2619,-76.6432,222,5263
3_2577048_2577091_1,37.26189,-76.64328,223,5270
3_2577048_2577091_1,37.26185,-76.64346,224,5286
3_2577048_2577091_1,37.26179,-76.64362,225,5302
3_2577048_2577091_1,37.26173,-76.64374,226,5315
3_2577048_2577091_1,37.26165,-76.64388,227,5330
3_2577048_2577091_1,37.26156,-76.64401,228,5345
3_2577048_2577091_1,37.26132,-76.64427,229,5380
3_2577048_2577091_1,37.26122,-76.64439,230,5396
3_2577048_2577091_1,37.26112,-76.64455,231,5414
3_2577048_2577091_1,37.26104,-76.6447,232,5430
3_2577048_2577091_1,37.26098,-76.64486,233,5445
3_2577048_2577091_1,37.26092,-76.64502,234,5461
3_2577048_2577091_1,37.26089,-76.64519,235,5477
3_2577048_2577091_1,37.26087,-76.64535,236,5491
3_2577048_2577091_1,37.26086,-76.64551,237,5505
3_2577048_2577091_1,37.26086,-76.64559,238,5512
3_2577048_2577091_1,37.26087,-76.64575,239,5526
3_2577048_2577091_1,37.26091,-76.64607,240,5555
3_2577048_2577091_1,37.26097,-76.64638,241,5583
3_2577048_2577091_1,37.26105,-76.64674,242,5617
3_2577048_2577091_1,37.26112,-76.64709,243,5649
3_2577048_2577091_1,37.26113,-76.64712,244,5651
3_2577048_2577091_1,37.26116,-76.64726,245,5664
3_2577048_2577091_1,37.26119,-76.64743,246,5680
3_2577048_2577091_1,37.26123,-76.64763,247,5698
3_2577048_2577091_1,37.26097,-76.64812,248,5750
3_2577048_2577091_1,37.26087,-76.64831,249,5770
3_2577048_2577091_1,37.2608,-76.64845,250,5785
3_2577048_2577091_1,37.2607,-76.64864,251,5805
3_2577048_2577091_1,37.26069,-76.64865,252,5807
3_2577048_2577091_1,37.2606,-76.64889,253,5830
3_2577048_2577091_1,37.26058,-76.64898,254,5838
3_2577048_2577091_1,37.26057,-76.64906,255,5846
3_2577048_2577091_1,37.26056,-76.64916,256,5855
3_2577048_2577091_1,37.26056,-76.64928,257,5865
3_2577048_2577091_1,37.26057,-76.64946,258,5881
3_2577048_2577091_1,37.26062,-76.64979,259,5911
3_2577048_2577091_1,37.26068,-76.64998,260,5929
3_2577048_2577091_1,37.26079,-76.65034,261,5963
3_2577048_2577091_1,37.26082,-76.65044,262,5973
3_2577048_2577091_1,37.26093,-76.65086,263,6012
3_2577048_2577091_1,37.26098,-76.65112,264,6036
3_2577048_2577091_1,37.261,-76.65152,265,6071
3_2577048_2577091_1,37.26098,-76.65179,266,6095
3_2577048_2577091_1,37.26095,-76.652,267,6114
3_2577048_2577091_1,37.26093,-76.65213,268,6126
3_2577048_2577091_1,37.26087,-76.65233,269,6145
3_2577048_2577091_1,37.26081,-76.65252,270,6163
3_2577048_2577091_1,37.26056,-76.65328,271,6236
3_2577048_2577091_1,37.26051,-76.6535,272,6256
3_2577048_2577091_1,37.26047,-76.65371,273,6275
3_2577048_2577091_1,37.26044,-76.65389,274,6292
3_2577048_2577091_1,37.26042,-76.65412,275,6312
3_2577048_2577091_1,37.26041,-76.6543,276,6328
3_2577048_2577091_1,37.26041,-76.65448,277,6344
3_2577048_2577091_1,37.26041,-76.65454,278,6350
3_2577048_2577091_1,37.26043,-76.65478,279,6371
3_2577048_2577091_1,37.26046,-76.65503,280,6393
3_2577048_2577091_1,37.2605,-76.65527,281,6415
3_2577048_2577091_1,37.26059,-76.65561,282,6447
3_2577048_2577091_1,37.26064,-76.65578,283,6463
3_2577048_2577091_1,37.26072,-76.65601,284,6485
3_2577048_2577091_1,37.26077,-76.65616,285,6500
3_2577048_2577091_1,37.26103,-76.65686,286,6568
3_2577048_2577091_1,37.26107,-76.65704,287,6585
3_2577048_2577091_1,37.26109,-76.65718,288,6597
3_2577048_2577091_1,37.2611,-76.65736,289,6613
3_2577048_2577091_1,37.2611,-76.6575,290,6626
3_2577048_2577091_1,37.26109,-76.65767,291,6641
3_2577048_2577091_1,37.26106,-76.65787,292,6659
3_2577048_2577091_1,37.26101,-76.65803,293,6674
3_2577048_2577091_1,37.26094,-76.65821,294,6692
3_2577048_2577091_1,37.26087,-76.65836,295,6707
3_2577048_2577091_1,37.2608,-76.65847,296,6720
3_2577048_2577091_1,37.26071,-76.65859,297,6734
3_2577048_2577091_1,37.26061,-76.65871,298,6750
3_2577048_2577091_1,37.26048,-76.65882,299,6767
3_2577048_2577091_1,37.25974,-76.65933,300,6861
3_2577048_2577091_1,37.25965,-76.65937,301,6871
3_2577048_2577091_1,37.25964,-76.65938,302,6873
3_2577048_2577091_1,37.25957,-76.6594,303,6881
3_2577048_2577091_1,37.25953,-76.65941,304,6885
3_2577048_2577091_1,37.25948,-76.65942,305,6891
3_2577048_2577091_1,37.25927,-76.65946,306,6915
3_2577048_2577091_1,37.25926,-76.65965,307,6931
3_2577048_2577091_1,37.25925,-76.65988,308,6952
3_2577048_2577091_1,37.25924,-76.66004,309,6966
3_2577048_2577091_1,37.25923,-76.66012,310,6973
3_2577048_2577091_1,37.25918,-76.66061,311,7017
3_2577048_2577091_1,37.25918,-76.66077,312,7031
3_2577048_2577091_1,37.25918,-76.66092,313,7045
3_2577048_2577091_1,37.2592,-76.66108,314,7059
3_2577048_2577091_1,37.25926,-76.66137,315,7086
3_2577048_2577091_1,37.25932,-76.66156,316,7104
3_2577048_2577091_1,37.25938,-76.66171,317,7119
3_2577048_2577091_1,37.25974,-76.66273,318,7217
3_2577048_2577091_1,37.25978,-76.66287,319,7231
3_2577048_2577091_1,37.2598,-76.66292,320,7236
3_2577048_2577091_1,37.25989,-76.66316,321,7259
3_2577048_2577091_1,37.25993,-76.66326,322,7269
3_2577048_2577091_1,37.26002,-76.66347,323,7290
3_2577048_2577091_1,37.26014,-76.66369,324,7314
3_2577048_2577091_1,37.26025,-76.66384,325,7332
3_2577048_2577091_1,37.26037,-76.66399,326,7351
3_2577048_2577091_1,37.26049,-76.66413,327,7369
3_2577048_2577091_1,37.26055,-76.66417,328,7376
3_2577048_2577091_1,37.26066,-76.66426,329,7391
3_2577048_2577091_1,37.2607,-76.66429,330,7396
3_2577048_2577091_1,37.26077,-76.66434,331,7405
3_2577048_2577091_1,37.26091,-76.66442,332,7422
3_2577048_2577091_1,37.26102,-76.66446,333,7435
3_2577048_2577091_1,37.26103,-76.66447,334,7436
3_2577048_2577091_1,37.26134,-76.66457,335,7472
3_2577048_2577091_1,37.26167,-76.66467,336,7510
3_2577048_2577091_1,37.26185,-76.66473,337,7530
3_2577048_2577091_1,37.26194,-76.66476,338,7541
3_2577048_2577091_1,37.26231,-76.6649,339,7583
3_2577048_2577091_1,37.26242,-76.66494,340,7596
3_2577048_2577091_1,37.26315,-76.66527,341,7682
3_2577048_2577091_1,37.26317,-76.66527,342,7685
3_2577048_2577091_1,37.26358,-76.66546,343,7733
3_2577048_2577091_1,37.26374,-76.66555,344,7752
3_2577048_2577091_1,37.26389,-76.66566,345,7772
3_2577048_2577091_1,37.26403,-76.66579,346,7791
3_2577048_2577091_1,37.26406,-76.66582,347,7795
3_2577048_2577091_1,37.2642,-76.66597,348,7816
3_2577048_2577091_1,37.26434,-76.66615,349,7838
3_2577048_2577091_1,37.26463,-76.66651,350,7883
3_2577048_2577091_1,37.26492,-76.66689,351,7930
3_2577048_2577091_1,37.26507,-76.66711,352,7956
3_2577048_2577091_1,37.26511,-76.66716,353,7962
3_2577048_2577091_1,37.26511,-76.66717,354,7963
3_2577048_2577091_1,37.26521,-76.66734,355,7982
3_2577048_2577091_1,37.26524,-76.66739,356,7987
3_2577048_2577091_1,37.26528,-76.66747,357,7996
3_2577048_2577091_1,37.26534,-76.66759,358,8008
3_2577048_2577091_1,37.26551,-76.66795,359,8045
3_2577048_2577091_1,37.26553,-76.668,360,8050
3_2577048_2577091_1,37.26575,-76.66851,361,8102
3_2577048_2577091_1,37.26581,-76.66865,362,8116
3_2577048_2577091_1,37.26587,-76.6688,363,8130
3_2577048_2577091_1,37.26598,-76.6691,364,8160
3_2577048_2577091_1,37.26603,-76.66927,365,8176
3_2577048_2577091_1,37.2661,-76.66957,366,8204
3_2577048_2577091_1,37.26613,-76.6698,367,8224
3_2577048_2577091_1,37.26614,-76.66987,368,8231
3_2577048_2577091_1,37.26614,-76.66994,369,8237
3_2577048_2577091_1,37.26615,-76.66998,370,8240
3_2577048_2577091_1,37.26615,-76.67016,371,8256
3_2577048_2577091_1,37.26615,-76.67043,372,8280
3_2577048_2577091_1,37.26615,-76.67054,373,8290
3_2577048_2577091_1,37.26615,-76.67065,374,8300
3_2577048_2577091_1,37.26614,-76.67068,375,8303
3_2577048_2577091_1,37.26614,-76.67069,376,8304
3_2577048_2577091_1,37.26612,-76.67095,377,8327
3_2577048_2577091_1,37.26599,-76.67204,378,8425
3_2577048_2577091_1,37.26597,-76.67226,379,8444
3_2577048_2577091_1,37.26594,-76.67261,380,8475
3_2577048_2577091_1,37.26589,-76.67407,381,8605
3_2577048_2577091_1,37.26585,-76.6752,382,8705
3_2577048_2577091_1,37.26606,-76.67534,383,8732
3_2577048_2577091_1,37.26679,-76.67583,384,8824
3_2577048_2577091_1,37.26687,-76.67588,385,8834
3_2577048_2577091_1,37.26722,-76.67613,386,8878
3_2577048_2577091_1,37.26727,-76.67616,387,8884
3_2577048_2577091_1,37.26753,-76.67634,388,8917
3_2577048_2577091_1,37.26755,-76.67636,389,8920
3_2577048_2577091_1,37.2678,-76.67653,390,8952
3_2577048_2577091_1,37.26799,-76.67667,391,8976
3_2577048_2577091_1,37.26818,-76.67679,392,9000
3_2577048_2577091_1,37.26835,-76.67691,393,9022
3_2577048_2577091_1,37.26838,-76.67694,394,9026
3_2577048_2577091_1,37.26885,-76.67727,395,9086
3_2577048_2577091_1,37.26907,-76.67742,396,9113
3_2577048_2577091_1,37.26938,-76.67756,397,9150
3_2577048_2577091_1,37.26969,-76.67777,398,9189
3_2577048_2577091_1,37.26993,-76.67792,399,9219
3_2577048_2577091_1,37.27027,-76.67814,400,9261
3_2577048_2577091_1,37.27028,-76.67815,401,9263
3_2577048_2577091_1,37.27043,-76.67824,402,9281
3_2577048_2577091_1,37.27053,-76.67831,403,9294
3_2577048_2577091_1,37.27075,-76.67847,404,9322
3_2577048_2577091_1,37.27076,-76.67848,405,9324
3_2577048_2577091_1,37.271,-76.67868,406,9356
3_2577048_2577091_1,37.27112,-76.67878,407,9372
3_2577048_2577091_1,37.27133,-76.679,408,9402
3_2577048_2577091_1,37.27149,-76.67916,409,9425
3_2577048_2577091_1,37.27162,-76.67933,410,9446
3_2577048_2577091_1,37.27174,-76.67948,411,9464
3_2577048_2577091_1,37.27181,-76.67958,412,9476
3_2577048_2577091_1,37.27187,-76.67965,413,9485
3_2577048_2577091_1,37.27193,-76.67972,414,9494
3_2577048_2577091_1,37.27207,-76.67994,415,9519
3_2577048_2577091_1,37.27221,-76.68017,416,9545
3_2577048_2577091_1,37.27226,-76.68025,417,9554
3_2577048_2577091_1,37.27229,-76.6803,418,9560
3_2577048_2577091_1,37.27247,-76.68062,419,9594
3_2577048_2577091_1,37.27275,-76.68114,420,9650
3_2577048_2577091_1,37.27279,-76.68125,421,9661
3_2577048_2577091_1,37.27298,-76.6817,422,9706
3_2577048_2577091_1,37.27305,-76.68186,423,9722
3_2577048_2577091_1,37.27309,-76.68194,424,9730
3_2577048_2577091_1,37.27327,-76.68237,425,9773
3_2577048_2577091_1,37.27335,-76.68259,426,9795
3_2577048_2577091_1,37.27344,-76.68284,427,9819
3_2577048_2577091_1,37.27347,-76.68293,428,9828
3_2577048_2577091_1,37.27348,-76.68296,429,9831
3_2577048_2577091_1,37.2735,-76.683,430,9835
3_2577048_2577091_1,37.27355,-76.68316,431,9850
3_2577048_2577091_1,37.27356,-76.6832,432,9854
3_2577048_2577091_1,37.27357,-76.68323,433,9857
3_2577048_2577091_1,37.27364,-76.68347,434,9879
3_2577048_2577091_1,37.2737,-76.6837,435,9901
3_2577048_2577091_1,37.27372,-76.68377,436,9907
3_2577048_2577091_1,37.27378,-76.68402,437,9931
3_2577048_2577091_1,37.2738,-76.68408,438,9936
3_2577048_2577091_1,37.27381,-76.68413,439,9941
3_2577048_2577091_1,37.27385,-76.68435,440,9961
3_2577048_2577091_1,37.27386,-76.68438,441,9964
3_2577048_2577091_1,37.27389,-76.68455,442,9979
3_2577048_2577091_1,37.2739,-76.6846,443,9984
3_2577048_2577091_1,37.27392,-76.68474,444,9996
3_2577048_2577091_1,37.27398,-76.68503,445,10023
3_2577048_2577091_1,37.27399,-76.6851,446,10029
3_2577048_2577091_1,37.27407,-76.68552,447,10068
3_2577048_2577091_1,37.27408,-76.68556,448,10071
3_2577048_2577091_1,37.27417,-76.68608,449,10118
3_2577048_2577091_1,37.27398,-76.68614,450,10140
3_2577048_2577091_1,37.27367,-76.68623,451,10176
3_2577048_2577091_1,37.27347,-76.68629,452,10198
3_2577048_2577091_1,37.27311,-76.68639,453,10239
3_2577048_2577091_1,37.27328,-76.68735,454,10326
3_2577048_2577091_1,37.27334,-76.68765,455,10354
3_2577048_2577091_1,37.27335,-76.68774,456,10362
3_2577048_2577091_1,37.27338,-76.68787,457,10374
3_2577048_2577091_1,37.27345,-76.68833,458,10415
3_2577048_2577091_1,37.27346,-76.68834,459,10417
3_2577048_2577091_1,37.27346,-76.68839,460,10421
3_2577048_2577091_1,37.27351,-76.6887,461,10449
3_2577048_2577091_1,37.27354,-76.68884,462,10462
3_2577048_2577091_1,37.2736,-76.68925,463,10499
3_2577048_2577091_1,37.2737,-76.68927,464,10510
3_2577048_2577091_1,37.27406,-76.68934,465,10551
3_2577048_2577091_1,37.27443,-76.68936,466,10592
3_2577048_2577091_1,37.27448,-76.68937,467,10598
3_2577048_2577091_1,37.27452,-76.68936,468,10602
3_2577048_2577091_1,37.27456,-76.68935,469,10607
3_2577048_2577091_1,37.27459,-76.68933,470,10610
3_2577048_2577091_1,37.27461,-76.6893,471,10614
3_2577048_2577091_1,37.27463,-76.68927,472,10617
3_2577048_2577091_1,37.27465,-76.68923,473,10622
3_2577048_2577091_1,37.27466,-76.68918,474,10626
3_2577048_2577091_1,37.27466,-76.68914,475,10630
3_2577048_2577091_1,37.27466,-76.68911,476,10632
3_2577048_2577091_1,37.27463,-76.68897,477,10645
3_2577048_2577091_1,37.27463,-76.68892,478,10650
3_2577048_2577091_1,37.27463,-76.68865,479,10674
3_2577048_2577091_1,37.27462,-76.68861,480,10677
3_2577048_2577091_1,37.27454,-76.68815,481,10719
3_2577048_2577091_1,37.27449,-76.68787,482,10744
3_2577048_2577091_1,37.27444,-76.68756,483,10772
3_2577048_2577091_1,37.2744,-76.68736,484,10791
3_2577048_2577091_1,37.27435,-76.68704,485,10820
3_2577048_2577091_1,37.27428,-76.68668,486,10853
3_2577048_2577091_1,37.27425,-76.68653,487,10866
3_2577048_2577091_1,37.27424,-76.68647,488,10872
3_2577048_2577091_1,37.27417,-76.68608,489,10907
3_2577048_2577091_1,37.27408,-76.68556,490,10954
3_2577048_2577091_1,37.27407,-76.68552,491,10958
3_2577048_2577091_1,37.27399,-76.6851,492,10996
3_2577048_2577091_1,37.27398,-76.68503,493,11003
3_2577048_2577091_1,37.27392,-76.68474,494,11029
3_2577048_2577091_1,37.2739,-76.6846,495,11042
3_2577048_2577091_1,37.27389,-76.68455,496,11046
3_2577048_2577091_1,37.27386,-76.68438,497,11062
3_2577048_2577091_1,37.27385,-76.68435,498,11065
3_2577048_2577091_1,37.27381,-76.68413,499,11085
3_2577048_2577091_1,37.2738,-76.68408,500,11089
3_2577048_2577091_1,37.27378,-76.68402,501,11095
3_2577048_2577091_1,37.27372,-76.68377,502,11118
3_2577048_2577091_1,37.2737,-76.6837,503,11125
3_2577048_2577091_1,37.27364,-76.68347,504,11146
3_2577048_2577091_1,37.27357,-76.68323,505,11169
3_2577048_2577091_1,37.27356,-76.6832,506,11172
3_2577048_2577091_1,37.27355,-76.68316,507,11176
3_2577048_2577091_1,37.2735,-76.683,508,11191
3_2577048_2577091_1,37.27348,-76.68296,509,11195
3_2577048_2577091_1,37.27347,-76.68293,510,11198
3_2577048_2577091_1,37.27344,-76.68284,511,11206
3_2577048_2577091_1,37.27335,-76.68259,512,11231
3_2577048_2577091_1,37.27327,-76.68237,513,11252
3_2577048_2577091_1,37.27309,-76.68194,514,11295
3_2577048_2577091_1,37.27305,-76.68186,515,11304
3_2577048_2577091_1,37.27298,-76.6817,516,11320
3_2577048_2577091_1,37.27277,-76.68136,517,11358
3_2577048_2577091_1,37.27265,-76.68114,518,11382
3_2577048_2577091_1,37.27252,-76.6809,519,11407
3_2577048_2577091_1,37.2722,-76.68038,520,11465
3_2577048_2577091_1,37.27209,-76.6802,521,11486
3_2577048_2577091_1,37.27191,-76.67994,522,11516
3_2577048_2577091_1,37.27174,-76.67972,523,11543
3_2577048_2577091_1,37.27181,-76.67958,524,11558
3_2577048_2577091_1,37.27195,-76.67943,525,11578
3_2577048_2577091_1,37.27207,-76.67932,526,11595
3_2577048_2577091_1,37.2722,-76.67926,527,11610
3_2577048_2577091_1,37.27232,-76.67923,528,11624
3_2577048_2577091_1,37.2724,-76.67922,529,11633
3_2577048_2577091_1,37.2725,-76.67923,530,11644
3_2577048_2577091_1,37.27255,-76.67925,531,11650
3_2577048_2577091_1,37.27264,-76.67933,532,11662
3_2577048_2577091_1,37.27278,-76.67939,533,11678
3_2577048_2577091_1,37.27307,-76.67953,534,11713
3_2577048_2577091_1,37.27337,-76.67966,535,11748
3_2577048_2577091_1,37.27345,-76.67969,536,11757
3_2577048_2577091_1,37.27391,-76.67992,537,11812
3_2577048_2577091_1,37.27428,-76.6801,538,11856
3_2577048_2577091_1,37.27469,-76.68027,539,11904
3_2577048_2577091_1,37.27611,-76.68095,540,12073
3_2577048_2577091_1,37.27626,-76.68102,541,12091
3_2577048_2577091_1,37.27632,-76.68105,542,12098
3_2577048_2577091_1,37.27671,-76.68123,543,12144
3_2577048_2577091_1,37.27687,-76.6813,544,12163
3_2577048_2577091_1,37.27702,-76.68137,545,12181
3_2577048_2577091_1,37.2772,-76.68146,546,12202
3_2577048_2577091_1,37.27737,-76.68154,547,12222
3_2577048_2577091_1,37.27834,-76.68199,548,12337
3_2577048_2577091_1,37.27863,-76.68213,549,12372
3_2577048_2577091_1,37.27901,-76.68231,550,12417
3_2577048_2577091_1,37.27912,-76.68236,551,12430
3_2577048_2577091_1,37.2794,-76.68249,552,12463
3_2577048_2577091_1,37.28005,-76.68281,553,12540
3_2577048_2577091_1,37.28016,-76.68286,554,12553
3_2577048_2577091_1,37.28108,-76.6833,555,12663
3_2577048_2577091_1,37.28119,-76.68335,556,12676
3_2577048_2577091_1,37.28191,-76.6837,557,12761
3_2577048_2577091_1,37.28279,-76.68413,558,12866
3_2577048_2577091_1,37.28322,-76.68433,559,12917
3_2577048_2577091_1,37.28329,-76.68437,560,12926
3_2577048_2577091_1,37.28347,-76.68445,561,12947
3_2577048_2577091_1,37.28376,-76.68459,562,12981
3_2577048_2577091_1,37.28477,-76.68506,563,13101
3_2577048_2577091_1,37.28516,-76.68522,564,13146
3_2577048_2577091_1,37.28561,-76.68544,565,13200
3_2577048_2577091_1,37.2858,-76.68553,566,13223
3_2577048_2577091_1,37.28596,-76.68561,567,13242
3_2577048_2577091_1,37.28607,-76.68567,568,13255
3_2577048_2577091_1,37.28616,-76.68572,569,13266
3_2577048_2577091_1,37.28624,-76.68577,570,13276
3_2577048_2577091_1,37.28633,-76.68584,571,13288
3_2577048_2577091_1,37.28646,-76.68597,572,13306
3_2577048_2577091_1,37.28646,-76.68598,573,13307
3_2577048_2577091_1,37.28654,-76.68611,574,13322
3_2577048_2577091_1,37.28662,-76.68626,575,13337
3_2577048_2577091_1,37.28667,-76.68639,576,13350
3_2577048_2577091_1,37.2867,-76.6865,577,13361
3_2577048_2577091_1,37.28673,-76.68661,578,13371
3_2577048_2577091_1,37.28666,-76.68663,579,13379
3_2577048_2577091_1,37.28603,-76.68688,580,13452
3_2577048_2577091_1,37.28591,-76.68694,581,13467
3_2577048_2577091_1,37.28589,-76.68694,582,13469
3_2577048_2577091_1,37.2856,-76.68706,583,13503
3_2577048_2577091_1,37.2852,-76.68716,584,13548
3_2577048_2577091_1,37.28432,-76.6875,585,13650
3_2577048_2577091_1,37.28392,-76.68766,586,13697
3_2577048_2577091_1,37.28361,-76.68778,587,13733
3_2577048_2577091_1,37.28356,-76.6878,588,13739
3_2577048_2577091_1,37.28329,-76.6879,589,13770
3_2577048_2577091_1,37.28294,-76.68804,590,13811
3_2577048_2577091_1,37.28253,-76.6882,591,13858
3_2577048_2577091_1,37.2823,-76.68829,592,13885
3_2577048_2577091_1,37.28212,-76.68836,593,13906
3_2577048_2577091_1,37.28185,-76.68847,594,13937
3_2577048_2577091_1,37.28174,-76.68851,595,13950
3_2577048_2577091_1,37.28148,-76.68861,596,13980
3_2577048_2577091_1,37.28132,-76.68867,597,13999
3_2577048_2577091_1,37.28125,-76.6887,598,14007
3_2577048_2577091_1,37.28112,-76.68876,599,14022
3_2577048_2577091_1,37.28109,-76.68877,600,14026
3_2577048_2577091_1,37.28093,-76.68886,601,14045
3_2577048_2577091_1,37.28088,-76.68888,602,14051
3_2577048_2577091_1,37.28081,-76.68891,603,14059
3_2577048_2577091_1,37.28066,-76.68903,604,14079
3_2577048_2577091_1,37.28057,-76.6891,605,14091
3_2577048_2577091_1,37.28046,-76.68919,606,14105
3_2577048_2577091_1,37.28034,-76.6893,607,14122
3_2577048_2577091_1,37.2802,-76.68943,608,14141
3_2577048_2577091_1,37.28009,-76.68952,609,14156
3_2577048_2577091_1,37.27995,-76.68963,610,14174
3_2577048_2577091_1,37.27977,-76.68975,611,14197
3_2577048_2577091_1,37.27972,-76.68978,612,14203
3_2577048_2577091_1,37.27956,-76.68986,613,14222
3_2577048_2577091_1,37.27939,-76.68995,614,14243
3_2577048_2577091_1,37.27922,-76.69001,615,14262
3_2577048_2577091_1,37.27955,-76.69053,616,14321
3_2577048_2577091_1,37.27971,-76.6908,617,14351
3_2577048_2577091_1,37.27991,-76.69097,618,14378
3_2577048_2577091_1,37.28002,-76.69108,619,14393
3_2577048_2577091_1,37.28014,-76.6912,620,14410
3_2577048_2577091_1,37.28033,-76.69143,621,14440
3_2577048_2577091_1,37.28048,-76.69166,622,14466
3_2577048_2577091_1,37.2806,-76.69189,623,14490
3_2577048_2577091_1,37.28078,-76.69224,624,14527
3_2577048_2577091_1,37.28082,-76.69233,625,14537
3_2577048_2577091_1,37.28199,-76.69469,626,14783
3_2577048_2577091_1,37.28229,-76.69534,627,14849
3_2577048_2577091_1,37.28263,-76.69606,628,14924
3_2577048_2577091_1,37.28277,-76.69636,629,14954
3_2577048_2577091_1,37.28289,-76.69661,630,14980
3_2577048_2577091_1,37.28307,-76.69699,631,15019
3_2577048_2577091_1,37.2837,-76.69833,632,15157
3_2577048_2577091_1,37.28381,-76.69861,633,15185
3_2577048_2577091_1,37.28391,-76.69891,634,15214
3_2577048_2577091_1,37.28397,-76.69916,635,15237
3_2577048_2577091_1,37.28401,-76.69933,636,15253
3_2577048_2577091_1,37.28403,-76.69941,637,15260
3_2577048_2577091_1,37.28408,-76.6998,638,15295
3_2577048_2577091_1,37.2841,-76.69999,639,15312
3_2577048_2577091_1,37.28412,-76.70026,640,15336
3_2577048_2577091_1,37.28414,-76.7007,641,15375
3_2577048_2577091_1,37.28414,-76.70084,642,15388
3_2577048_2577091_1,37.28386,-76.70107,643,15425
3_2577048_2577091_1,37.2836,-76.70126,644,15458
3_2577048_2577091_1,37.28324,-76.70149,645,15503
3_2577048_2577091_1,37.28301,-76.70163,646,15531
3_2577048_2577091_1,37.28294,-76.70166,647,15540
3_2577048_2577091_1,37.28275,-76.70171,648,15561
3_2577048_2577091_1,37.28266,-76.70176,649,15572
3_2577048_2577091_1,37.28254,-76.70181,650,15586
3_2577048_2577091_1,37.2824,-76.70187,651,15603
3_2577048_2577091_1,37.28225,-76.70192,652,15620
3_2577048_2577091_1,37.28205,-76.702,653,15643
3_2577048_2577091_1,37.2816,-76.70217,654,15695
3_2577048_2577091_1,37.28097,-76.70236,655,15767
3_2577048_2577091_1,37.28073,-76.70248,656,15796
3_2577048_2577091_1,37.28032,-76.70267,657,15844
3_2577048_2577091_1,37.28021,-76.70273,658,15858
3_2577048_2577091_1,37.28002,-76.70285,659,15881
3_2577048_2577091_1,37.27967,-76.7031,660,15926
3_2577048_2577091_1,37.27919,-76.70353,661,15991
3_2577048_2577091_1,37.27883,-76.70396,662,16047
3_2577048_2577091_1,37.27849,-76.7044,663,16101
3_2577048_2577091_1,37.2781,-76.70497,664,16168
3_2577048_2577091_1,37.27774,-76.70538,665,16222
3_2577048_2577091_1,37.27757,-76.70555,666,16246
3_2577048_2577091_1,37.2775,-76.70561,667,16255
3_2577048_2577091_1,37.27738,-76.70573,668,16272
3_2577048_2577091_1,37.27722,-76.70584,669,16292
3_2577048_2577091_1,37.2772,-76.70585,670,16295
3_2577048_2577091_1,37.27708,-76.70593,671,16310
3_2577048_2577091_1,37.27692,-76.706,672,16329
3_2577048_2577091_1,37.27678,-76.70606,673,16345
3_2577048_2577091_1,37.27663,-76.7061,674,16362
3_2577048_2577091_1,37.27647,-76.70614,675,16380
3_2577048_2577091_1,37.27631,-76.70616,676,16398
3_2577048_2577091_1,37.27611,-76.70618,677,16420
3_2577048_2577091_1,37.27594,-76.70619,678,16439
3_2577048_2577091_1,37.27593,-76.70619,679,16440
3_2577048_2577091_1,37.27589,-76.70619,680,16445
3_2577048_2577091_1,37.27585,-76.70619,681,16449
3_2577048_2577091_1,37.2757,-76.70618,682,16466
3_2577048_2577091_1,37.27559,-76.70617,683,16478
3_2577048_2577091_1,37.27548,-76.70616,684,16490
3_2577048_2577091_1,37.27548,-76.70628,685,16501
3_2577048_2577091_1,37.27546,-76.70669,686,16537
3_2577048_2577091_1,37.27546,-76.70683,687,16550
3_2577048_2577091_1,37.27542,-76.70767,688,16624
3_2577048_2577091_1,37.27543,-76.70773,689,16630
3_2577048_2577091_1,37.27543,-76.7078,690,16636
3_2577048_2577091_1,37.27553,-76.70781,691,16647
3_2577048_2577091_1,37.27563,-76.70781,692,16658
3_2577048_2577091_1,37.27585,-76.70784,693,16683
3_2577048_2577091_1,37.27607,-76.70786,694,16707
3_2577048_2577091_1,37.27623,-76.70798,695,16728
3_2577048_2577091_1,37.27629,-76.70817,696,16746
3_2577091_2577048_1,37.2763185,-76.7082726,0,0
3_2577091_2577048_1,37.27634,-76.70835,1,7
3_2577091_2577048_1,37.2764,-76.70857,2,28
3_2577091_2577048_1,37.27651,-76.70897,3,65
3_2577091_2577048_1,37.27652,-76.709,4,68
3_2577091_2577048_1,37.27655,-76.70911,5,79
3_2577091_2577048_1,37.27637,-76.7091,6,99
3_2577091_2577048_1,37.27629,-76.70909,7,107
3_2577091_2577048_1,37.27617,-76.70908,8,121
3_2577091_2577048_1,37.27607,-76.70908,9,132
3_2577091_2577048_1,37.27563,-76.70904,10,181
3_2577091_2577048_1,37.27556,-76.70903,11,189
3_2577091_2577048_1,37.27556,-76.70896,12,195
3_2577091_2577048_1,37.27555,-76.7089,13,200
3_2577091_2577048_1,37.27553,-76.7087,14,218
3_2577091_2577048_1,37.27549,-76.70842,15,243
3_2577091_2577048_1,37.27546,-76.70819,16,264
3_2577091_2577048_1,37.27543,-76.70792,17,288
3_2577091_2577048_1,37.27543,-76.70788,18,292
3_2577091_2577048_1,37.27543,-76.7078,19,299
3_2577091_2577048_1,37.27543,-76.70773,20,305
3_2577091_2577048_1,37.27542,-76.70767,21,311
3_2577091_2577048_1,37.27546,-76.70683,22,385
3_2577091_2577048_1,37.27548,-76.70628,23,434
3_2577091_2577048_1,37.27548,-76.70616,24,445
3_2577091_2577048_1,37.27559,-76.70617,25,457
3_2577091_2577048_1,37.2757,-76.70618,26,469
3_2577091_2577048_1,37.27585,-76.70619,27,486
3_2577091_2577048_1,37.27589,-76.70619,28,490
3_2577091_2577048_1,37.27593,-76.70619,29,495
3_2577091_2577048_1,37.27594,-76.70619,30,496
3_2577091_2577048_1,37.27611,-76.70618,31,515
3_2577091_2577048_1,37.27631,-76.70616,32,537
3_2577091_2577048_1,37.27647,-76.70614,33,555
3_2577091_2577048_1,37.27663,-76.7061,34,573
3_2577091_2577048_1,37.27678,-76.70606,35,590
3_2577091_2577048_1,37.27692,-76.706,36,606
3_2577091_2577048_1,37.27708,-76.70593,37,625
3_2577091_2577048_1,37.2772,-76.70585,38,640
3_2577091_2577048_1,37.27722,-76.70584,39,643
3_2577091_2577048_1,37.27738,-76.70573,40,663
3_2577091_2577048_1,37.2775,-76.70561,41,680
3_2577091_2577048_1,37.27757,-76.70555,42,689
3_2577091_2577048_1,37.27774,-76.70538,43,714
3_2577091_2577048_1,37.27788,-76.70521,44,735
3_2577091_2577048_1,37.2781,-76.70497,45,768
3_2577091_2577048_1,37.27849,-76.7044,46,834
3_2577091_2577048_1,37.27883,-76.70396,47,888
3_2577091_2577048_1,37.27918,-76.7034,48,951
3_2577091_2577048_1,37.2799,-76.7024,49,1071
3_2577091_2577048_1,37.27998,-76.70218,50,1092
3_2577091_2577048_1,37.27999,-76.70196,51,1112
3_2577091_2577048_1,37.27994,-76.70175,52,1131
3_2577091_2577048_1,37.2795,-76.70119,53,1201
3_2577091_2577048_1,37.27902,-76.70066,54,1272
3_2577091_2577048_1,37.27872,-76.70034,55,1316
3_2577091_2577048_1,37.27835,-76.70003,56,1365
3_2577091_2577048_1,37.2782,-76.6999,57,1385
3_2577091_2577048_1,37.27797,-76.69971,58,1416
3_2577091_2577048_1,37.27781,-76.69958,59,1437
3_2577091_2577048_1,37.2779,-76.6994,60,1456
3_2577091_2577048_1,37.27843,-76.69871,61,1541
3_2577091_2577048_1,37.27859,-76.69853,62,1565
3_2577091_2577048_1,37.27866,-76.69844,63,1576
3_2577091_2577048_1,37.27873,-76.69836,64,1586
3_2577091_2577048_1,37.27901,-76.69803,65,1629
3_2577091_2577048_1,37.27913,-76.69788,66,1648
3_2577091_2577048_1,37.27918,-76.69771,67,1664
3_2577091_2577048_1,37.27916,-76.69763,68,1671
3_2577091_2577048_1,37.27915,-76.69752,69,1681
3_2577091_2577048_1,37.27915,-76.69743,70,1689
3_2577091_2577048_1,37.27918,-76.69736,71,1696
3_2577091_2577048_1,37.27923,-76.69733,72,1702
3_2577091_2577048_1,37.2793,-76.69733,73,1710
3_2577091_2577048_1,37.27935,-76.69739,74,1718
3_2577091_2577048_1,37.27938,-76.69749,75,1727
3_2577091_2577048_1,37.27934,-76.69759,76,1737
3_2577091_2577048_1,37.27929,-76.69763,77,1744
3_2577091_2577048_1,37.27918,-76.69771,78,1758
3_2577091_2577048_1,37.27913,-76.69788,79,1774
3_2577091_2577048_1,37.27901,-76.69803,80,1793
3_2577091_2577048_1,37.27873,-76.69836,81,1835
3_2577091_2577048_1,37.27866,-76.69844,82,1846
3_2577091_2577048_1,37.27859,-76.69853,83,1857
3_2577091_2577048_1,37.27842,-76.69872,84,1882
3_2577091_2577048_1,37.2779,-76.6994,85,1966
3_2577091_2577048_1,37.27831,-76.69975,86,2021
3_2577091_2577048_1,37.27846,-76.69987,87,2041
3_2577091_2577048_1,37.27882,-76.70018,88,2089
3_2577091_2577048_1,37.27972,-76.70118,89,2223
3_2577091_2577048_1,37.28001,-76.70144,90,2262
3_2577091_2577048_1,37.28022,-76.70163,91,2291
3_2577091_2577048_1,37.28053,-76.70178,92,2328
3_2577091_2577048_1,37.28057,-76.7018,93,2333
3_2577091_2577048_1,37.28089,-76.70194,94,2370
3_2577091_2577048_1,37.28105,-76.70198,95,2388
3_2577091_2577048_1,37.28149,-76.70203,96,2437
3_2577091_2577048_1,37.28181,-76.70199,97,2473
3_2577091_2577048_1,37.28225,-76.70192,98,2522
3_2577091_2577048_1,37.2824,-76.70187,99,2540
3_2577091_2577048_1,37.28254,-76.70181,100,2556
3_2577091_2577048_1,37.28266,-76.70176,101,2570
3_2577091_2577048_1,37.28275,-76.70171,102,2581
3_2577091_2577048_1,37.28291,-76.70157,103,2603
3_2577091_2577048_1,37.28356,-76.70113,104,2685
3_2577091_2577048_1,37.2836,-76.7011,105,2690
3_2577091_2577048_1,37.28414,-76.7007,106,2759
3_2577091_2577048_1,37.28412,-76.70026,107,2799
3_2577091_2577048_1,37.2841,-76.69999,108,2823
3_2577091_2577048_1,37.28408,-76.6998,109,2840
3_2577091_2577048_1,37.28403,-76.69941,110,2875
3_2577091_2577048_1,37.28397,-76.69916,111,2898
3_2577091_2577048_1,37.28391,-76.69891,112,2921
3_2577091_2577048_1,37.28381,-76.69861,113,2950
3_2577091_2577048_1,37.2837,-76.69833,114,2977
3_2577091_2577048_1,37.28307,-76.69699,115,3115
3_2577091_2577048_1,37.28289,-76.69661,116,3154
3_2577091_2577048_1,37.28277,-76.69636,117,3180
3_2577091_2577048_1,37.28263,-76.69606,118,3211
3_2577091_2577048_1,37.28229,-76.69534,119,3285
3_2577091_2577048_1,37.28199,-76.69469,120,3352
3_2577091_2577048_1,37.28082,-76.69233,121,3598
3_2577091_2577048_1,37.28078,-76.69224,122,3607
3_2577091_2577048_1,37.2806,-76.69189,123,3644
3_2577091_2577048_1,37.28048,-76.69166,124,3668
3_2577091_2577048_1,37.28033,-76.69143,125,3695
3_2577091_2577048_1,37.28014,-76.6912,126,3724
3_2577091_2577048_1,37.28002,-76.69108,127,3741
3_2577091_2577048_1,37.27991,-76.69097,128,3757
3_2577091_2577048_1,37.27971,-76.6908,129,3784
3_2577091_2577048_1,37.27955,-76.69053,130,3813
3_2577091_2577048_1,37.27922,-76.69001,131,3872
3_2577091_2577048_1,37.27939,-76.68995,132,3892
3_2577091_2577048_1,37.27956,-76.68986,133,3912
3_2577091_2577048_1,37.27972,-76.68978,134,3932
3_2577091_2577048_1,37.27977,-76.68975,135,3938
3_2577091_2577048_1,37.27995,-76.68963,136,3960
3_2577091_2577048_1,37.28009,-76.68952,137,3979
3_2577091_2577048_1,37.2802,-76.68943,138,3993
3_2577091_2577048_1,37.28034,-76.6893,139,4013
3_2577091_2577048_1,37.28046,-76.68919,140,4029
3_2577091_2577048_1,37.28057,-76.6891,141,4044
3_2577091_2577048_1,37.28066,-76.68903,142,4055
3_2577091_2577048_1,37.28081,-76.68891,143,4075
3_2577091_2577048_1,37.28088,-76.68888,144,4083
3_2577091_2577048_1,37.28093,-76.68886,145,4089
3_2577091_2577048_1,37.28109,-76.68877,146,4109
3_2577091_2577048_1,37.28112,-76.68876,147,4112
3_2577091_2577048_1,37.28125,-76.6887,148,4128
3_2577091_2577048_1,37.28132,-76.68867,149,4136
3_2577091_2577048_1,37.28148,-76.68861,150,4154
3_2577091_2577048_1,37.28174,-76.68851,151,4184
3_2577091_2577048_1,37.28185,-76.68847,152,4197
3_2577091_2577048_1,37.28212,-76.68836,153,4229
3_2577091_2577048_1,37.2823,-76.68829,154,4250
3_2577091_2577048_1,37.28253,-76.6882,155,4276
3_2577091_2577048_1,37.28294,-76.68804,156,4324
3_2577091_2577048_1,37.28329,-76.6879,157,4365
3_2577091_2577048_1,37.28356,-76.6878,158,4396
3_2577091_2577048_1,37.28361,-76.68778,159,4402
3_2577091_2577048_1,37.28392,-76.68766,160,4438
3_2577091_2577048_1,37.28432,-76.6875,161,4484
3_2577091_2577048_1,37.28445,-76.68745,162,4500
3_2577091_2577048_1,37.2852,-76.68716,163,4587
3_2577091_2577048_1,37.28539,-76.68704,164,4610
3_2577091_2577048_1,37.28541,-76.68703,165,4613
3_2577091_2577048_1,37.28558,-76.68694,166,4633
3_2577091_2577048_1,37.28583,-76.68681,167,4663
3_2577091_2577048_1,37.28598,-76.68674,168,4681
3_2577091_2577048_1,37.28619,-76.68663,169,4706
3_2577091_2577048_1,37.28656,-76.68643,170,4751
3_2577091_2577048_1,37.28648,-76.68627,171,4768
3_2577091_2577048_1,37.28641,-76.68614,172,4782
3_2577091_2577048_1,37.28631,-76.68601,173,4798
3_2577091_2577048_1,37.28624,-76.68593,174,4808
3_2577091_2577048_1,37.28613,-76.68585,175,4822
3_2577091_2577048_1,37.28605,-76.68579,176,4833
3_2577091_2577048_1,37.28576,-76.68565,177,4867
3_2577091_2577048_1,37.28569,-76.68561,178,4876
3_2577091_2577048_1,37.28536,-76.68542,179,4916
3_2577091_2577048_1,37.28509,-76.68527,180,4949
3_2577091_2577048_1,37.28477,-76.68506,181,4989
3_2577091_2577048_1,37.28376,-76.68459,182,5108
3_2577091_2577048_1,37.28347,-76.68445,183,5143
3_2577091_2577048_1,37.28329,-76.68437,184,5164
3_2577091_2577048_1,37.28322,-76.68433,185,5173
3_2577091_2577048_1,37.28279,-76.68413,186,5223
3_2577091_2577048_1,37.28191,-76.6837,187,5328
3_2577091_2577048_1,37.28119,-76.68335,188,5414
3_2577091_2577048_1,37.28108,-76.6833,189,5427
3_2577091_2577048_1,37.28016,-76.68286,190,5536
3_2577091_2577048_1,37.28005,-76.68281,191,5549
3_2577091_2577048_1,37.27966,-76.68262,192,5596
3_2577091_2577048_1,37.2794,-76.68249,193,5627
3_2577091_2577048_1,37.27912,-76.68236,194,5660
3_2577091_2577048_1,37.27901,-76.68231,195,5673
3_2577091_2577048_1,37.27863,-76.68213,196,5718
3_2577091_2577048_1,37.27834,-76.68199,197,5753
3_2577091_2577048_1,37.27737,-76.68154,198,5867
3_2577091_2577048_1,37.2772,-76.68146,199,5887
3_2577091_2577048_1,37.27702,-76.68137,200,5909
3_2577091_2577048_1,37.27687,-76.6813,201,5927
3_2577091_2577048_1,37.27632,-76.68105,202,5992
3_2577091_2577048_1,37.27626,-76.68102,203,5999
3_2577091_2577048_1,37.27611,-76.68095,204,6017
3_2577091_2577048_1,37.27469,-76.68027,205,6185
3_2577091_2577048_1,37.27428,-76.6801,206,6233
3_2577091_2577048_1,37.27391,-76.67992,207,6277
3_2577091_2577048_1,37.27345,-76.67969,208,6332
3_2577091_2577048_1,37.27337,-76.67966,209,6342
3_2577091_2577048_1,37.27307,-76.67953,210,6377
3_2577091_2577048_1,37.27278,-76.67939,211,6411
3_2577091_2577048_1,37.27264,-76.67933,212,6428
3_2577091_2577048_1,37.27251,-76.67934,213,6442
3_2577091_2577048_1,37.27244,-76.67932,214,6450
3_2577091_2577048_1,37.27235,-76.67931,215,6460
3_2577091_2577048_1,37.27227,-76.67933,216,6469
3_2577091_2577048_1,37.2722,-76.67935,217,6477
3_2577091_2577048_1,37.27214,-76.67938,218,6484
3_2577091_2577048_1,37.27207,-76.67942,219,6493
3_2577091_2577048_1,37.272,-76.67949,220,6503
3_2577091_2577048_1,37.27193,-76.67956,221,6513
3_2577091_2577048_1,37.27187,-76.67965,222,6523
3_2577091_2577048_1,37.27174,-76.67972,223,6539
3_2577091_2577048_1,37.27152,-76.67945,224,6573
3_2577091_2577048_1,37.27128,-76.67919,225,6608
3_2577091_2577048_1,37.27121,-76.67912,226,6618
3_2577091_2577048_1,37.27108,-76.679,227,6636
3_2577091_2577048_1,37.27102,-76.67894,228,6645
3_2577091_2577048_1,37.27075,-76.67869,229,6682
3_2577091_2577048_1,37.27053,-76.67851,230,6711
3_2577091_2577048_1,37.27037,-76.6784,231,6731
3_2577091_2577048_1,37.27015,-76.67824,232,6760
3_2577091_2577048_1,37.27001,-76.67815,233,6777
3_2577091_2577048_1,37.26986,-76.67804,234,6796
3_2577091_2577048_1,37.26933,-76.67768,235,6863
3_2577091_2577048_1,37.26907,-76.67742,236,6900
3_2577091_2577048_1,37.26885,-76.67727,237,6928
3_2577091_2577048_1,37.26838,-76.67694,238,6988
3_2577091_2577048_1,37.26835,-76.67691,239,6992
3_2577091_2577048_1,37.26818,-76.67679,240,7014
3_2577091_2577048_1,37.26799,-76.67667,241,7037
3_2577091_2577048_1,37.2678,-76.67653,242,7062
3_2577091_2577048_1,37.26755,-76.67636,243,7093
3_2577091_2577048_1,37.26753,-76.67634,244,7096
3_2577091_2577048_1,37.26727,-76.67616,245,7129
3_2577091_2577048_1,37.26722,-76.67613,246,7135
3_2577091_2577048_1,37.26687,-76.67588,247,7180
3_2577091_2577048_1,37.26679,-76.67583,248,7190
3_2577091_2577048_1,37.26606,-76.67534,249,7282
3_2577091_2577048_1,37.26585,-76.6752,250,7308
3_2577091_2577048_1,37.26571,-76.67509,251,7327
3_2577091_2577048_1,37.26568,-76.67507,252,7331
3_2577091_2577048_1,37.26519,-76.67472,253,7393
3_2577091_2577048_1,37.26492,-76.67453,254,7428
3_2577091_2577048_1,37.26463,-76.67432,255,7465
3_2577091_2577048_1,37.26408,-76.67394,256,7534
3_2577091_2577048_1,37.26386,-76.67378,257,7563
3_2577091_2577048_1,37.26282,-76.67305,258,7695
3_2577091_2577048_1,37.26238,-76.67274,259,7751
3_2577091_2577048_1,37.26191,-76.67241,260,7811
3_2577091_2577048_1,37.2617,-76.67226,261,7838
3_2577091_2577048_1,37.26115,-76.67188,262,7907
3_2577091_2577048_1,37.26099,-76.67176,263,7928
3_2577091_2577048_1,37.26081,-76.67164,264,7951
3_2577091_2577048_1,37.2606,-76.6715,265,7977
3_2577091_2577048_1,37.26019,-76.67119,266,8030
3_2577091_2577048_1,37.25999,-76.67106,267,8055
3_2577091_2577048_1,37.25982,-76.67093,268,8077
3_2577091_2577048_1,37.25959,-76.67078,269,8106
3_2577091_2577048_1,37.25936,-76.67061,270,8136
3_2577091_2577048_1,37.25918,-76.67049,271,8159
3_2577091_2577048_1,37.25902,-76.67038,272,8179
3_2577091_2577048_1,37.25888,-76.67028,273,8197
3_2577091_2577048_1,37.25867,-76.67014,274,8223
3_2577091_2577048_1,37.25861,-76.6701,275,8231
3_2577091_2577048_1,37.2586,-76.67009,276,8232
3_2577091_2577048_1,37.25854,-76.67004,277,8240
3_2577091_2577048_1,37.25828,-76.66984,278,8274
3_2577091_2577048_1,37.25821,-76.66979,279,8283
3_2577091_2577048_1,37.25808,-76.66968,280,8300
3_2577091_2577048_1,37.25791,-76.66954,281,8323
3_2577091_2577048_1,37.25767,-76.66932,282,8356
3_2577091_2577048_1,37.25748,-76.66913,283,8383
3_2577091_2577048_1,37.25714,-76.66877,284,8432
3_2577091_2577048_1,37.25702,-76.66863,285,8451
3_2577091_2577048_1,37.25694,-76.66854,286,8462
3_2577091_2577048_1,37.25681,-76.66837,287,8483
3_2577091_2577048_1,37.25672,-76.66826,288,8497
3_2577091_2577048_1,37.25652,-76.66801,289,8529
3_2577091_2577048_1,37.25613,-76.66751,290,8591
3_2577091_2577048_1,37.2553,-76.66647,291,8721
3_2577091_2577048_1,37.25516,-76.6663,292,8743
3_2577091_2577048_1,37.25491,-76.66596,293,8784
3_2577091_2577048_1,37.25455,-76.66549,294,8841
3_2577091_2577048_1,37.25438,-76.66537,295,8863
3_2577091_2577048_1,37.25339,-76.6641,296,9020
3_2577091_2577048_1,37.25288,-76.66344,297,9102
3_2577091_2577048_1,37.25267,-76.66318,298,9135
3_2577091_2577048_1,37.25253,-76.663,299,9157
3_2577091_2577048_1,37.25243,-76.66287,300,9173
3_2577091_2577048_1,37.2519,-76.66219,301,9257
3_2577091_2577048_1,37.25165,-76.66188,302,9296
3_2577091_2577048_1,37.25102,-76.66108,303,9396
3_2577091_2577048_1,37.251,-76.66106,304,9399
3_2577091_2577048_1,37.2509,-76.66093,305,9415
3_2577091_2577048_1,37.24993,-76.65969,306,9569
3_2577091_2577048_1,37.24855,-76.65795,307,9786
3_2577091_2577048_1,37.24822,-76.65741,308,9846
3_2577091_2577048_1,37.24811,-76.65728,309,9863
3_2577091_2577048_1,37.24786,-76.65697,310,9902
3_2577091_2577048_1,37.24773,-76.65681,311,9922
3_2577091_2577048_1,37.24736,-76.65636,312,9980
3_2577091_2577048_1,37.24695,-76.65585,313,10044
3_2577091_2577048_1,37.24663,-76.65544,314,10095
3_2577091_2577048_1,37.24646,-76.65522,315,10122
3_2577091_2577048_1,37.24589,-76.6545,316,10212
3_2577091_2577048_1,37.24562,-76.65417,317,10254
3_2577091_2577048_1,37.24548,-76.65399,318,10276
3_2577091_2577048_1,37.24485,-76.6532,319,10375
3_2577091_2577048_1,37.24441,-76.65262,320,10446
3_2577091_2577048_1,37.24392,-76.65199,321,10524
3_2577091_2577048_1,37.24356,-76.65152,322,10582
3_2577091_2577048_1,37.24346,-76.6514,323,10597
3_2577091_2577048_1,37.24371,-76.65109,324,10636
3_2577091_2577048_1,37.24389,-76.65088,325,10663
3_2577091_2577048_1,37.24396,-76.6508,326,10674
3_2577091_2577048_1,37.24401,-76.65075,327,10681
3_2577091_2577048_1,37.24404,-76.65074,328,10684
3_2577091_2577048_1,37.2441,-76.65074,329,10691
3_2577091_2577048_1,37.24406,-76.65091,330,10707
3_2577091_2577048_1,37.24399,-76.65099,331,10717
3_2577091_2577048_1,37.2439722,-76.6510131,332,10720
15_3423000_3423001,37.2789495,-76.6990495,0,0
15_3423000_3423001,37.27904,-76.69914,1,13
15_3423000_3423001,37.27909,-76.69921,2,21
15_3423000_3423001,37.2791,-76.69931,3,30
15_3423000_3423001,37.27905,-76.69942,4,41
15_3423000_3423001,37.27895,-76.69945,5,53
15_3423000_3423001,37.27883,-76.69933,6,70
15_3423000_3423001,37.27874,-76.69908,7,94
15_3423000_3423001,37.27875,-76.69885,8,115
15_3423000_3423001,37.27859,-76.69853,9,148
15_3423000_3423001,37.27843,-76.69871,10,172
15_3423000_3423001,37.2779,-76.6994,11,257
15_3423000_3423001,37.27882,-76.70018,12,380
15_3423000_3423001,37.27972,-76.70118,13,514
15_3423000_3423001,37.28022,-76.70163,14,582
15_3423000_3423001,37.28053,-76.70178,15,619
15_3423000_3423001,37.28057,-76.7018,16,624
15_3423000_3423001,37.28089,-76.70194,17,661
15_3423000_3423001,37.28098,-76.70201,18,673
15_3423000_3423001,37.281,-76.70203,19,676
15_3423000_3423001,37.28102,-76.70206,20,679
15_3423000_3423001,37.28103,-76.70209,21,682
15_3423000_3423001,37.28103,-76.70212,22,685
15_3423000_3423001,37.28103,-76.70216,23,688
15_3423000_3423001,37.28103,-76.70219,24,691
15_3423000_3423001,37.28102,-76.70221,25,693
15_3423000_3423001,37.28101,-76.70225,26,697
15_3423000_3423001,37.281,-76.70229,27,701
15_3423000_3423001,37.28097,-76.70236,28,708
15_3423000_3423001,37.28073,-76.70248,29,736
15_3423000_3423001,37.28032,-76.70267,30,785
15_3423000_3423001,37.28021,-76.70273,31,798
15_3423000_3423001,37.28002,-76.70285,32,822
15_3423000_3423001,37.27967,-76.7031,33,867
15_3423000_3423001,37.27919,-76.70353,34,932
15_3423000_3423001,37.27883,-76.70396,35,987
15_3423000_3423001,37.27849,-76.7044,36,1042
15_3423000_3423001,37.2781,-76.70497,37,1108
15_3423000_3423001,37.27774,-76.70538,38,1162
15_3423000_3423001,37.27757,-76.70555,39,1186
15_3423000_3423001,37.2775,-76.70562,40,1196
15_3423000_3423001,37.27738,-76.70573,41,1213
15_3423000_3423001,37.2772,-76.70585,42,1235
15_3423000_3423001,37.27708,-76.70593,43,1250
15_3423000_3423001,37.27701,-76.70596,44,1259
15_3423000_3423001,37.27692,-76.706,45,1269
15_3423000_3423001,37.27678,-76.70606,46,1286
15_3423000_3423001,37.27663,-76.7061,47,1303
15_3423000_3423001,37.27647,-76.70614,48,1321
15_3423000_3423001,37.27632,-76.70616,49,1337
15_3423000_3423001,37.27631,-76.70616,50,1339
15_3423000_3423001,37.27611,-76.70618,51,1361
15_3423000_3423001,37.27594,-76.70619,52,1380
15_3423000_3423001,37.27593,-76.70619,53,1381
15_3423000_3423001,37.27589,-76.70619,54,1385
15_3423000_3423001,37.27585,-76.70619,55,1390
15_3423000_3423001,37.2757,-76.70618,56,1406
15_3423000_3423001,37.27559,-76.70617,57,1419
15_3423000_3423001,37.27548,-76.70616,58,1431
15_3423000_3423001,37.27549,-76.70608,59,1438
15_3423000_3423001,37.2755,-76.70597,60,1448
15_3423000_3423001,37.27553,-76.70584,61,1460
15_3423000_3423001,37.27562,-76.70543,62,1498
15_3423000_3423001,37.27565,-76.70525,63,1514
15_3423000_3423001,37.27568,-76.70509,64,1528
15_3423000_3423001,37.27568,-76.70493,65,1543
15_3423000_3423001,37.27568,-76.70479,66,1555
15_3423000_3423001,37.27567,-76.70465,67,1568
15_3423000_3423001,37.27561,-76.70386,68,1638
15_3423000_3423001,37.2756,-76.70372,69,1650
15_3423000_3423001,37.2756,-76.70358,70,1663
15_3423000_3423001,37.2756,-76.70313,71,1703
15_3423000_3423001,37.27561,-76.70284,72,1728
15_3423000_3423001,37.2756,-76.70274,73,1737
15_3423000_3423001,37.2756,-76.70265,74,1745
15_3423000_3423001,37.27559,-76.70255,75,1754
15_3423000_3423001,37.27557,-76.70246,76,1763
15_3423000_3423001,37.2755,-76.70187,77,1815
15_3423000_3423001,37.27544,-76.7014,78,1858
15_3423000_3423001,37.27541,-76.70114,79,1881
15_3423000_3423001,37.27539,-76.7009,80,1902
15_3423000_3423001,37.27537,-76.70038,81,1949
15_3423000_3423001,37.27529,-76.70037,82,1957
15_3423000_3423001,37.27522,-76.70035,83,1965
15_3423000_3423001,37.27517,-76.70031,84,1972
15_3423000_3423001,37.27512,-76.70031,85,1978
15_3423000_3423001,37.27512,-76.70049,86,1994
15_3423000_3423001,37.2751,-76.70054,87,1999
15_3423000_3423001,37.27509,-76.70056,88,2001
15_3423000_3423001,37.27501,-76.70069,89,2015
15_3423000_3423001,37.27499,-76.70072,90,2019
15_3423000_3423001,37.27496,-76.70072,91,2022
15_3423000_3423001,37.27488,-76.70072,92,2031
15_3423000_3423001,37.27478,-76.70069,93,2042
15_3423000_3423001,37.27475,-76.70067,94,2046
15_3423000_3423001,37.2747423,-76.7006623,95,2047
15_3423001_3423000,37.27473,-76.70062,0,0
15_3423001_3423000,37.27473,-76.70026,1,32
15_3423001_3423000,37.27512,-76.70031,2,75
15_3423001_3423000,37.27517,-76.70031,3,81
15_3423001_3423000,37.27522,-76.70028,4,87
15_3423001_3423000,37.27529,-76.70026,5,95
15_3423001_3423000,37.27537,-76.70025,6,104
15_3423001_3423000,37.27537,-76.70038,7,116
15_3423001_3423000,37.27539,-76.7009,8,162
15_3423001_3423000,37.27541,-76.70114,9,183
15_3423001_3423000,37.27544,-76.7014,10,206
15_3423001_3423000,37.2755,-76.70187,11,249
15_3423001_3423000,37.27557,-76.70246,12,302
15_3423001_3423000,37.27559,-76.70255,13,310
15_3423001_3423000,37.2756,-76.70265,14,319
15_3423001_3423000,37.2756,-76.70274,15,327
15_3423001_3423000,37.27561,-76.70284,16,336
15_3423001_3423000,37.2756,-76.70313,17,361
15_3423001_3423000,37.2756,-76.70358,18,401
15_3423001_3423000,37.2756,-76.70372,19,414
15_3423001_3423000,37.27561,-76.70386,20,426
15_3423001_3423000,37.27567,-76.70465,21,497
15_3423001_3423000,37.27568,-76.70479,22,509
15_3423001_3423000,37.27568,-76.70493,23,521
15_3423001_3423000,37.27568,-76.70509,24,536
15_3423001_3423000,37.27565,-76.70525,25,550
15_3423001_3423000,37.27562,-76.70543,26,567
15_3423001_3423000,37.27553,-76.70584,27,604
15_3423001_3423000,37.2755,-76.70597,28,616
15_3423001_3423000,37.27549,-76.70608,29,626
15_3423001_3423000,37.27548,-76.70616,30,633
15_3423001_3423000,37.27559,-76.70617,31,645
15_3423001_3423000,37.2757,-76.70618,32,658
15_3423001_3423000,37.27585,-76.70619,33,674
15_3423001_3423000,37.27589,-76.70619,34,679
15_3423001_3423000,37.27593,-76.70619,35,683
15_3423001_3423000,37.27594,-76.70619,36,684
15_3423001_3423000,37.27611,-76.70618,37,703
15_3423001_3423000,37.27631,-76.70616,38,726
15_3423001_3423000,37.27632,-76.70616,39,727
15_3423001_3423000,37.27647,-76.70614,40,743
15_3423001_3423000,37.27663,-76.7061,41,761
15_3423001_3423000,37.27678,-76.70606,42,778
15_3423001_3423000,37.27692,-76.706,43,795
15_3423001_3423000,37.27701,-76.70596,44,805
15_3423001_3423000,37.27708,-76.70593,45,814
15_3423001_3423000,37.2772,-76.70585,46,829
15_3423001_3423000,37.27738,-76.70573,47,851
15_3423001_3423000,37.2775,-76.70562,48,868
15_3423001_3423000,37.27757,-76.70555,49,878
15_3423001_3423000,37.27774,-76.70538,50,902
15_3423001_3423000,37.2781,-76.70497,51,956
15_3423001_3423000,37.27849,-76.7044,52,1023
15_3423001_3423000,37.27883,-76.70396,53,1077
15_3423001_3423000,37.27918,-76.7034,54,1140
15_3423001_3423000,37.2799,-76.7024,55,1259
15_3423001_3423000,37.27998,-76.70218,56,1281
15_3423001_3423000,37.27999,-76.70196,57,1300
15_3423001_3423000,37.27994,-76.70175,58,1320
15_3423001_3423000,37.2795,-76.70119,59,1389
15_3423001_3423000,37.27902,-76.70066,60,1460
15_3423001_3423000,37.27872,-76.70034,61,1504
15_3423001_3423000,37.27797,-76.69971,62,1604
15_3423001_3423000,37.27781,-76.69958,63,1626
15_3423001_3423000,37.2779,-76.6994,64,1644
15_3423001_3423000,37.27809,-76.69915,65,1675
15_3423001_3423000,37.27843,-76.69871,66,1729
15_3423001_3423000,37.27859,-76.69853,67,1753
15_3423001_3423000,37.27866,-76.69844,68,1764
15_3423001_3423000,37.27873,-76.69836,69,1775
15_3423001_3423000,37.27901,-76.69803,70,1817
15_3423001_3423000,37.27913,-76.69788,71,1836
15_3423001_3423000,37.27918,-76.69771,72,1852
15_3423001_3423000,37.27934,-76.69759,73,1873
15_3423001_3423000,37.27936,-76.69753,74,1879
15_3423001_3423000,37.27938,-76.69749,75,1883
15_3423001_3423000,37.27935,-76.69739,76,1892
15_3423001_3423000,37.2793,-76.69733,77,1900
15_3423001_3423000,37.27923,-76.69733,78,1908
15_3423001_3423000,37.27918,-76.69736,79,1914
15_3423001_3423000,37.27915,-76.69743,80,1921
15_3423001_3423000,37.27915,-76.69753,81,1930
15_3423001_3423000,37.27916,-76.69763,82,1939
15_3423001_3423000,37.27918,-76.69771,83,1946
15_3423001_3423000,37.27913,-76.69788,84,1962
15_3423001_3423000,37.27901,-76.69803,85,1981
15_3423001_3423000,37.27873,-76.69836,86,2024
15_3423001_3423000,37.27866,-76.69844,87,2034
15_3423001_3423000,37.27859,-76.69853,88,2046
15_3423001_3423000,37.27875,-76.69885,89,2079
15_3423001_3423000,37.2789456,-76.6990541,90,2107
9_2577001_2576942,37.4090481,-76.8102468,0,0
9_2577001_2576942,37.40915,-76.81036,1,15
9_2577001_2576942,37.40921,-76.81041,2,23
9_2577001_2576942,37.40926,-76.81044,3,29
9_2577001_2576942,37.40931,-76.81046,4,35
9_2577001_2576942,37.40935,-76.81047,5,40
9_2577001_2576942,37.4094,-76.81047,6,45
9_2577001_2576942,37.40945,-76.81046,7,51
9_2577001_2576942,37.4095,-76.81044,8,57
9_2577001_2576942,37.40954,-76.81043,9,61
9_2577001_2576942,37.40957,-76.81041,10,65
9_2577001_2576942,37.40971,-76.81033,11,82
9_2577001_2576942,37.40978,-76.81024,12,93
9_2577001_2576942,37.40985,-76.81014,13,105
9_2577001_2576942,37.40998,-76.80992,14,129
9_2577001_2576942,37.41004,-76.80981,15,141
9_2577001_2576942,37.41009,-76.8097,16,152
9_2577001_2576942,37.41015,-76.80957,17,165
9_2577001_2576942,37.41024,-76.80932,18,190
9_2577001_2576942,37.41031,-76.80906,19,214
9_2577001_2576942,37.41034,-76.80892,20,227
9_2577001_2576942,37.41037,-76.8088,21,238
9_2577001_2576942,37.41039,-76.8087,22,247
9_2577001_2576942,37.41041,-76.8086,23,256
9_2577001_2576942,37.41055,-76.80863,24,272
9_2577001_2576942,37.41054,-76.80873,25,281
9_2577001_2576942,37.41051,-76.80886,26,293
9_2577001_2576942,37.41049,-76.809,27,305
9_2577001_2576942,37.41046,-76.80913,28,317
9_2577001_2576942,37.41042,-76.80928,29,331
9_2577001_2576942,37.41037,-76.80941,30,344
9_2577001_2576942,37.41029,-76.80963,31,366
9_2577001_2576942,37.41017,-76.8099,32,393
9_2577001_2576942,37.41011,-76.81002,33,405
9_2577001_2576942,37.41005,-76.81013,34,417
9_2577001_2576942,37.40998,-76.81024,35,430
9_2577001_2576942,37.4099,-76.81035,36,443
9_2577001_2576942,37.40976,-76.81052,37,465
9_2577001_2576942,37.40966,-76.81063,38,479
9_2577001_2576942,37.40957,-76.81072,39,492
9_2577001_2576942,37.40951,-76.81079,40,501
9_2577001_2576942,37.40945,-76.81085,41,510
9_2577001_2576942,37.40936,-76.81096,42,524
9_2577001_2576942,37.40929,-76.81105,43,535
9_2577001_2576942,37.40921,-76.81093,44,549
9_2577001_2576942,37.40912,-76.81081,45,563
9_2577001_2576942,37.40891,-76.81056,46,595
9_2577001_2576942,37.40868,-76.81032,47,629
9_2577001_2576942,37.40846,-76.81012,48,659
9_2577001_2576942,37.40826,-76.80997,49,685
9_2577001_2576942,37.40806,-76.80983,50,710
9_2577001_2576942,37.40781,-76.80969,51,740
9_2577001_2576942,37.4076,-76.80959,52,765
9_2577001_2576942,37.40737,-76.8095,53,792
9_2577001_2576942,37.40713,-76.80943,54,819
9_2577001_2576942,37.40688,-76.80937,55,848
9_2577001_2576942,37.40666,-76.80934,56,872
9_2577001_2576942,37.40664,-76.80933,57,875
9_2577001_2576942,37.40639,-76.80931,58,902
9_2577001_2576942,37.40611,-76.80931,59,933
9_2577001_2576942,37.40561,-76.80933,60,989
9_2577001_2576942,37.40518,-76.80934,61,1037
9_2577001_2576942,37.40489,-76.80935,62,1069
9_2577001_2576942,37.4044,-76.80935,63,1123
9_2577001_2576942,37.40419,-76.80934,64,1147
9_2577001_2576942,37.40395,-76.8093,65,1173
9_2577001_2576942,37.40373,-76.80926,66,1198
9_2577001_2576942,37.40353,-76.8092,67,1221
9_2577001_2576942,37.403529,-76.809204,68,1221
9_2577001_2576942,37.403282,-76.809128,69,1250
9_2577001_2576942,37.402699,-76.808884,70,1318
9_2577001_2576942,37.395095,-76.805286,71,2220
9_2577001_2576942,37.394314,-76.804977,72,2311
9_2577001_2576942,37.39365,-76.804771,73,2386
9_2577001_2576942,37.393253,-76.80468,74,2431
9_2577001_2576942,37.392605,-76.804565,75,2504
9_2577001_2576942,37.390369,-76.804298,76,2753
9_2577001_2576942,37.389717,-76.804237,77,2826
9_2577001_2576942,37.389484,-76.804237,78,2852
9_2577001_2576942,37.389194,-76.80426,79,2884
9_2577001_2576942,37.388878,-76.804306,80,2919
9_2577001_2576942,37.388309,-76.804443,81,2983
9_2577001_2576942,37.388027,-76.804535,82,3016
9_2577001_2576942,37.386284,-76.805196,83,3218
9_2577001_2576942,37.383453,-76.806252,84,3546
9_2577001_2576942,37.383003,-76.806351,85,3596
9_2577001_2576942,37.382843,-76.806358,86,3614
9_2577001_2576942,37.38245,-76.806328,87,3658
9_2577001_2576942,37.382221,-76.806282,88,3684
9_2577001_2576942,37.381927,-76.806175,89,3717
9_2577001_2576942,37.381756,-76.806084,90,3738
9_2577001_2576942,37.381512,-76.805939,91,3768
9_2577001_2576942,37.381203,-76.805687,92,3809
9_2577001_2576942,37.381153,-76.805618,93,3817
9_2577001_2576942,37.381111,-76.805519,94,3827
9_2577001_2576942,37.380936,-76.805328,95,3853
9_2577001_2576942,37.380764,-76.805107,96,3880
9_2577001_2576942,37.379219,-76.802986,97,4135
9_2577001_2576942,37.379066,-76.803085,98,4154
9_2577001_2576942,37.378523,-76.803292,99,4217
9_2577001_2576942,37.378078,-76.803436,100,4268
9_2577001_2576942,37.37709,-76.803696,101,4380
9_2577001_2576942,37.376537,-76.803764,102,4441
9_2577001_2576942,37.375278,-76.803864,103,4581
9_2577001_2576942,37.374985,-76.803902,104,4614
9_2577001_2576942,37.374554,-76.804001,105,4663
9_2577001_2576942,37.374279,-76.804108,106,4695
9_2577001_2576942,37.373844,-76.804352,107,4747
9_2577001_2576942,37.373116,-76.804947,108,4844
9_2577001_2576942,37.372673,-76.805267,109,4901
9_2577001_2576942,37.372318,-76.805435,110,4943
9_2577001_2576942,37.372128,-76.805489,111,4964
9_2577001_2576942,37.371948,-76.805519,112,4985
9_2577001_2576942,37.371773,-76.805527,113,5004
9_2577001_2576942,37.371525,-76.805519,114,5032
9_2577001_2576942,37.371368,-76.805504,115,5049
9_2577001_2576942,37.371181,-76.805481,116,5070
9_2577001_2576942,37.370552,-76.805389,117,5140
9_2577001_2576942,37.370251,-76.805313,118,5174
9_2577001_2576942,37.369899,-76.805188,119,5215
9_2577001_2576942,37.369625,-76.805061,120,5247
9_2577001_2576942,37.36924,-76.804832,121,5295
9_2577001_2576942,37.368778,-76.804459,122,5356
9_2577001_2576942,37.368446,-76.804161,123,5401
9_2577001_2576942,37.368317,-76.804077,124,5417
9_2577001_2576942,37.368206,-76.804016,125,5430
9_2577001_2576942,37.368095,-76.80397,126,5443
9_2577001_2576942,37.367989,-76.80394,127,5455
9_2577001_2576942,37.367825,-76.803909,128,5474
9_2577001_2576942,37.367687,-76.803909,129,5489
9_2577001_2576942,37.36739,-76.80397,130,5523
9_2577001_2576942,37.366261,-76.804352,131,5652
9_2577001_2576942,37.365753,-76.80455,132,5711
9_2577001_2576942,37.365166,-76.804886,133,5783
9_2577001_2576942,37.364552,-76.805328,134,5862
9_2577001_2576942,37.364208,-76.805618,135,5908
9_2577001_2576942,37.363945,-76.805855,136,5944
9_2577001_2576942,37.363815,-76.805984,137,5962
9_2577001_2576942,37.363228,-76.806595,138,6047
9_2577001_2576942,37.362915,-76.806862,139,6089
9_2577001_2576942,37.36272,-76.807014,140,6114
9_2577001_2576942,37.362473,-76.80719,141,6146
9_2577001_2576942,37.361927,-76.807538,142,6214
9_2577001_2576942,37.361111,-76.808067,143,6316
9_2577001_2576942,37.360622,-76.808441,144,6379
9_2577001_2576942,37.360229,-76.808846,145,6436
9_2577001_2576942,37.359489,-76.8097,146,6547
9_2577001_2576942,37.359234,-76.809967,147,6584
9_2577001_2576942,37.35902,-76.810165,148,6614
9_2577001_2576942,37.358879,-76.81028,149,6632
9_2577001_2576942,37.358597,-76.810493,150,6669
9_2577001_2576942,37.357716,-76.811096,151,6780
9_2577001_2576942,37.357487,-76.811295,152,6811
9_2577001_2576942,37.357346,-76.811462,153,6833
9_2577001_2576942,37.35725,-76.811607,154,6849
9_2577001_2576942,37.357166,-76.811775,155,6867
9_2577001_2576942,37.357002,-76.812263,156,6914
9_2577001_2576942,37.356758,-76.813538,157,7030
9_2577001_2576942,37.356701,-76.813766,158,7051
9_2577001_2576942,37.356571,-76.814133,159,7087
9_2577001_2576942,37.356506,-76.814285,160,7102
9_2577001_2576942,37.3564,-76.814476,161,7123
9_2577001_2576942,37.356289,-76.814651,162,7143
9_2577001_2576942,37.35619,-76.814774,163,7158
9_2577001_2576942,37.355858,-76.815163,164,7208
9_2577001_2576942,37.355823,-76.815201,165,7214
9_2577001_2576942,37.354736,-76.816368,166,7372
9_2577001_2576942,37.354561,-76.816566,167,7399
9_2577001_2576942,37.354481,-76.816673,168,7412
9_2577001_2576942,37.354393,-76.816811,169,7427
9_2577001_2576942,37.354298,-76.816994,170,7447
9_2577001_2576942,37.354256,-76.817032,171,7452
9_2577001_2576942,37.354195,-76.817444,172,7489
9_2577001_2576942,37.354183,-76.817604,173,7504
9_2577001_2576942,37.354191,-76.817764,174,7518
9_2577001_2576942,37.354206,-76.817894,175,7530
9_2577001_2576942,37.354309,-76.818466,176,7581
9_2577001_2576942,37.354523,-76.819557,177,7681
9_2577001_2576942,37.35461,-76.820053,178,7726
9_2577001_2576942,37.354713,-76.82058,179,7774
9_2577001_2576942,37.35482,-76.821068,180,7819
9_2577001_2576942,37.354904,-76.821358,181,7846
9_2577001_2576942,37.35482,-76.821068,182,7874
9_2577001_2576942,37.354713,-76.82058,183,7918
9_2577001_2576942,37.35461,-76.820053,184,7966
9_2577001_2576942,37.354576,-76.819855,185,7984
9_2577001_2576942,37.35482,-76.821068,186,8095
9_2577001_2576942,37.354904,-76.821358,187,8123
9_2577001_2576942,37.355244,-76.822311,188,8215
9_2577001_2576942,37.355648,-76.823685,189,8345
9_2577001_2576942,37.355736,-76.824112,190,8384
9_2577001_2576942,37.355831,-76.824928,191,8457
9_2577001_2576942,37.35585,-76.825439,192,8502
9_2577001_2576942,37.355892,-76.826286,193,8577
9_2577001_2576942,37.355862,-76.826591,194,8605
9_2577001_2576942,37.355892,-76.826286,195,8632
9_2577001_2576942,37.355831,-76.824928,196,8752
9_2577001_2576942,37.355736,-76.824112,197,8825
9_2577001_2576942,37.355701,-76.823921,198,8843
9_2577001_2576942,37.355648,-76.823685,199,8864
9_2577001_2576942,37.355286,-76.822433,200,8982
9_2577001_2576942,37.355156,-76.822052,201,9019
9_2577001_2576942,37.354904,-76.821358,202,9087
9_2577001_2576942,37.35482,-76.821068,203,9114
9_2577001_2576942,37.354591,-76.819942,204,9217
9_2577001_2576942,37.354576,-76.819855,205,9225
9_2577001_2576942,37.354523,-76.819557,206,9252
9_2577001_2576942,37.354309,-76.818466,207,9351
9_2577001_2576942,37.354191,-76.817764,208,9415
9_2577001_2576942,37.354195,-76.817444,209,9443
9_2577001_2576942,37.354256,-76.817032,210,9480
9_2577001_2576942,37.354298,-76.816994,211,9486
9_2577001_2576942,37.354393,-76.816811,212,9505
9_2577001_2576942,37.354561,-76.816566,213,9534
9_2577001_2576942,37.354736,-76.816368,214,9560
9_2577001_2576942,37.355858,-76.815163,215,9724
9_2577001_2576942,37.356289,-76.814651,216,9790
9_2577001_2576942,37.3564,-76.814476,217,9810
9_2577001_2576942,37.356571,-76.814133,218,9846
9_2577001_2576942,37.356701,-76.813766,219,9881
9_2577001_2576942,37.356758,-76.813538,220,9902
9_2577001_2576942,37.357002,-76.812263,221,10019
9_2577001_2576942,37.357166,-76.811775,222,10065
9_2577001_2576942,37.35725,-76.811607,223,10083
9_2577001_2576942,37.357346,-76.811462,224,10100
9_2577001_2576942,37.357487,-76.811295,225,10121
9_2577001_2576942,37.357716,-76.811096,226,10152
9_2577001_2576942,37.358231,-76.810742,227,10217
9_2577001_2576942,37.358879,-76.81028,228,10300
9_2577001_2576942,37.359234,-76.809967,229,10348
9_2577001_2576942,37.359489,-76.8097,230,10385
9_2577001_2576942,37.360229,-76.808846,231,10497
9_2577001_2576942,37.360416,-76.80864,232,10524
9_2577001_2576942,37.360622,-76.808441,233,10553
9_2577001_2576942,37.361111,-76.808067,234,10617
9_2577001_2576942,37.362473,-76.80719,235,10787
9_2577001_2576942,37.36272,-76.807014,236,10818
9_2577001_2576942,37.363228,-76.806595,237,10886
9_2577001_2576942,37.363945,-76.805855,238,10989
9_2577001_2576942,37.364552,-76.805328,239,11071
9_2577001_2576942,37.365166,-76.804886,240,11149
9_2577001_2576942,37.365387,-76.804749,241,11177
9_2577001_2576942,37.365715,-76.80457,242,11217
9_2577001_2576942,37.365753,-76.80455,243,11221
9_2577001_2576942,37.366261,-76.804352,244,11280
9_2577001_2576942,37.36739,-76.80397,245,11410
9_2577001_2576942,37.367687,-76.803909,246,11443
9_2577001_2576942,37.367825,-76.803909,247,11459
9_2577001_2576942,37.368095,-76.80397,248,11489
9_2577001_2576942,37.368317,-76.804077,249,11516
9_2577001_2576942,37.368446,-76.804161,250,11532
9_2577001_2576942,37.368778,-76.804459,251,11577
9_2577001_2576942,37.36924,-76.804832,252,11638
9_2577001_2576942,37.369625,-76.805061,253,11685
9_2577001_2576942,37.369865,-76.805176,254,11714
9_2577001_2576942,37.370251,-76.805313,255,11758
9_2577001_2576942,37.370552,-76.805389,256,11792
9_2577001_2576942,37.371368,-76.805504,257,11883
9_2577001_2576942,37.371773,-76.805527,258,11928
9_2577001_2576942,37.371948,-76.805519,259,11948
9_2577001_2576942,37.372128,-76.805489,260,11968
9_2577001_2576942,37.372318,-76.805435,261,11990
9_2577001_2576942,37.372673,-76.805267,262,12032
9_2577001_2576942,37.373116,-76.804947,263,12089
9_2577001_2576942,37.373844,-76.804352,264,12185
9_2577001_2576942,37.374088,-76.804207,265,12215
9_2577001_2576942,37.374142,-76.804176,266,12222
9_2577001_2576942,37.374279,-76.804108,267,12238
9_2577001_2576942,37.374554,-76.804001,268,12270
9_2577001_2576942,37.374985,-76.803902,269,12318
9_2577001_2576942,37.375278,-76.803864,270,12351
9_2577001_2576942,37.376537,-76.803764,271,12491
9_2577001_2576942,37.37709,-76.803696,272,12553
9_2577001_2576942,37.378078,-76.803436,273,12665
9_2577001_2576942,37.378506,-76.803299,274,12714
9_2577001_2576942,37.379066,-76.803085,275,12779
9_2577001_2576942,37.379219,-76.802986,276,12798
9_2577001_2576942,37.378738,-76.802307,277,12878
9_2577001_2576942,37.378586,-76.802177,278,12899
9_2577001_2576942,37.378365,-76.801788,279,12941
9_2577001_2576942,37.378185,-76.801422,280,12979
9_2577001_2576942,37.377964,-76.800842,281,13036
9_2577001_2576942,37.377387,-76.798966,282,13214
9_2577001_2576942,37.376923,-76.797455,283,13357
9_2577001_2576942,37.37674,-76.796707,284,13427
9_2577001_2576942,37.376637,-76.79612,285,13480
9_2577001_2576942,37.376579,-76.795456,286,13539
9_2577001_2576942,37.376579,-76.794624,287,13613
9_2577001_2576942,37.376629,-76.793938,288,13674
9_2577001_2576942,37.377068,-76.789505,289,14069
9_2577001_2576942,37.377083,-76.789017,290,14113
9_2577001_2576942,37.377068,-76.788597,291,14150
9_2577001_2576942,37.37697,-76.787861,292,14216
9_2577001_2576942,37.376923,-76.787628,293,14237
9_2577001_2576942,37.376766,-76.787071,294,14290
9_2577001_2576942,37.376534,-76.786476,295,14348
9_2577001_2576942,37.376293,-76.785995,296,14399
9_2577001_2576942,37.374897,-76.783524,297,14667
9_2577001_2576942,37.374653,-76.783035,298,14718
9_2577001_2576942,37.37434,-76.782341,299,14788
9_2577001_2576942,37.374012,-76.781509,300,14871
9_2577001_2576942,37.37384,-76.781013,301,14918
9_2577001_2576942,37.373325,-76.779312,302,15080
9_2577001_2576942,37.372865,-76.777867,303,15217
9_2577001_2576942,37.37254,-76.776978,304,15304
9_2577001_2576942,37.372375,-76.776611,305,15341
9_2577001_2576942,37.372086,-76.776047,306,15401
9_2577001_2576942,37.371838,-76.775627,307,15447
9_2577001_2576942,37.371613,-76.775284,308,15486
9_2577001_2576942,37.370914,-76.774284,309,15604
9_2577001_2576942,37.369484,-76.772308,310,15840
9_2577001_2576942,37.369366,-76.772087,311,15864
9_2577001_2576942,37.366958,-76.769467,312,16218
9_2577001_2576942,37.365353,-76.767738,313,16452
9_2577001_2576942,37.364983,-76.767426,314,16502
9_2577001_2576942,37.364773,-76.767273,315,16529
9_2577001_2576942,37.364559,-76.767143,316,16555
9_2577001_2576942,37.364273,-76.766998,317,16590
9_2577001_2576942,37.359512,-76.764908,318,17149
9_2577001_2576942,37.359043,-76.764725,319,17204
9_2577001_2576942,37.358931,-76.76473,320,17216
9_2577001_2576942,37.35886,-76.764725,321,17224
9_2577001_2576942,37.358368,-76.764587,322,17280
9_2577001_2576942,37.357998,-76.764534,323,17322
9_2577001_2576942,37.352367,-76.763794,324,17950
9_2577001_2576942,37.351803,-76.763657,325,18014
9_2577001_2576942,37.351543,-76.76358,326,18043
9_2577001_2576942,37.351261,-76.763474,327,18076
9_2577001_2576942,37.350979,-76.763351,328,18109
9_2577001_2576942,37.350719,-76.763214,329,18140
9_2577001_2576942,37.350441,-76.763054,330,18174
9_2577001_2576942,37.350125,-76.762834,331,18214
9_2577001_2576942,37.349922,-76.762711,332,18239
9_2577001_2576942,37.349442,-76.762306,333,18304
9_2577001_2576942,37.347073,-76.760025,334,18635
9_2577001_2576942,37.3461,-76.759109,335,18770
9_2577001_2576942,37.345409,-76.75843,336,18868
9_2577001_2576942,37.344753,-76.757828,337,18958
9_2577001_2576942,37.344391,-76.757553,338,19005
9_2577001_2576942,37.342743,-76.756417,339,19214
9_2577001_2576942,37.34274,-76.75642,340,19214
9_2577001_2576942,37.34269,-76.75638,341,19221
9_2577001_2576942,37.34235,-76.75615,342,19264
9_2577001_2576942,37.34195,-76.75588,343,19314
9_2577001_2576942,37.34094,-76.75519,344,19442
9_2577001_2576942,37.34083,-76.75511,345,19456
9_2577001_2576942,37.34048,-76.75487,346,19500
9_2577001_2576942,37.34043,-76.75484,347,19506
9_2577001_2576942,37.34021,-76.75469,348,19534
9_2577001_2576942,37.34011,-76.75462,349,19547
9_2577001_2576942,37.33987,-76.75446,350,19577
9_2577001_2576942,37.33967,-76.75432,351,19602
9_2577001_2576942,37.33949,-76.75419,352,19625
9_2577001_2576942,37.33921,-76.75395,353,19663
9_2577001_2576942,37.33899,-76.75374,354,19694
9_2577001_2576942,37.33865,-76.75339,355,19743
9_2577001_2576942,37.33859,-76.75332,356,19752
9_2577001_2576942,37.33852,-76.75324,357,19762
9_2577001_2576942,37.33843,-76.75312,358,19777
9_2577001_2576942,37.33823,-76.75288,359,19808
9_2577001_2576942,37.3382,-76.75284,360,19812
9_2577001_2576942,37.33809,-76.75269,361,19830
9_2577001_2576942,37.33794,-76.75249,362,19855
9_2577001_2576942,37.33781,-76.75231,363,19876
9_2577001_2576942,37.33775,-76.75222,364,19887
9_2577001_2576942,37.33724,-76.75153,365,19970
9_2577001_2576942,37.33717,-76.75143,366,19982
9_2577001_2576942,37.3371,-76.75133,367,19994
9_2577001_2576942,37.33659,-76.75064,368,20077
9_2577001_2576942,37.33646,-76.75047,369,20098
9_2577001_2576942,37.33646,-76.75046,370,20099
9_2577001_2576942,37.33634,-76.7503,371,20118
9_2577001_2576942,37.33579,-76.74956,372,20208
9_2577001_2576942,37.33574,-76.74949,373,20216
9_2577001_2576942,37.33528,-76.75002,374,20285
9_2577001_2576942,37.33523,-76.75008,375,20293
9_2577001_2576942,37.33518,-76.75015,376,20301
9_2577001_2576942,37.33515,-76.75023,377,20309
9_2577001_2576942,37.33513,-76.75033,378,20318
9_2577001_2576942,37.33511,-76.75042,379,20327
9_2577001_2576942,37.33511,-76.75049,380,20333
9_2577001_2576942,37.33512,-76.75058,381,20341
9_2577001_2576942,37.33513,-76.75066,382,20348
9_2577001_2576942,37.33517,-76.75074,383,20356
9_2577001_2576942,37.3352,-76.7508,384,20363
9_2577001_2576942,37.33525,-76.75087,385,20371
9_2577001_2576942,37.33532,-76.75092,386,20380
9_2577001_2576942,37.33539,-76.75097,387,20389
9_2577001_2576942,37.33547,-76.75099,388,20398
9_2577001_2576942,37.33553,-76.751,389,20405
9_2577001_2576942,37.33563,-76.75099,390,20416
9_2577001_2576942,37.33573,-76.75095,391,20427
9_2577001_2576942,37.3359,-76.75087,392,20448
9_2577001_2576942,37.3362,-76.75058,393,20490
9_2577001_2576942,37.3372,-76.74958,394,20632
9_2577001_2576942,37.33773,-76.74908,395,20705
9_2577001_2576942,37.33804,-76.74879,396,20748
9_2577001_2576942,37.33832,-76.74851,397,20788
9_2577001_2576942,37.3389,-76.74795,398,20869
9_2577001_2576942,37.33972,-76.74715,399,20985
9_2577001_2576942,37.34031,-76.74656,400,21068
9_2577001_2576942,37.34101,-76.74582,401,21170
9_2577001_2576942,37.34137,-76.74546,402,21221
9_2577001_2576942,37.34162,-76.74517,403,21259
9_2577001_2576942,37.34166,-76.74512,404,21265
9_2577001_2576942,37.34174,-76.74504,405,21277
9_2577001_2576942,37.34183,-76.74494,406,21290
9_2577001_2576942,37.34193,-76.74481,407,21306
9_2577001_2576942,37.34203,-76.74467,408,21323
9_2577001_2576942,37.34215,-76.74449,409,21343
9_2577001_2576942,37.34232,-76.74418,410,21377
9_2577001_2576942,37.34241,-76.74397,411,21398
9_2577001_2576942,37.34247,-76.74382,412,21413
9_2577001_2576942,37.34255,-76.74345,413,21447
9_2577001_2576942,37.34267,-76.74292,414,21495
9_2577001_2576942,37.34271,-76.74279,415,21508
9_2577001_2576942,37.34275,-76.74269,416,21518
9_2577001_2576942,37.3428,-76.74259,417,21528
9_2577001_2576942,37.34289,-76.74248,418,21542
9_2577001_2576942,37.34297,-76.74239,419,21554
9_2577001_2576942,37.34308,-76.74229,420,21569
9_2577001_2576942,37.34314,-76.74223,421,21578
9_2577001_2576942,37.34318,-76.74215,422,21586
9_2577001_2576942,37.34321,-76.74209,423,21592
9_2577001_2576942,37.34323,-76.74201,424,21600
9_2577001_2576942,37.34323,-76.74194,425,21606
9_2577001_2576942,37.34322,-76.74189,426,21610
9_2577001_2576942,37.34319,-76.74179,427,21620
9_2577001_2576942,37.3431,-76.74163,428,21637
9_2577001_2576942,37.34295,-76.74128,429,21672
9_2577001_2576942,37.34292,-76.74124,430,21677
9_2577001_2576942,37.3428,-76.74105,431,21699
9_2577001_2576942,37.34275,-76.74098,432,21707
9_2577001_2576942,37.3426,-76.74074,433,21734
9_2577001_2576942,37.34241,-76.74045,434,21767
9_2577001_2576942,37.34235,-76.74036,435,21778
9_2577001_2576942,37.34216,-76.74011,436,21808
9_2577001_2576942,37.34212,-76.74006,437,21815
9_2577001_2576942,37.34208,-76.74002,438,21820
9_2577001_2576942,37.342,-76.73995,439,21831
9_2577001_2576942,37.34197,-76.7399,440,21837
9_2577001_2576942,37.34206,-76.73979,441,21851
9_2577001_2576942,37.34224,-76.73963,442,21875
9_2577001_2576942,37.34225,-76.73962,443,21877
9_2577001_2576942,37.34236,-76.73952,444,21892
9_2577001_2576942,37.34249,-76.73943,445,21908
9_2577001_2576942,37.34253,-76.73941,446,21913
9_2577001_2576942,37.34263,-76.73935,447,21925
9_2577001_2576942,37.34274,-76.7393,448,21938
9_2577001_2576942,37.34288,-76.73926,449,21954
9_2577001_2576942,37.34291,-76.73926,450,21957
9_2577001_2576942,37.34302,-76.73924,451,21970
9_2577001_2576942,37.34316,-76.73924,452,21985
9_2577001_2576942,37.3432,-76.73925,453,21990
9_2577001_2576942,37.34325,-76.73925,454,21995
9_2577001_2576942,37.34333,-76.73927,455,22004
9_2577001_2576942,37.34341,-76.73929,456,22013
9_2577001_2576942,37.34354,-76.73934,457,22029
9_2577001_2576942,37.34369,-76.73942,458,22047
9_2577001_2576942,37.34381,-76.73951,459,22062
9_2577001_2576942,37.34383,-76.73953,460,22065
9_2577001_2576942,37.34393,-76.73962,461,22079
9_2577001_2576942,37.34396,-76.73965,462,22083
9_2577001_2576942,37.344,-76.7397,463,22089
9_2577001_2576942,37.34404,-76.73975,464,22095
9_2577001_2576942,37.34414,-76.73988,465,22111
9_2577001_2576942,37.34421,-76.74,466,22125
9_2577001_2576942,37.34431,-76.74015,467,22142
9_2577001_2576942,37.34443,-76.74029,468,22160
9_2577001_2576942,37.34452,-76.74037,469,22172
9_2577001_2576942,37.3447,-76.74048,470,22195
9_2577001_2576942,37.3448,-76.74053,471,22207
9_2577001_2576942,37.34492,-76.74057,472,22220
9_2577001_2576942,37.34493,-76.74057,473,22221
9_2577001_2576942,37.34502,-76.7406,474,22232
9_2577001_2576942,37.34517,-76.74062,475,22249
9_2577001_2576942,37.34532,-76.74062,476,22265
9_2577001_2576942,37.34548,-76.74058,477,22283
9_2577001_2576942,37.34554,-76.74056,478,22290
9_2577001_2576942,37.34565,-76.74051,479,22303
9_2577001_2576942,37.34577,-76.74045,480,22318
9_2577001_2576942,37.34593,-76.74034,481,22338
9_2577001_2576942,37.34603,-76.74025,482,22351
9_2577001_2576942,37.34638,-76.7399,483,22401
9_2577001_2576942,37.34658,-76.73971,484,22429
9_2577001_2576942,37.34677,-76.73953,485,22455
9_2577001_2576942,37.34693,-76.73945,486,22475
9_2577001_2576942,37.34663,-76.73899,487,22527
9_2577001_2576942,37.34661,-76.73882,488,22542
9_2577001_2576942,37.34659,-76.73873,489,22551
9_2577001_2576942,37.34658,-76.73812,490,22605
9_2577001_2576942,37.34657,-76.73796,491,22619
9_2577001_2576942,37.346568,-76.737962,492,22619
9_2577001_2576942,37.346546,-76.73732,493,22676
9_2577001_2576942,37.346603,-76.737,494,22705
9_2577001_2576942,37.346786,-76.736885,495,22728
9_2577001_2576942,37.346344,-76.736412,496,22792
9_2577001_2576942,37.344475,-76.736557,497,23000
9_2577001_2576942,37.3445351,-76.7380002,498,23128
8_2577057_2616310,37.26377,-76.70531,0,0
8_2577057_2616310,37.26382,-76.70531,1,6
8_2577057_2616310,37.26387,-76.70529,2,11
8_2577057_2616310,37.26394,-76.70604,3,78
8_2577057_2616310,37.26395,-76.70619,4,92
8_2577057_2616310,37.26427,-76.70615,5,127
8_2577057_2616310,37.26454,-76.70611,6,158
8_2577057_2616310,37.26472,-76.70608,7,178
8_2577057_2616310,37.26488,-76.70606,8,196
8_2577057_2616310,37.26519,-76.706,9,230
8_2577057_2616310,37.26528,-76.70598,10,241
8_2577057_2616310,37.26531,-76.70597,11,244
8_2577057_2616310,37.26553,-76.70593,12,269
8_2577057_2616310,37.26588,-76.70584,13,308
8_2577057_2616310,37.26609,-76.70579,14,332
8_2577057_2616310,37.26615,-76.70578,15,339
8_2577057_2616310,37.26621,-76.70577,16,345
8_2577057_2616310,37.2663,-76.70577,17,355
8_2577057_2616310,37.2664,-76.70577,18,367
8_2577057_2616310,37.26648,-76.70577,19,375
8_2577057_2616310,37.2669,-76.70581,20,422
8_2577057_2616310,37.26697,-76.70582,21,430
8_2577057_2616310,37.26703,-76.70583,22,437
8_2577057_2616310,37.26748,-76.70585,23,487
8_2577057_2616310,37.26751,-76.70585,24,490
8_2577057_2616310,37.26755,-76.70585,25,494
8_2577057_2616310,37.26762,-76.70584,26,502
8_2577057_2616310,37.26767,-76.70583,27,508
8_2577057_2616310,37.26776,-76.70579,28,518
8_2577057_2616310,37.26796,-76.70569,29,542
8_2577057_2616310,37.26801,-76.70566,30,549
8_2577057_2616310,37.26807,-76.70565,31,555
8_2577057_2616310,37.26813,-76.70564,32,562
8_2577057_2616310,37.26821,-76.70563,33,571
8_2577057_2616310,37.26823,-76.70563,34,573
8_2577057_2616310,37.26833,-76.70563,35,584
8_2577057_2616310,37.26848,-76.70563,36,601
8_2577057_2616310,37.26866,-76.70563,37,621
8_2577057_2616310,37.26926,-76.70567,38,687
8_2577057_2616310,37.26961,-76.70569,39,726
8_2577057_2616310,37.26969,-76.7057,40,735
8_2577057_2616310,37.26969,-76.70579,41,743
8_2577057_2616310,37.26967,-76.70627,42,786
8_2577057_2616310,37.26966,-76.70638,43,796
8_2577057_2616310,37.26965,-76.70654,44,810
8_2577057_2616310,37.26962,-76.70724,45,872
8_2577057_2616310,37.26962,-76.70728,46,876
8_2577057_2616310,37.26963,-76.70731,47,879
8_2577057_2616310,37.26964,-76.70733,48,881
8_2577057_2616310,37.26966,-76.70735,49,883
8_2577057_2616310,37.27007,-76.70738,50,929
8_2577057_2616310,37.27014,-76.70739,51,937
8_2577057_2616310,37.27021,-76.70739,52,945
8_2577057_2616310,37.2704,-76.70741,53,966
8_2577057_2616310,37.27061,-76.70742,54,989
8_2577057_2616310,37.27073,-76.70743,55,1002
8_2577057_2616310,37.27067,-76.70752,56,1013
8_2577057_2616310,37.27037,-76.70799,57,1066
8_2577057_2616310,37.27013,-76.70838,58,1110
8_2577057_2616310,37.27005,-76.70854,59,1127
8_2577057_2616310,37.26984,-76.70907,60,1179
8_2577057_2616310,37.26981,-76.70915,61,1187
8_2577057_2616310,37.26975,-76.70929,62,1201
8_2577057_2616310,37.26962,-76.7096,63,1232
8_2577057_2616310,37.26918,-76.7107,64,1341
8_2577057_2616310,37.26892,-76.71134,65,1405
8_2577057_2616310,37.26874,-76.71179,66,1449
8_2577057_2616310,37.26872,-76.71184,67,1454
8_2577057_2616310,37.26842,-76.71258,68,1528
8_2577057_2616310,37.26839,-76.71263,69,1534
8_2577057_2616310,37.26836,-76.7127,70,1541
8_2577057_2616310,37.26825,-76.71296,71,1567
8_2577057_2616310,37.26803,-76.71341,72,1613
8_2577057_2616310,37.26798,-76.71349,73,1622
8_2577057_2616310,37.2679,-76.71365,74,1639
8_2577057_2616310,37.26777,-76.71391,75,1666
8_2577057_2616310,37.26761,-76.71422,76,1699
8_2577057_2616310,37.26717,-76.7151,77,1791
8_2577057_2616310,37.26714,-76.71516,78,1797
8_2577057_2616310,37.26706,-76.71532,79,1814
8_2577057_2616310,37.26699,-76.71546,80,1829
8_2577057_2616310,37.26695,-76.71553,81,1836
8_2577057_2616310,37.2668,-76.71585,82,1869
8_2577057_2616310,37.26662,-76.71618,83,1905
8_2577057_2616310,37.26661,-76.71621,84,1908
8_2577057_2616310,37.26645,-76.71653,85,1941
8_2577057_2616310,37.2663,-76.71683,86,1973
8_2577057_2616310,37.26587,-76.71768,87,2062
8_2577057_2616310,37.2661,-76.7177,88,2087
8_2577057_2616310,37.26627,-76.7177,89,2106
8_2577057_2616310,37.26648,-76.71771,90,2130
8_2577057_2616310,37.26654,-76.7177,91,2136
8_2577057_2616310,37.26674,-76.7177,92,2158
8_2577057_2616310,37.26735,-76.7177,93,2226
8_2577057_2616310,37.26775,-76.71771,94,2271
8_2577057_2616310,37.26777,-76.7177,95,2273
8_2577057_2616310,37.26788,-76.7177,96,2285
8_2577057_2616310,37.26804,-76.71771,97,2303
8_2577057_2616310,37.26812,-76.71771,98,2312
8_2577057_2616310,37.26833,-76.71771,99,2335
8_2577057_2616310,37.26837,-76.71772,100,2340
8_2577057_2616310,37.26843,-76.71772,101,2346
8_2577057_2616310,37.26851,-76.71773,102,2355
8_2577057_2616310,37.26858,-76.71773,103,2363
8_2577057_2616310,37.26862,-76.71773,104,2367
8_2577057_2616310,37.26866,-76.71773,105,2372
8_2577057_2616310,37.26873,-76.71773,106,2380
8_2577057_2616310,37.26881,-76.71772,107,2389
8_2577057_2616310,37.26884,-76.71772,108,2392
8_2577057_2616310,37.26888,-76.71771,109,2396
8_2577057_2616310,37.26892,-76.71771,110,2401
8_2577057_2616310,37.26896,-76.7177,111,2405
8_2577057_2616310,37.26899,-76.71769,112,2409
8_2577057_2616310,37.26903,-76.71769,113,2413
8_2577057_2616310,37.26907,-76.71768,114,2418
8_2577057_2616310,37.2691,-76.71767,115,2421
8_2577057_2616310,37.26914,-76.71766,116,2426
8_2577057_2616310,37.26916,-76.71765,117,2428
8_2577057_2616310,37.26931,-76.71786,118,2453
8_2577057_2616310,37.26934,-76.7179,119,2458
8_2577057_2616310,37.26934,-76.71791,120,2459
8_2577057_2616310,37.26952,-76.71817,121,2489
8_2577057_2616310,37.26958,-76.71825,122,2499
8_2577057_2616310,37.26964,-76.71834,123,2510
8_2577057_2616310,37.2697,-76.71842,124,2519
8_2577057_2616310,37.26976,-76.71851,125,2530
8_2577057_2616310,37.26983,-76.71859,126,2540
8_2577057_2616310,37.26986,-76.71863,127,2545
8_2577057_2616310,37.26989,-76.71867,128,2550
8_2577057_2616310,37.26995,-76.71875,129,2560
8_2577057_2616310,37.27001,-76.71883,130,2569
8_2577057_2616310,37.2701,-76.71894,131,2583
8_2577057_2616310,37.27012,-76.71897,132,2587
8_2577057_2616310,37.27013,-76.71897,133,2588
8_2577057_2616310,37.27016,-76.71902,134,2593
8_2577057_2616310,37.27021,-76.71906,135,2600
8_2577057_2616310,37.27023,-76.71909,136,2603
8_2577057_2616310,37.27026,-76.71911,137,2607
8_2577057_2616310,37.2703,-76.71915,138,2613
8_2577057_2616310,37.27033,-76.71917,139,2617
8_2577057_2616310,37.27035,-76.71919,140,2620
8_2577057_2616310,37.2704,-76.71923,141,2626
8_2577057_2616310,37.27043,-76.71925,142,2630
8_2577057_2616310,37.27045,-76.71926,143,2632
8_2577057_2616310,37.27051,-76.7193,144,2640
8_2577057_2616310,37.27056,-76.71933,145,2646
8_2577057_2616310,37.27061,-76.71936,146,2652
8_2577057_2616310,37.27064,-76.71937,147,2656
8_2577057_2616310,37.2707,-76.71939,148,2662
8_2577057_2616310,37.27072,-76.71941,149,2665
8_2577057_2616310,37.27078,-76.71943,150,2672
8_2577057_2616310,37.27084,-76.71945,151,2679
8_2577057_2616310,37.27086,-76.71945,152,2681
8_2577057_2616310,37.27089,-76.71946,153,2685
8_2577057_2616310,37.27092,-76.71947,154,2688
8_2577057_2616310,37.27098,-76.71948,155,2695
8_2577057_2616310,37.27101,-76.71949,156,2698
8_2577057_2616310,37.27107,-76.7195,157,2705
8_2577057_2616310,37.27112,-76.7195,158,2711
8_2577057_2616310,37.27118,-76.7195,159,2717
8_2577057_2616310,37.27124,-76.7195,160,2724
8_2577057_2616310,37.2713,-76.7195,161,2731
8_2577057_2616310,37.27133,-76.7195,162,2734
8_2577057_2616310,37.27139,-76.71949,163,2741
8_2577057_2616310,37.27142,-76.71949,164,2744
8_2577057_2616310,37.27147,-76.71948,165,2750
8_2577057_2616310,37.27154,-76.71946,166,2758
8_2577057_2616310,37.27159,-76.71945,167,2763
8_2577057_2616310,37.27162,-76.71944,168,2767
8_2577057_2616310,37.27165,-76.71943,169,2770
8_2577057_2616310,37.27168,-76.71942,170,2774
8_2577057_2616310,37.2717,-76.71941,171,2776
8_2577057_2616310,37.27173,-76.7194,172,2779
8_2577057_2616310,37.27177,-76.71938,173,2784
8_2577057_2616310,37.27181,-76.71936,174,2789
8_2577057_2616310,37.27184,-76.71935,175,2792
8_2577057_2616310,37.27187,-76.71933,176,2796
8_2577057_2616310,37.2719,-76.71932,177,2800
8_2577057_2616310,37.27192,-76.7193,178,2802
8_2577057_2616310,37.27195,-76.71929,179,2806
8_2577057_2616310,37.27197,-76.71927,180,2809
8_2577057_2616310,37.27204,-76.71923,181,2817
8_2577057_2616310,37.27207,-76.71921,182,2821
8_2577057_2616310,37.27254,-76.71892,183,2879
8_2577057_2616310,37.27284,-76.71874,184,2916
8_2577057_2616310,37.27301,-76.71864,185,2937
8_2577057_2616310,37.27307,-76.71861,186,2944
8_2577057_2616310,37.27309,-76.7186,187,2947
8_2577057_2616310,37.27312,-76.71859,188,2950
8_2577057_2616310,37.27315,-76.71858,189,2953
8_2577057_2616310,37.27318,-76.71857,190,2957
8_2577057_2616310,37.27321,-76.71856,191,2960
8_2577057_2616310,37.27324,-76.71855,192,2964
8_2577057_2616310,37.27327,-76.71854,193,2967
8_2577057_2616310,37.2733,-76.71854,194,2971
8_2577057_2616310,37.27333,-76.71853,195,2974
8_2577057_2616310,37.27336,-76.71853,196,2977
8_2577057_2616310,37.27339,-76.71852,197,2981
8_2577057_2616310,37.27342,-76.71852,198,2984
8_2577057_2616310,37.27344,-76.71852,199,2986
8_2577057_2616310,37.27348,-76.71851,200,2991
8_2577057_2616310,37.27351,-76.71851,201,2994
8_2577057_2616310,37.27354,-76.71851,202,2997
8_2577057_2616310,37.27357,-76.71851,203,3001
8_2577057_2616310,37.2736,-76.71851,204,3004
8_2577057_2616310,37.27362,-76.71852,205,3007
8_2577057_2616310,37.27365,-76.71852,206,3010
8_2577057_2616310,37.27368,-76.71852,207,3013
8_2577057_2616310,37.27371,-76.71853,208,3017
8_2577057_2616310,37.27373,-76.71853,209,3019
8_2577057_2616310,37.27376,-76.71854,210,3022
8_2577057_2616310,37.27382,-76.71855,211,3029
8_2577057_2616310,37.27384,-76.71856,212,3031
8_2577057_2616310,37.2739,-76.71857,213,3038
8_2577057_2616310,37.27393,-76.71858,214,3042
8_2577057_2616310,37.27395,-76.71859,215,3044
8_2577057_2616310,37.27398,-76.7186,216,3047
8_2577057_2616310,37.27401,-76.71862,217,3051
8_2577057_2616310,37.27429,-76.71873,218,3084
8_2577057_2616310,37.27465,-76.71887,219,3126
8_2577057_2616310,37.27466,-76.71896,220,3134
8_2577057_2616310,37.27466,-76.71916,221,3151
8_2577057_2616310,37.27468,-76.71936,222,3169
8_2577057_2616310,37.27468,-76.71937,223,3170
8_2577057_2616310,37.27468,-76.71951,224,3183
8_2577057_2616310,37.2747,-76.7197,225,3200
8_2577057_2616310,37.2747,-76.71976,226,3205
8_2577057_2616310,37.27471,-76.71992,227,3219
8_2577057_2616310,37.27471,-76.72001,228,3227
8_2577057_2616310,37.27472,-76.72013,229,3238
8_2577057_2616310,37.27473,-76.72035,230,3257
8_2577057_2616310,37.27473,-76.72044,231,3265
8_2577057_2616310,37.27474,-76.72055,232,3275
8_2577057_2616310,37.27478,-76.72112,233,3326
8_2577057_2616310,37.2748,-76.72145,234,3355
8_2577057_2616310,37.27481,-76.72148,235,3358
8_2577057_2616310,37.27486,-76.72189,236,3395
8_2577057_2616310,37.27493,-76.72224,237,3427
8_2577057_2616310,37.275,-76.72253,238,3454
8_2577057_2616310,37.27508,-76.7228,239,3479
8_2577057_2616310,37.27519,-76.72308,240,3507
8_2577057_2616310,37.27531,-76.72336,241,3535
8_2577057_2616310,37.2754,-76.72355,242,3555
8_2577057_2616310,37.27554,-76.72381,243,3583
8_2577057_2616310,37.27575,-76.72411,244,3618
8_2577057_2616310,37.27603,-76.72448,245,3663
8_2577057_2616310,37.27631,-76.7248,246,3705
8_2577057_2616310,37.27641,-76.7249,247,3719
8_2577057_2616310,37.27674,-76.72515,248,3762
8_2577057_2616310,37.277,-76.72532,249,3795
8_2577057_2616310,37.27719,-76.72542,250,3818
8_2577057_2616310,37.27757,-76.72562,251,3863
8_2577057_2616310,37.27891,-76.72627,252,4023
8_2577057_2616310,37.2791,-76.72636,253,4045
8_2577057_2616310,37.27946,-76.72568,254,4118
8_2577057_2616310,37.27971,-76.72522,255,4167
8_2577057_2616310,37.27967,-76.72514,256,4175
8_2577057_2616310,37.27959,-76.725,257,4191
8_2577057_2616310,37.27946,-76.72473,258,4219
8_2577057_2616310,37.27942,-76.72467,259,4226
8_2577057_2616310,37.2794,-76.72465,260,4228
8_2577057_2616310,37.27938,-76.72462,261,4232
8_2577057_2616310,37.27934,-76.72457,262,4238
8_2577057_2616310,37.27926,-76.7245,263,4249
8_2577057_2616310,37.27918,-76.72447,264,4258
8_2577057_2616310,37.27897,-76.7244,265,4282
8_2577057_2616310,37.27889,-76.72437,266,4292
8_2577057_2616310,37.2788,-76.72432,267,4303
8_2577057_2616310,37.27871,-76.72426,268,4314
8_2577057_2616310,37.27866,-76.72419,269,4322
8_2577057_2616310,37.27861,-76.7241,270,4332
8_2577057_2616310,37.2786,-76.72406,271,4336
8_2577057_2616310,37.27858,-76.72401,272,4341
8_2577057_2616310,37.27857,-76.72398,273,4343
8_2577057_2616310,37.27857,-76.72396,274,4345
8_2577057_2616310,37.27856,-76.72395,275,4347
8_2577057_2616310,37.27856,-76.7239,276,4351
8_2577057_2616310,37.27856,-76.7238,277,4360
8_2577057_2616310,37.27857,-76.72369,278,4370
8_2577057_2616310,37.27859,-76.72358,279,4380
8_2577057_2616310,37.27861,-76.72346,280,4391
8_2577057_2616310,37.2786102,-76.7234588,281,4391
8_2616310_2577057,37.2786096,-76.7234636,0,0
8_2616310_2577057,37.27861,-76.72346,1,0
8_2616310_2577057,37.27865,-76.72326,2,19
8_2616310_2577057,37.27865,-76.72318,3,26
8_2616310_2577057,37.27865,-76.72312,4,31
8_2616310_2577057,37.27864,-76.72305,5,37
8_2616310_2577057,37.27862,-76.72298,6,44
8_2616310_2577057,37.2786,-76.72292,7,50
8_2616310_2577057,37.27856,-76.72287,8,56
8_2616310_2577057,37.27844,-76.72273,9,74
8_2616310_2577057,37.27839,-76.72269,10,81
8_2616310_2577057,37.27859,-76.72239,11,115
8_2616310_2577057,37.27873,-76.72218,12,140
8_2616310_2577057,37.27881,-76.72206,13,154
8_2616310_2577057,37.27888,-76.722,14,163
8_2616310_2577057,37.27912,-76.72227,15,199
8_2616310_2577057,37.27936,-76.72254,16,235
8_2616310_2577057,37.27945,-76.72265,17,249
8_2616310_2577057,37.27962,-76.72283,18,273
8_2616310_2577057,37.27973,-76.72294,19,289
8_2616310_2577057,37.27982,-76.72304,20,302
8_2616310_2577057,37.28001,-76.72319,21,327
8_2616310_2577057,37.28013,-76.72329,22,343
8_2616310_2577057,37.28015,-76.72331,23,346
8_2616310_2577057,37.28028,-76.72342,24,363
8_2616310_2577057,37.28046,-76.72356,25,387
8_2616310_2577057,37.28052,-76.72361,26,395
8_2616310_2577057,37.28068,-76.7233,27,428
8_2616310_2577057,37.28083,-76.723,28,459
8_2616310_2577057,37.28091,-76.72285,29,475
8_2616310_2577057,37.28097,-76.72273,30,488
8_2616310_2577057,37.28102,-76.72262,31,499
8_2616310_2577057,37.2812,-76.72227,32,536
8_2616310_2577057,37.28143,-76.72183,33,582
8_2616310_2577057,37.28144,-76.72181,34,584
8_2616310_2577057,37.28152,-76.72165,35,601
8_2616310_2577057,37.28178,-76.72112,36,656
8_2616310_2577057,37.28192,-76.72086,37,684
8_2616310_2577057,37.28211,-76.72046,38,725
8_2616310_2577057,37.28224,-76.72021,39,752
8_2616310_2577057,37.28234,-76.72,40,773
8_2616310_2577057,37.28241,-76.71986,41,788
8_2616310_2577057,37.28246,-76.71973,42,801
8_2616310_2577057,37.28249,-76.71964,43,810
8_2616310_2577057,37.28253,-76.71953,44,820
8_2616310_2577057,37.28241,-76.71947,45,835
8_2616310_2577057,37.28231,-76.71943,46,846
8_2616310_2577057,37.2823,-76.71942,47,848
8_2616310_2577057,37.28202,-76.7193,48,881
8_2616310_2577057,37.28189,-76.71924,49,896
8_2616310_2577057,37.28172,-76.71916,50,916
8_2616310_2577057,37.28139,-76.719,51,955
8_2616310_2577057,37.2811,-76.71887,52,990
8_2616310_2577057,37.28086,-76.71872,53,1019
8_2616310_2577057,37.28082,-76.71869,54,1024
8_2616310_2577057,37.28078,-76.71866,55,1030
8_2616310_2577057,37.28065,-76.71856,56,1047
8_2616310_2577057,37.28032,-76.71821,57,1095
8_2616310_2577057,37.28005,-76.71794,58,1133
8_2616310_2577057,37.27982,-76.7177,59,1166
8_2616310_2577057,37.27977,-76.71766,60,1173
8_2616310_2577057,37.27951,-76.7174,61,1210
8_2616310_2577057,37.27924,-76.7171,62,1250
8_2616310_2577057,37.27893,-76.71684,63,1291
8_2616310_2577057,37.27869,-76.71663,64,1324
8_2616310_2577057,37.27864,-76.71659,65,1330
8_2616310_2577057,37.27835,-76.71639,66,1367
8_2616310_2577057,37.27832,-76.71637,67,1371
8_2616310_2577057,37.27826,-76.71633,68,1378
8_2616310_2577057,37.27792,-76.71615,69,1419
8_2616310_2577057,37.27784,-76.71611,70,1429
8_2616310_2577057,37.27771,-76.71651,71,1467
8_2616310_2577057,37.27751,-76.7171,72,1524
8_2616310_2577057,37.27742,-76.71737,73,1550
8_2616310_2577057,37.2774,-76.71743,74,1556
8_2616310_2577057,37.27716,-76.71813,75,1623
8_2616310_2577057,37.27705,-76.71847,76,1656
8_2616310_2577057,37.27702,-76.71857,77,1665
8_2616310_2577057,37.27692,-76.71884,78,1692
8_2616310_2577057,37.27684,-76.71908,79,1715
8_2616310_2577057,37.27679,-76.71918,80,1725
8_2616310_2577057,37.27675,-76.71927,81,1734
8_2616310_2577057,37.27673,-76.71931,82,1738
8_2616310_2577057,37.27666,-76.71943,83,1752
8_2616310_2577057,37.27659,-76.71956,84,1766
8_2616310_2577057,37.27651,-76.71967,85,1779
8_2616310_2577057,37.27643,-76.71978,86,1792
8_2616310_2577057,37.27633,-76.71988,87,1806
8_2616310_2577057,37.27624,-76.71998,88,1819
8_2616310_2577057,37.27614,-76.72007,89,1833
8_2616310_2577057,37.27604,-76.72015,90,1846
8_2616310_2577057,37.27601,-76.72016,91,1850
8_2616310_2577057,37.27597,-76.72019,92,1855
8_2616310_2577057,37.27586,-76.72026,93,1869
8_2616310_2577057,37.27574,-76.72033,94,1883
8_2616310_2577057,37.27562,-76.72038,95,1897
8_2616310_2577057,37.2755,-76.72043,96,1911
8_2616310_2577057,37.27538,-76.72047,97,1925
8_2616310_2577057,37.27525,-76.7205,98,1940
8_2616310_2577057,37.2752,-76.72051,99,1945
8_2616310_2577057,37.27474,-76.72055,100,1997
8_2616310_2577057,37.27473,-76.72044,101,2006
8_2616310_2577057,37.27473,-76.72035,102,2014
8_2616310_2577057,37.27472,-76.72013,103,2034
8_2616310_2577057,37.27471,-76.72001,104,2045
8_2616310_2577057,37.27471,-76.71992,105,2053
8_2616310_2577057,37.2747,-76.71976,106,2067
8_2616310_2577057,37.2747,-76.7197,107,2072
8_2616310_2577057,37.27468,-76.71951,108,2089
8_2616310_2577057,37.27468,-76.71937,109,2102
8_2616310_2577057,37.27468,-76.71936,110,2102
8_2616310_2577057,37.27466,-76.71916,111,2120
8_2616310_2577057,37.27466,-76.71896,112,2138
8_2616310_2577057,37.27465,-76.71887,113,2146
8_2616310_2577057,37.27429,-76.71873,114,2188
8_2616310_2577057,37.27401,-76.71862,115,2221
8_2616310_2577057,37.27398,-76.7186,116,2224
8_2616310_2577057,37.27395,-76.71859,117,2228
8_2616310_2577057,37.27393,-76.71858,118,2230
8_2616310_2577057,37.2739,-76.71857,119,2234
8_2616310_2577057,37.27384,-76.71856,120,2240
8_2616310_2577057,37.27382,-76.71855,121,2243
8_2616310_2577057,37.27376,-76.71854,122,2249
8_2616310_2577057,37.27373,-76.71853,123,2253
8_2616310_2577057,37.27371,-76.71853,124,2255
8_2616310_2577057,37.27368,-76.71852,125,2259
8_2616310_2577057,37.27365,-76.71852,126,2262
8_2616310_2577057,37.27362,-76.71852,127,2265
8_2616310_2577057,37.2736,-76.71851,128,2268
8_2616310_2577057,37.27357,-76.71851,129,2271
8_2616310_2577057,37.27354,-76.71851,130,2274
8_2616310_2577057,37.27351,-76.71851,131,2278
8_2616310_2577057,37.27348,-76.71851,132,2281
8_2616310_2577057,37.27344,-76.71852,133,2285
8_2616310_2577057,37.27342,-76.71852,134,2288
8_2616310_2577057,37.27339,-76.71852,135,2291
8_2616310_2577057,37.27336,-76.71853,136,2294
8_2616310_2577057,37.27333,-76.71853,137,2298
8_2616310_2577057,37.2733,-76.71854,138,2301
8_2616310_2577057,37.27327,-76.71854,139,2305
8_2616310_2577057,37.27324,-76.71855,140,2308
8_2616310_2577057,37.27321,-76.71856,141,2311
8_2616310_2577057,37.27318,-76.71857,142,2315
8_2616310_2577057,37.27315,-76.71858,143,2318
8_2616310_2577057,37.27312,-76.71859,144,2322
8_2616310_2577057,37.27309,-76.7186,145,2325
8_2616310_2577057,37.27307,-76.71861,146,2328
8_2616310_2577057,37.27301,-76.71864,147,2335
8_2616310_2577057,37.27284,-76.71874,148,2356
8_2616310_2577057,37.27254,-76.71892,149,2393
8_2616310_2577057,37.27207,-76.71921,150,2451
8_2616310_2577057,37.27204,-76.71923,151,2454
8_2616310_2577057,37.27197,-76.71927,152,2463
8_2616310_2577057,37.27195,-76.71929,153,2466
8_2616310_2577057,37.27192,-76.7193,154,2469
8_2616310_2577057,37.2719,-76.71932,155,2472
8_2616310_2577057,37.27187,-76.71933,156,2476
8_2616310_2577057,37.27184,-76.71935,157,2479
8_2616310_2577057,37.27181,-76.71936,158,2483
8_2616310_2577057,37.27177,-76.71938,159,2488
8_2616310_2577057,37.27173,-76.7194,160,2492
8_2616310_2577057,37.2717,-76.71941,161,2496
8_2616310_2577057,37.27168,-76.71942,162,2498
8_2616310_2577057,37.27165,-76.71943,163,2502
8_2616310_2577057,37.27162,-76.71944,164,2505
8_2616310_2577057,37.27159,-76.71945,165,2509
8_2616310_2577057,37.27154,-76.71946,166,2514
8_2616310_2577057,37.27147,-76.71948,167,2522
8_2616310_2577057,37.27142,-76.71949,168,2528
8_2616310_2577057,37.27139,-76.71949,169,2531
8_2616310_2577057,37.27133,-76.7195,170,2538
8_2616310_2577057,37.2713,-76.7195,171,2541
8_2616310_2577057,37.27124,-76.7195,172,2548
8_2616310_2577057,37.27118,-76.7195,173,2554
8_2616310_2577057,37.27112,-76.7195,174,2561
8_2616310_2577057,37.27107,-76.7195,175,2567
8_2616310_2577057,37.27101,-76.71949,176,2573
8_2616310_2577057,37.27098,-76.71948,177,2577
8_2616310_2577057,37.27092,-76.71947,178,2584
8_2616310_2577057,37.27089,-76.71946,179,2587
8_2616310_2577057,37.27086,-76.71945,180,2590
8_2616310_2577057,37.27084,-76.71945,181,2593
8_2616310_2577057,37.27078,-76.71943,182,2600
8_2616310_2577057,37.27072,-76.71941,183,2606
8_2616310_2577057,37.2707,-76.71939,184,2609
8_2616310_2577057,37.27064,-76.71937,185,2616
8_2616310_2577057,37.27061,-76.71936,186,2620
8_2616310_2577057,37.27056,-76.71933,187,2626
8_2616310_2577057,37.27051,-76.7193,188,2632
8_2616310_2577057,37.27045,-76.71926,189,2639
8_2616310_2577057,37.27043,-76.71925,190,2642
8_2616310_2577057,37.2704,-76.71923,191,2646
8_2616310_2577057,37.27035,-76.71919,192,2652
8_2616310_2577057,37.27033,-76.71917,193,2655
8_2616310_2577057,37.2703,-76.71915,194,2659
8_2616310_2577057,37.27026,-76.71911,195,2664
8_2616310_2577057,37.27023,-76.71909,196,2668
8_2616310_2577057,37.27021,-76.71906,197,2672
8_2616310_2577057,37.27016,-76.71902,198,2678
8_2616310_2577057,37.27013,-76.71897,199,2684
8_2616310_2577057,37.27012,-76.71897,200,2685
8_2616310_2577057,37.2701,-76.71894,201,2688
8_2616310_2577057,37.27001,-76.71883,202,2702
8_2616310_2577057,37.26995,-76.71875,203,2712
8_2616310_2577057,37.26989,-76.71867,204,2722
8_2616310_2577057,37.26986,-76.71863,205,2727
8_2616310_2577057,37.26983,-76.71859,206,2732
8_2616310_2577057,37.26976,-76.71851,207,2742
8_2616310_2577057,37.2697,-76.71842,208,2752
8_2616310_2577057,37.26964,-76.71834,209,2762
8_2616310_2577057,37.26958,-76.71825,210,2773
8_2616310_2577057,37.26952,-76.71817,211,2782
8_2616310_2577057,37.26934,-76.71791,212,2813
8_2616310_2577057,37.26934,-76.7179,213,2814
8_2616310_2577057,37.26931,-76.71786,214,2819
8_2616310_2577057,37.26916,-76.71765,215,2844
8_2616310_2577057,37.26914,-76.71766,216,2846
8_2616310_2577057,37.2691,-76.71767,217,2850
8_2616310_2577057,37.26907,-76.71768,218,2854
8_2616310_2577057,37.26903,-76.71769,219,2858
8_2616310_2577057,37.26899,-76.71769,220,2863
8_2616310_2577057,37.26896,-76.7177,221,2866
8_2616310_2577057,37.26892,-76.71771,222,2871
8_2616310_2577057,37.26888,-76.71771,223,2875
8_2616310_2577057,37.26884,-76.71772,224,2880
8_2616310_2577057,37.26881,-76.71772,225,2883
8_2616310_2577057,37.26873,-76.71773,226,2892
8_2616310_2577057,37.26866,-76.71773,227,2900
8_2616310_2577057,37.26862,-76.71773,228,2904
8_2616310_2577057,37.26858,-76.71773,229,2909
8_2616310_2577057,37.26851,-76.71773,230,2917
8_2616310_2577057,37.26843,-76.71772,231,2925
8_2616310_2577057,37.26837,-76.71772,232,2932
8_2616310_2577057,37.26833,-76.71771,233,2937
8_2616310_2577057,37.26812,-76.71771,234,2960
8_2616310_2577057,37.26788,-76.7177,235,2987
8_2616310_2577057,37.26777,-76.7177,236,2999
8_2616310_2577057,37.26775,-76.71771,237,3001
8_2616310_2577057,37.26735,-76.7177,238,3046
8_2616310_2577057,37.26685,-76.7177,239,3101
8_2616310_2577057,37.26674,-76.7177,240,3113
8_2616310_2577057,37.26654,-76.7177,241,3135
8_2616310_2577057,37.26648,-76.71771,242,3142
8_2616310_2577057,37.26627,-76.7177,243,3165
8_2616310_2577057,37.2661,-76.7177,244,3184
8_2616310_2577057,37.26587,-76.71768,245,3210
8_2616310_2577057,37.2663,-76.71683,246,3299
8_2616310_2577057,37.26645,-76.71653,247,3331
8_2616310_2577057,37.26661,-76.71621,248,3364
8_2616310_2577057,37.26662,-76.71618,249,3367
8_2616310_2577057,37.2668,-76.71585,250,3402
8_2616310_2577057,37.26695,-76.71553,251,3435
8_2616310_2577057,37.26699,-76.71546,252,3443
8_2616310_2577057,37.26706,-76.71532,253,3458
8_2616310_2577057,37.26714,-76.71516,254,3474
8_2616310_2577057,37.26717,-76.7151,255,3481
8_2616310_2577057,37.26761,-76.71422,256,3573
8_2616310_2577057,37.26777,-76.71391,257,3605
8_2616310_2577057,37.2679,-76.71365,258,3633
8_2616310_2577057,37.26798,-76.71349,259,3649
8_2616310_2577057,37.26803,-76.71341,260,3658
8_2616310_2577057,37.26825,-76.71296,261,3705
8_2616310_2577057,37.26836,-76.7127,262,3731
8_2616310_2577057,37.26839,-76.71263,263,3738
8_2616310_2577057,37.26842,-76.71258,264,3744
8_2616310_2577057,37.26872,-76.71184,265,3817
8_2616310_2577057,37.26874,-76.71179,266,3822
8_2616310_2577057,37.26892,-76.71134,267,3867
8_2616310_2577057,37.26918,-76.7107,268,3931
8_2616310_2577057,37.26962,-76.7096,269,4040
8_2616310_2577057,37.26975,-76.70929,270,4071
8_2616310_2577057,37.26981,-76.70915,271,4085
8_2616310_2577057,37.26984,-76.70907,272,4093
8_2616310_2577057,37.27005,-76.70854,273,4145
8_2616310_2577057,37.27013,-76.70838,274,4162
8_2616310_2577057,37.27037,-76.70799,275,4206
8_2616310_2577057,37.27039,-76.70781,276,4222
8_2616310_2577057,37.27037,-76.7077,277,4232
8_2616310_2577057,37.27035,-76.70761,278,4240
8_2616310_2577057,37.27031,-76.70753,279,4248
8_2616310_2577057,37.27027,-76.70748,280,4255
8_2616310_2577057,37.27014,-76.70739,281,4271
8_2616310_2577057,37.27007,-76.70738,282,4279
8_2616310_2577057,37.26979,-76.70736,283,4310
8_2616310_2577057,37.26966,-76.70735,284,4324
8_2616310_2577057,37.26955,-76.70734,285,4337
8_2616310_2577057,37.26953,-76.70734,286,4339
8_2616310_2577057,37.26889,-76.7073,287,4410
8_2616310_2577057,37.26841,-76.70726,288,4463
8_2616310_2577057,37.26837,-76.70726,289,4468
8_2616310_2577057,37.2669,-76.70714,290,4631
8_2616310_2577057,37.26694,-76.7064,291,4697
8_2616310_2577057,37.26696,-76.70597,292,4735
8_2616310_2577057,37.26697,-76.70591,293,4741
8_2616310_2577057,37.26697,-76.70582,294,4749
8_2616310_2577057,37.2669,-76.70581,295,4757
8_2616310_2577057,37.26648,-76.70577,296,4803
8_2616310_2577057,37.2664,-76.70577,297,4812
8_2616310_2577057,37.2663,-76.70577,298,4823
8_2616310_2577057,37.26621,-76.70577,299,4833
8_2616310_2577057,37.26615,-76.70578,300,4840
8_2616310_2577057,37.26609,-76.70579,301,4847
8_2616310_2577057,37.26588,-76.70584,302,4870
8_2616310_2577057,37.26553,-76.70593,303,4910
8_2616310_2577057,37.26531,-76.70597,304,4935
8_2616310_2577057,37.26528,-76.70598,305,4938
8_2616310_2577057,37.26519,-76.706,306,4948
8_2616310_2577057,37.26488,-76.70606,307,4983
8_2616310_2577057,37.26472,-76.70608,308,5001
8_2616310_2577057,37.26454,-76.70611,309,5021
8_2616310_2577057,37.26443,-76.70613,310,5033
8_2616310_2577057,37.26427,-76.70615,311,5051
8_2616310_2577057,37.26395,-76.70619,312,5087
8_2616310_2577057,37.2638,-76.7062,313,5104
8_2616310_2577057,37.26323,-76.70626,314,5167
8_2616310_2577057,37.26313,-76.70627,315,5178
8_2616310_2577057,37.26307,-76.70593,316,5209
8_2616310_2577057,37.26306,-76.70586,317,5215
8_2616310_2577057,37.26305,-76.70577,318,5224
8_2616310_2577057,37.26304,-76.70569,319,5231
8_2616310_2577057,37.26305,-76.70561,320,5238
8_2616310_2577057,37.26303,-76.70543,321,5254
8_2616310_2577057,37.26328,-76.70537,322,5282
8_2616310_2577057,37.26338,-76.70537,323,5293
8_2616310_2577057,37.26366,-76.70533,324,5325
8_2616310_2577057,37.2637723,-76.705316,325,5337
